Jahr,Fachgebiet,Meta_Infos,Titel,Teilnehmende,Beschreibung_und_Preise,Link,Jahr_Meta,Fachgebiet_Meta,Bundesland
2025,Physik,2025 | Physik | Thüringen,Analyse des Flettner-Rotors als unterschätzte Alternative zur Nutzung von Windenergie,"Nils Lange, 
									
										Cécile Friedrich, 
									
										Lucas Meier","Nils Lange (18, links), ErfurtStaatliches Gymnasium “Albert Schweitzer” Erfurt
Cécile Friedrich (18, rechts), ErfurtStaatliches Gymnasium “Albert Schweitzer” Erfurt
Lucas Meier (18, Mitte), ErfurtStaatliches Gymnasium “Albert Schweitzer” Erfurt
Preis für eine Arbeit zum Thema ""Ressourceneffizienz""Preisstifter: Bundesminister für Umwelt, Klimaschutz, Naturschutz und nukleare Sicherheit Carsten Schneider, MdB
Analyse des Flettner-Rotors als unterschätzte Alternative zur Nutzung von Windenergie
Windantriebe werden in der Seefahrt wieder interessant. Als Ergänzung zum Motor helfen sie, Kraftstoff und CO2-Emissionen einzusparen. Eine Alternative zum Segel sind dabei Flettner-Rotoren – rotierende Säulen auf dem Schiffsdeck, die Seitenwind in Vortrieb verwandeln. Manche Schiffe sind bereits damit ausgestattet. Nils Lange, Cécile Friedrich und Lucas Meier fragten sich, wie sich die Effizienz eines solchen Rotors steigern lässt. Dazu simulierten sie Luftströmungen am Computer und konstruierten Modelle, die sie im Windkanal testeten. Im Mittelpunkt standen die Deckkappen, die die Rotoren nach oben abschließen. Die drei untersuchten verschiedene Deckelgrößen und -formen. Dabei fanden sie heraus, dass durch eine optimierte Deckkappe zusätzlich zwei Prozent Kraftstoff eingespart werden können.",https://www.jugend-forscht.de/index.php?id=262&tx_smsjufoprojects_smsjufprojectdb%5Bproject%5D=7658&tx_smsjufoprojects_smsjufprojectdb%5Baction%5D=show&tx_smsjufoprojects_smsjufprojectdb%5Bcontroller%5D=Project&cHash=c5c3fc1d8abe8294d55d703b415da19d,2025,Physik,Thüringen
2025,Physik,2025 | Physik | Bayern,Der magnetische Skin-Effekt,"Niklas Brütting, 
									
										Konstantin Heinlein","Niklas Brütting (19, links), KirchehrenbachUniversität Bayreuth
Konstantin Heinlein (18, rechts), PretzfeldUniversität Bayreuth
Gymnasium Fränkische Schweiz, Ebermannstadt
Preis für eine Arbeit auf den Gebieten der Naturwissenschaften und der TechnikPreisstifter: Wilhelm und Else Heraeus-Stiftung
Preis für eine Arbeit auf dem Gebiet Qualitätssicherung durch Zerstörungsfreie PrüfungPreisstifter: Deutsche Gesellschaft für Zerstörungsfreie Prüfung e. V.
Der magnetische Skin-Effekt
In der Physik ist der Skin-Effekt ein bekanntes Phänomen. Danach fließt ein elektrischer Wechselstrom fast nur an der Oberfläche eines Kabels, gleichsam in dessen Haut. Weniger bekannt ist, dass dieser Effekt auch bei Magnetfeldern auftreten kann: Statt tief in ein leitfähiges Material einzudringen, bleibt ein magnetisches Wechselfeld an dessen Oberfläche. Niklas Brütting und Konstantin Heinlein untersuchten den Sachverhalt akribisch. Zum einen erarbeiteten sie sich die theoretischen Grundlagen. Dadurch konnten die Jungforscher den Effekt präzise berechnen. Zum anderen konzipierten sie Versuchsaufbauten, mit denen sich der magnetische Skin-Effekt genau nachmessen ließ. Anhand der Experimente konnten sie zeigen, dass sich auf Basis der Theorie sinnvolle Vorhersagen treffen lassen.",https://www.jugend-forscht.de/index.php?id=262&tx_smsjufoprojects_smsjufprojectdb%5Bproject%5D=7674&tx_smsjufoprojects_smsjufprojectdb%5Baction%5D=show&tx_smsjufoprojects_smsjufprojectdb%5Bcontroller%5D=Project&cHash=7cc5c1de73ddb3cd3f0d257bd75b5216,2025,Physik,Bayern
2025,Physik,2025 | Physik | Baden-Württemberg,Einstein-Rosen-Brücken sichtbar gemacht: eine physikalische Reise durch Wurmlöcher,Janosch Homolya,"Janosch Homolya (18), Bad SaulgauStörck-Gymnasium, Bad Saulgau
Schülerforschungszentrum Südwürttemberg, Bad Saulgau
Preis für eine Arbeit auf den Gebieten der Naturwissenschaften und der TechnikPreisstifter: Wilhelm und Else Heraeus-Stiftung
Einstein-Rosen-Brücken sichtbar gemacht: eine physikalische Reise durch Wurmlöcher
Wurmlöcher sind beliebte Objekte in der Science-Fiction. Kein Wunder, denn durch sie könnten Raumschiffe in Sekunden zu fernen Galaxien reisen. Laut Einsteins Allgemeiner Relativitätstheorie wären Wurmlöcher sogar real möglich – vorausgesetzt es würde gelingen, die Raumzeit extrem zu krümmen und zu verzerren. Mithilfe einer selbst geschriebenen Software schickte Janosch Homolya eine virtuelle Kamera durch die gekrümmte Raumzeit und stellte Wurmlöcher so dar, wie sie einem hindurchfliegenden Beobachter erscheinen könnten. Dazu berechnete er, wie sich Lichtstrahlen darin bewegen würden und analysierte exotische Phänomene wie die sogenannten Einsteinringe. Das Ergebnis sind spektakuläre Bilder und Filme, die veranschaulichen, wie sich Licht in extremen Raumkrümmungen verhält.",https://www.jugend-forscht.de/index.php?id=262&tx_smsjufoprojects_smsjufprojectdb%5Bproject%5D=7682&tx_smsjufoprojects_smsjufprojectdb%5Baction%5D=show&tx_smsjufoprojects_smsjufprojectdb%5Bcontroller%5D=Project&cHash=d0921867137eb50c539906995cf40ebb,2025,Physik,Baden-Württemberg
2025,Physik,2025 | Physik | Saarland,Flüssigkeitsoszillator nach Seelye Martin,"Paul Klein, 
									
										Collin Dillschneider","Paul Klein (17, rechts), MerzigPeter-Wust-Gymnasium Merzig
Collin Dillschneider (16, links), MerzigPeter-Wust-Gymnasium Merzig
Flüssigkeitsoszillator nach Seelye Martin
1970 entdeckte der Meeresforscher Seelye Martin ein ungewöhnliches Phänomen: Er tauchte eine mit gefärbtem Salzwasser gefüllte Spritze mit der Spitze nach unten in ein Becherglas mit Trinkwasser. Daraufhin floss zunächst farbiges Salzwasser in den Becher hinab. Dann kehrte sich die Fließrichtung um, und Trinkwasser drang nach oben in die Spritze. Paul Klein und Collin Dillschneider wollten wissen, wie diese Wasserschaukel zustande kommt. In systematischen Messreihen variierten sie zum Beispiel die Wassertemperatur und den Salzgehalt. Die beiden stellten unter anderem fest, dass die Fließbewegung nach unten in der Regel deutlich länger dauert als die nach oben. Zudem beeinflussten Dichtedifferenzen und Temperaturunterschiede die Frequenz, mit der die Wasserschaukel hin- und herschwingt.",https://www.jugend-forscht.de/index.php?id=262&tx_smsjufoprojects_smsjufprojectdb%5Bproject%5D=7691&tx_smsjufoprojects_smsjufprojectdb%5Baction%5D=show&tx_smsjufoprojects_smsjufprojectdb%5Bcontroller%5D=Project&cHash=981e593627e18b16cdf8afc11bb18b63,2025,Physik,Saarland
2025,Physik,2025 | Physik | Nordrhein-Westfalen,Lato Lato – Physik eines Kinderspielzeuges,Stella Isabel Sipeki,"Stella Isabel Sipeki (17), SolymárDeutsche Schule Budapest
Lato Lato – Physik eines Kinderspielzeuges
Lato Lato ist ein Spiel aus Südostasien. In den 1970er Jahren war es in Deutschland als „Klick-Klack-Kugeln“ angesagt. Es besteht aus zwei Kugeln, die an den Enden zweier Fäden befestigt sind. Der Punkt, an dem die Fäden zusammenlaufen, wird mit den Fingern gehalten. Ziel ist es, die Kugeln so geschickt in Schwingung zu versetzen, dass sie unten wie oben rhythmisch gegeneinanderschlagen. Stella Isabel Sipeki untersuchte, welchen Gesetzmäßigkeiten das Spiel folgt. Dazu entwickelte sie einen Versuchsaufbau, mit dem sich die Bewegungen der Kugeln per Kamera und Handymikrofon präzise aufnehmen und analysieren lassen.  Zudem erstellte sie eine Gleichung, die die Bewegung des Lato Latos beschreibt, mit der sie das Verhalten des Pendels für bestimmte Ausgangsparameter numerisch simulieren kann.",https://www.jugend-forscht.de/index.php?id=262&tx_smsjufoprojects_smsjufprojectdb%5Bproject%5D=7707&tx_smsjufoprojects_smsjufprojectdb%5Baction%5D=show&tx_smsjufoprojects_smsjufprojectdb%5Bcontroller%5D=Project&cHash=ff76d87efc5bf1241cf4ca283fdd4030,2025,Physik,Nordrhein-Westfalen
2025,Physik,2025 | Physik | Sachsen-Anhalt,Mit Druck zum Erfolg: effiziente Bohrprozesse für die Energie von morgen,Nele Pfeiffer,"Nele Pfeiffer (17), Clausthal-ZellerfeldLandesschule Pforta, Naumburg
Technische Universität Clausthal
Mit Druck zum Erfolg: effiziente Bohrprozesse für die Energie von morgen
Um die Erdwärme als klimaneutrale Energiequelle nutzen zu können, müssen teils tiefe Löcher in den Boden gebohrt werden. Nele Pfeiffer wollte wissen, wie das möglichst schnell und effektiv geschehen kann, ohne das Bohrgerät zu stark zu belasten. Mit einer kleinen sogenannten Richtbohranlage untersuchte sie, wie sich der Druck auf den Bohrkopf und die Vorschubgeschwindigkeit gegenseitig beeinflussen. Das Resultat: Mehr Tempo braucht mehr Druck – aber zu viel davon führt zu höherem Verschleiß. Daraufhin entwickelte die Jungforscherin das Konzept für ein Regelsystem. Es passt den Druck automatisch an und kann dadurch den Bohrvorgang beschleunigen. Der neue Regler könnte nicht nur für Geothermiebohrungen interessant sein, sondern auch für die unterirdische Wasserstoffspeicherung.",https://www.jugend-forscht.de/index.php?id=262&tx_smsjufoprojects_smsjufprojectdb%5Bproject%5D=7715&tx_smsjufoprojects_smsjufprojectdb%5Baction%5D=show&tx_smsjufoprojects_smsjufprojectdb%5Bcontroller%5D=Project&cHash=267b5f84d9aef45154bd7fd7266794a4,2025,Physik,Sachsen-Anhalt
2025,Physik,2025 | Physik | Baden-Württemberg,Mpæmba – eine Frage der Unterkühlung,"Nicholas Dahlke, 
									
										Anna Perkovic","Nicholas Dahlke (18), LörrachHans-Thoma-Gymnasium, Lörrach
Anna Perkovic (18), LörrachHans-Thoma-Gymnasium, Lörrach
phaenovum Schülerforschungszentrum Lörrach-Dreiländereck
2. Preis PhysikPreisstifter: Max-Planck-Gesellschaft zur Förderung der Wissenschaften e. V.
Mpæmba – eine Frage der Unterkühlung
Manchmal scheint heißes Wasser schneller zu gefrieren als kaltes. Was hinter diesem sogenannten Mpemba-Effekt steckt und ob es ihn überhaupt gibt, ist nach wie vor eine offene Frage. Um der Antwort näherzukommen, ließen sich Nicholas Dahlke und Anna Perkovic einen aufwendigen Versuchsaufbau einfallen. Er erzeugt heiße Wassertröpfchen, die durch einen Schlauch rinnen und dabei auf eisige Temperaturen abgekühlt werden. Ein Mikroskop mit Kamera beobachtet den Prozess. Eine KI erkennt, ob die Tröpfchen gefroren sind oder nicht. Die Messdaten legen die Vermutung nahe, dass der Mpemba-Effekt maßgeblich von der Temperatur abhängt, auf die die Tröpfchen abgekühlt werden. Je nach Unterkühlungstemperatur tritt das Phänomen unterschiedlich stark auf – oder auch gar nicht.",https://www.jugend-forscht.de/index.php?id=262&tx_smsjufoprojects_smsjufprojectdb%5Bproject%5D=7717&tx_smsjufoprojects_smsjufprojectdb%5Baction%5D=show&tx_smsjufoprojects_smsjufprojectdb%5Bcontroller%5D=Project&cHash=3b948269840ddd8595bf930b6ad95235,2025,Physik,Baden-Württemberg
2025,Physik,2025 | Physik | Berlin,Pfau trifft Regen: Wie Wasser das Farbspiel verändert,"Milena Fehlinger, 
									
										Robin Schulze-Tammena","Milena Fehlinger (15), BerlinHerder-Gymnasium, Berlin
Robin Schulze-Tammena (19), BerlinHumboldt-Universität zu Berlin
Herder-Gymnasium, Berlin
4. Preis PhysikPreisstifter: Max-Planck-Gesellschaft zur Förderung der Wissenschaften e. V.
Pfau trifft Regen: Wie Wasser das Farbspiel verändert
Wenn ein Pfau ein Rad schlägt, bietet sich ein prächtiges Schauspiel – seine Federn schillern in Blau- und Grüntönen. Doch werden die Federn bei einem Regenguss nass, wechseln die Farben zu Orange bis Rostrot. Milena Fehlinger und Robin Schulze-Tammena gingen dem überraschenden Phänomen mit modernen Methoden auf den Grund. Per Spektroskop analysierten sie die Farbzusammensetzung der Federn, ein Rastertunnelmikroskop lieferte Bilder der Mikrostruktur des Pfauengefieders. Dabei bemerkten die beiden gitterartige Strukturen mit faszinierenden optischen Eigenschaften: Manche Farben werden von diesem Gitter verschluckt, andere verstärkt. Dringt Wasser in die Hohlräume der Gitter ein, verändert sich deren Lichtbrechung, wodurch sie plötzlich andere Farben quasi verschlucken.",https://www.jugend-forscht.de/index.php?id=262&tx_smsjufoprojects_smsjufprojectdb%5Bproject%5D=7729&tx_smsjufoprojects_smsjufprojectdb%5Baction%5D=show&tx_smsjufoprojects_smsjufprojectdb%5Bcontroller%5D=Project&cHash=d3a615ccbfb42169271bcbaeaa54eca2,2025,Physik,Berlin
2025,Physik,2025 | Physik | Brandenburg,Simulation von quantenmechanischen Systemen,Vinzent Schultze,"Vinzent Schultze (17), Neu-SeelandMax-Steenbeck-Gymnasium, Cottbus
Simulation von quantenmechanischen Systemen
Vor 100 Jahren stellte der deutsche Physiker Werner Heisenberg eine revolutionäre Theorie vor: Die Quantenmechanik beschreibt die Welt der Atome und Moleküle, ist jedoch ziemlich abstrakt und schwer zu verstehen. So kann sich ein Teilchen unter Umständen wie eine Welle verhalten, und umgekehrt eine Welle wie ein Teilchen. Um diese komplexen Sachverhalte zu veranschaulichen, schrieb Vinzent Schultze eine Software, die die Merkwürdigkeiten der Quantenwelt auf einem Laptop simuliert. Unter anderem lässt sich damit darstellen, wie sich ein Quantenteilchen bildlich gesprochen aus einem Gefängnis befreien kann, indem es seine Mauern regelrecht durchtunnelt. Als Einsatzfeld für seine Software kann sich der Jungforscher den Physikunterricht in der Oberstufe vorstellen.",https://www.jugend-forscht.de/index.php?id=262&tx_smsjufoprojects_smsjufprojectdb%5Bproject%5D=7741&tx_smsjufoprojects_smsjufprojectdb%5Baction%5D=show&tx_smsjufoprojects_smsjufprojectdb%5Bcontroller%5D=Project&cHash=9ff76f68d288b3472646c45bc813e11a,2025,Physik,Brandenburg
2025,Physik,2025 | Physik | Sachsen,Simulationen und Tools zu bioreaktivem Transport,Tobias Pötzsch,"Tobias Pötzsch (18), TauchaGeschwister-Scholl-Gymnasium, Taucha
Preis für eine Arbeit auf dem Gebiet der UmwelttechnikPreisstifter: Deutsche Bundesstiftung Umwelt
Simulationen und Tools zu bioreaktivem Transport
Was geschieht mit Schadstoffen, die ins Grundwasser gelangen? Tobias Pötzsch wollte es genau wissen und verfolgte mit selbst programmierten Softwarewerkzeugen, wie sich bestimmte Schadstoffe im Boden ausbreiten und wie natürliche oder zugesetzte Mikroorganismen sie abbauen können. Dafür durchdrang er nicht nur komplexe Gleichungen, sondern entwickelte auch eigene Computersimulationen, um die Prozesse sichtbar, anschaulich und besser verständlich zu machen. Perspektivisch könnte man damit herausfinden, unter welchen Bedingungen die Mikroorganismen möglichst viele Schadstoffe unschädlich machen und wie sich diese natürlichen Reinigungsprozesse gezielt unterstützen ließen. Dadurch verbindet das Projekt Theorie, numerische Modellierung und angewandten Umweltschutz.",https://www.jugend-forscht.de/index.php?id=262&tx_smsjufoprojects_smsjufprojectdb%5Bproject%5D=7739&tx_smsjufoprojects_smsjufprojectdb%5Baction%5D=show&tx_smsjufoprojects_smsjufprojectdb%5Bcontroller%5D=Project&cHash=8733f7ee5befbdfcfacd0ea467b127a3,2025,Physik,Sachsen
2025,Physik,2025 | Physik | Niedersachsen,Simulationsgestützte parametrisierte Entwicklung eines elektrodenlosen ECR-Ionentriebwerks,Johanna Freya Pluschke,"Johanna Freya Pluschke (18), LüneburgGymnasium Johanneum Lüneburg
Bundessieg1. Preis PhysikPreisstifter: Max-Planck-Gesellschaft zur Förderung der Wissenschaften e. V.
SonderpreisEinladung zum European Union Contest for Young Scientists (EUCYS)Preisstifter: European Commission
Europa-Preis für Teilnehmende am European Union Contest for Young Scientists (EUCYS)Preisstifter: Deutsche Forschungsgemeinschaft e. V.
Simulationsgestützte parametrisierte Entwicklung eines elektrodenlosen ECR-Ionentriebwerks
Nicht nur Autos, auch Raumfahrzeuge können elektrisch angetrieben werden – und zwar mit sogenannten Ionentriebwerken. Deren Kraft reicht zwar nicht, um mit einem Raumschiff von der Erde abzuheben. Aber sie reicht aus, um Satelliten im All mit hoher Effizienz auszurichten und Raumsonden sachte anzuschieben. In ihrem Forschungsprojekt befasste sich Johanna Freya Pluschke mit einem speziellen Triebwerkstyp, der als besonders langlebig gilt. Um ihre Pläne auszuarbeiten, programmierte sie eine aufwendige Computersimulation, die sogar auf Superrechnern läuft. Mit der Software lassen sich einige der zentralen Prozesse eines Ionentriebwerks nachbilden. Unter anderem kann das Programm simulieren, auf welche Weise das Gas, das für den Schub sorgt, ionisiert beziehungsweise elektrisch aufgeladen wird.",https://www.jugend-forscht.de/index.php?id=262&tx_smsjufoprojects_smsjufprojectdb%5Bproject%5D=7740&tx_smsjufoprojects_smsjufprojectdb%5Baction%5D=show&tx_smsjufoprojects_smsjufprojectdb%5Bcontroller%5D=Project&cHash=ce2317986b36390d031920d01e9435cb,2025,Physik,Niedersachsen
2025,Physik,2025 | Physik | Rheinland-Pfalz,Technologie der Pulsröhrenkühlung,"Ben Hibinger, 
									
										Isabel Reese","Ben Hibinger (17), GrünstadtAlbert-Einstein-Gymnasium, Frankenthal
Isabel Reese (19), HessheimAlbert-Einstein-Gymnasium, Frankenthal
SonderpreisForschungsaufenthalt am CERN in der SchweizPreisstifter: Wilhelm und Else Heraeus-Stiftung
Technologie der Pulsröhrenkühlung
Flüssiger Stickstoff findet in Medizin und Technik Verwendung, etwa beim Einfrieren biologischer Proben oder beim Kühlen von Magneten. Doch um das Gas zu verflüssigen, braucht es eine Temperatur von minus 196 Grad Celsius. Die dafür nötigen Anlagen sind teuer und energieintensiv. Ben Hibinger und Isabel Reese wollten eine günstigere Apparatur entwickeln. Dazu nutzen sie das Verfahren der Pulsröhrenkühlung. Es verwendet Schallwellen, um Wärme zu transportieren – eine sehr effiziente Kühlmethode. Die Jungforschenden konstruierten mehrere Prototypen. Dabei kamen ein selbst gebauter Kolbenantrieb, ein Wärmespeicher aus Stahlwolle und ein spezielles Luftleitsystem zum Einsatz. Im Prinzip sollten sich damit Temperaturen schaffen lassen, wie sie zur Stickstoffverflüssigung nötig sind.",https://www.jugend-forscht.de/index.php?id=262&tx_smsjufoprojects_smsjufprojectdb%5Bproject%5D=7751&tx_smsjufoprojects_smsjufprojectdb%5Baction%5D=show&tx_smsjufoprojects_smsjufprojectdb%5Bcontroller%5D=Project&cHash=7b399e9dd194b8b8762483fabad7c615,2025,Physik,Rheinland-Pfalz
2025,Physik,2025 | Physik | Hessen,Untersuchung des Mpemba-Effekts,"Yuanzhen Sun, 
									
										Lucía Laeticia Sol Krause, 
									
										Branko Ivanić","Yuanzhen Sun (19, rechts), Neu-IsenburgGoetheschule Neu-Isenburg
Lucía Laeticia Sol Krause (18, Mitte), Neu-IsenburgGoetheschule Neu-Isenburg
Branko Ivanić (19, links), Neu-IsenburgGoetheschule Neu-Isenburg
5. Preis PhysikPreisstifter: Max-Planck-Gesellschaft zur Förderung der Wissenschaften e. V.
Untersuchung des Mpemba-Effekts
1963 machte der tansanische Schüler Erasto Mpemba eine verblüffende Beobachtung: Er bemerkte, dass in seiner Kühltruhe warmes Wasser schneller zu gefrieren schien als kaltes. Yuanzhen Sun, Lucía Laeticia Sol Krause und Branko Ivanić wollten diesem erstaunlichen Befund auf den Grund gehen. Dazu simulierten sie den Prozess im Computer und entwickelten einen Versuchsaufbau, bei dem sich Wasser unter kontrollierten Bedingungen einfrieren lässt. Dann folgten Messreihen, bei denen Wasserproben bei unterschiedlichen Starttemperaturen abgekühlt wurden – manche waren zu Beginn 90 °C heiß, andere 20 °C. Im Ergebnis fanden sie heraus, dass warmes Wasser gar nicht schneller gefriert als kaltes, wenn die äußeren Bedingungen wirklich identisch sind. Beim Mpemba-Effekt handelt es sich also offenbar nur um ein Scheinphänomen.",https://www.jugend-forscht.de/index.php?id=262&tx_smsjufoprojects_smsjufprojectdb%5Bproject%5D=7757&tx_smsjufoprojects_smsjufprojectdb%5Baction%5D=show&tx_smsjufoprojects_smsjufprojectdb%5Bcontroller%5D=Project&cHash=e211e33a18dce9683b7b8faa94814dfa,2025,Physik,Hessen
2025,Physik,2025 | Physik | Schleswig-Holstein,Untersuchung von Ionenwind-Antrieben für irdische Anwendungen,Leon Sülflohn,"Leon Sülflohn (18), LinauGymnasium Trittau
Schülerforschungszentrum Stormarn am Gymnasium Trittau
SonderpreisStipendium für einen Studienplatz an einer Universität der BundeswehrPreisstifter: Bundesminister der Verteidigung Boris Pistorius, MdB
Untersuchung von Ionenwind-Antrieben für irdische Anwendungen
Bei Satelliten und Raumsonden kommt der Ionenantrieb zum Teil bereits zum Einsatz. Er basiert nicht wie üblich auf Verbrennung, sondern nutzt ein elektrisches Feld, um Gas zu ionisieren, also elektrisch aufzuladen. Dadurch werden die Gasatome beschleunigt und können das Raumfahrzeug so antreiben. Leon Sülflohn wollte wissen, ob sich dieses Prinzip auch für Flugzeuge eignet. Dazu konstruierte er einen kleinen, trichterförmigen Teststand, in den drahtförmige Metallelektroden integriert sind. Als er Hochspannung anlegte, registrierte der Jungforscher einen Luftstrom, hervorgerufen durch die Ionisierung von Luftmolekülen. Zwar dürfte der Weg zu einem Einsatz in Flugzeugen noch weit sein. Doch grundsätzlich könnte der Ionenantrieb die Luftfahrt klimafreundlicher und leiser machen.",https://www.jugend-forscht.de/index.php?id=262&tx_smsjufoprojects_smsjufprojectdb%5Bproject%5D=7760&tx_smsjufoprojects_smsjufprojectdb%5Baction%5D=show&tx_smsjufoprojects_smsjufprojectdb%5Bcontroller%5D=Project&cHash=0c411efcd0dbf6b047e1c0ff1c346d0b,2025,Physik,Schleswig-Holstein
2025,Physik,2025 | Physik | Mecklenburg-Vorpommern,Wie würde ein Warp-Antrieb wirklich aussehen?,Mads Rabbel,"Mads Rabbel (18), RostockGymnasium Reutershagen, Rostock
3. Preis PhysikPreisstifter: Max-Planck-Gesellschaft zur Förderung der Wissenschaften e. V.
SonderpreisEinladung zum London International Youth Science ForumPreisstifter: Ernst A. C. Lange-Stiftung
Wie würde ein Warp-Antrieb wirklich aussehen?
Beim Raumschiff Enterprise ist es ganz einfach: Captain Kirk gibt den Befehl und schon rauscht das Raumschiff dank seines Warp-Antriebs mit Überlichtgeschwindigkeit durchs All. Die Realität jedoch sieht anders aus: Laut Albert Einstein kann sich nichts schneller als das Licht bewegen. Doch zumindest theoretisch gibt es ein Schlupfloch. Dazu aber müsste es gelingen, den Raum vor dem Raumschiff im Flug schrumpfen zu lassen und ihn dahinter wieder auf sein ursprüngliches Maß zu dehnen – wofür man allerdings unfassbar viel Energie benötigen würde. Diese Überlegungen formulierte Mads Rabbel in seinem Forschungsprojekt mathematisch aus und stellte sie anschaulich dar. Unter anderem konnte er im Computer simulieren, wie ein überlichtschnelles Raumschiff aus der Sicht Außenstehender aussehen würde.",https://www.jugend-forscht.de/index.php?id=262&tx_smsjufoprojects_smsjufprojectdb%5Bproject%5D=7766&tx_smsjufoprojects_smsjufprojectdb%5Baction%5D=show&tx_smsjufoprojects_smsjufprojectdb%5Bcontroller%5D=Project&cHash=4e9331dba66bce0690e9cb801d33e440,2025,Physik,Mecklenburg-Vorpommern
2025,Technik,2025 | Technik | Nordrhein-Westfalen,AutoMateChess,"Felix Gross, 
									
										Fiete Kloppenborg","Felix Gross (18, rechts), BielefeldMarienschule der Ursulinen, Bielefeld
Fiete Kloppenborg (17, links), BielefeldMarienschule der Ursulinen, Bielefeld
AutoMateChess
Wer gegen den Computer Schach spielt, tut dies für gewöhnlich am Bildschirm. Felix Gross und Fiete Kloppenborg wollten das Erlebnis haptischer gestalten und holten den Rechner auf das Schachbrett. Basis ist ein elektromechanisches System, das magnetisierte Figuren präzise über das Brett bewegt. Ein Sensor-Array erkennt die Position jeder Figur. Unter dem Schachbrett steckt ein Elektromagnet. Eine trickreiche Anordnung aus Schrittmotoren bewegt ihn zu den Figuren und lässt ihn die Schachzüge ausführen – Bauern, Läufer und Dame gleiten wie von Zauberhand über das Brett. Zudem programmierten die Jungforscher eine raffinierte KI. Anhand von Datenbanken sagt sie vorher, wie lange ein Mensch für einen Zug nachdenken würde. Das verleiht dem Spiel eine zusätzliche Portion Realismus.",https://www.jugend-forscht.de/index.php?id=262&tx_smsjufoprojects_smsjufprojectdb%5Bproject%5D=7663&tx_smsjufoprojects_smsjufprojectdb%5Baction%5D=show&tx_smsjufoprojects_smsjufprojectdb%5Bcontroller%5D=Project&cHash=45f3076f8a852759b409d8b6f0a0c046,2025,Technik,Nordrhein-Westfalen
2025,Technik,2025 | Technik | Hamburg,"Bojenergy – Entwicklung einer mobilen, autarken und autonomen Forschungsboje",Louis Schwarzlose,"Louis Schwarzlose (17), HamburgHeilwig Gymnasium, Hamburg
BundessiegPreis für die originellste ArbeitPreisstifter: Bundeskanzler Friedrich Merz
Preis für eine Arbeit auf dem Gebiet der Elektronik, Energie- oder InformationstechnikPreisstifter: VDE Verband der Elektrotechnik Elektronik Informationstechnik e. V.
Bojenergy – Entwicklung einer mobilen, autarken und autonomen Forschungsboje
Bojen können auf Gewässern zur Erfassung von Umweltdaten dienen. Louis Schwarzlose baute eine Forschungsboje, die über einen Antrieb verfügt, also ortsvariabel eingesetzt werden kann. Mithilfe von GPS und Kompass lässt sie sich autonom steuern und kann am Zielort ihren Anker automatisch ein- und ausfahren. Die Steuerung des Systems erfolgt über einen Einplatinenrechner Arduino, auf den per WLAN über eine Internetseite zugegriffen werden kann. Der Strom kommt aus einer integrierten Powerbank, die durch Wind- und Wellenkraft, sowie Solarenergie nachgeladen wird. Die Technik dafür entwickelte der Jungforscher teilweise selbst. Damit können künftig an schwer zugänglichen Stellen auf dem Wasser Sensoren platziert werden, die wichtige Informationen zur Ökologie liefern.",https://www.jugend-forscht.de/index.php?id=262&tx_smsjufoprojects_smsjufprojectdb%5Bproject%5D=7667&tx_smsjufoprojects_smsjufprojectdb%5Baction%5D=show&tx_smsjufoprojects_smsjufprojectdb%5Bcontroller%5D=Project&cHash=277fd1731d095546101c57720e6c5c5c,2025,Technik,Hamburg
2025,Technik,2025 | Technik | Niedersachsen,E-cono Drive,Leonard Arndt,"Leonard Arndt (16), RötgesbüttelPhilipp Melanchthon Gymnasium Meine
Preis für eine Arbeit auf dem Gebiet der TechnikPreisstifter: Heinz und Gisela Friederichs Stiftung
E-cono Drive
Manche Menschen mit Mobilitätseinschränkungen sind auf den Rollstuhl angewiesen. Aufwendige Modelle fahren elektrisch, einfachere Varianten müssen geschoben oder per Hand fortbewegt werden. Für letztere gibt es zwar Motoren zum Nachrüsten, doch die sind relativ teuer. Leonard Arndt entwickelte ein System, das deutlich weniger kosten soll. Dazu montierte er unter der Rückenlehne einen Metallrahmen mit zwei Antriebsrädern, die sich bei Bedarf auf den Boden absenken lassen. Elektromotoren treiben die Räder an, sie werden von handelsüblichen Akkus gespeist. Die Bedienung erfolgt komfortabel und ergonomisch per Joystick. E-cono Drive – so heißt das System – lässt sich an unterschiedlichen Rollstuhlmodellen anbringen. Langzeittests sollen die Alltagstauglichkeit unter Beweis stellen.",https://www.jugend-forscht.de/index.php?id=262&tx_smsjufoprojects_smsjufprojectdb%5Bproject%5D=7681&tx_smsjufoprojects_smsjufprojectdb%5Baction%5D=show&tx_smsjufoprojects_smsjufprojectdb%5Bcontroller%5D=Project&cHash=03e0380efc6d1bd31195ba4206e7496b,2025,Technik,Niedersachsen
2025,Technik,2025 | Technik | Sachsen,Elektromechanische 7-Segment-Uhr,Tobias Schmidt,"Tobias Schmidt (19), CrimmitschauStaatliche Studienakademie Glauchau
Elektromechanische 7-Segment-Uhr
Es sieht aus wie ein futuristisches Kunstobjekt, ist aber eine Uhr: Tobias Schmidt entwickelte eine mechanische Uhr, bei der jede Ziffer durch sieben Segmente dargestellt wird. Das Besondere dabei ist, dass die Zwischenräume frei sind und nicht genutzte Segmente verschwinden – der Betrachter also durch die Uhr hindurchsehen kann. Dahinter steckt eine fein abgestimmte Mechanik, angetrieben von kleinen Motoren und gesteuert über ein eigens programmiertes Regelmodul. Eine raffinierte Technik sorgt dafür, dass die Ziffern von selbst leuchten, ohne dass die Lichtquelle zu erkennen ist. Die Uhr besteht aus über 400 Einzelteilen, den Großteil fertigte der Jungforscher per 3-D-Druck. Für die Zukunft plant er weitere Verbesserungen – und will seine Uhr sogar als Bausatz zum Selberbasteln herausbringen.",https://www.jugend-forscht.de/index.php?id=262&tx_smsjufoprojects_smsjufprojectdb%5Bproject%5D=7683&tx_smsjufoprojects_smsjufprojectdb%5Baction%5D=show&tx_smsjufoprojects_smsjufprojectdb%5Bcontroller%5D=Project&cHash=1a8d543e472e5d33d6aae0d8804603b9,2025,Technik,Sachsen
2025,Technik,2025 | Technik | Bayern,"Entwicklung einer ""3,5 Digit Precision Voltage Source""",Stefan Weiß,"Stefan Weiß (19), HauzenbergStaatliche Berufsschule I Deggendorf
4. Preis TechnikPreisstifter: VDI e. V.
Preis für eine Arbeit von Auszubildenden auf dem Gebiet ""MenschArbeitTechnik""Preisstifter: Arbeitgeberverband Gesamtmetall
Entwicklung einer ""3,5 Digit Precision Voltage Source""
Geräte, die elektrische Spannungen mit hoher Präzision zur Verfügung stellen können, werden für unterschiedlichste Bereiche benötigt: Elektronikfirmen etwa prüfen damit die Qualität ihrer Produkte, Forschungslabore testen ihre Messgeräte. Allerdings sind kommerzielle Spannungsquellen kostspielig. Daher konstruierte Stefan Weiß eine günstigere Alternative. Die Schaltpläne dafür entwarf er am Computer, die Komponenten stellte er zum Teil per 3-D-Druck her. Sein Gerät gibt Spannungen in vier Bereichen aus, ist per Touchscreen bedienbar und bietet Funktionen wie Strombegrenzung und eine automatische Korrektur von Spannungsverlusten. Die Genauigkeit seiner Spannungsquelle prüfte er beispielsweise in einer eigens gebauten Temperaturkammer – und erreichte Werte vergleichbar mit denen von Profigeräten.",https://www.jugend-forscht.de/index.php?id=262&tx_smsjufoprojects_smsjufprojectdb%5Bproject%5D=7684&tx_smsjufoprojects_smsjufprojectdb%5Baction%5D=show&tx_smsjufoprojects_smsjufprojectdb%5Bcontroller%5D=Project&cHash=3f11c5fba43fce696f5d046555ddaa4e,2025,Technik,Bayern
2025,Technik,2025 | Technik | Bremen,Entwicklung eines Tauchbootes mit bionischem Flagellum-Antriebssystem,"Per Garbrecht, 
									
										Jonas Bunkowski","Per Garbrecht (15, rechts), BremenOberschule Rockwinkel, Bremen
Jonas Bunkowski (15, links), BremenOberschule Rockwinkel, Bremen
5. Preis TechnikPreisstifter: VDI e. V.
Preis für eine Arbeit zum Thema ""Zukunftsorientierte Technologien""Preisstifter: Bundesministerin für Forschung, Technologie und Raumfahrt Dorothee Bär, MdB
Entwicklung eines Tauchbootes mit bionischem Flagellum-Antriebssystem
Bakterien bewegen sich in Flüssigkeiten schnell und lautlos mithilfe fadenförmiger Ausstülpungen der Zellen, Geißeln oder Flagellen genannt. Per Garbrecht und Jonas Bunkowski konstruierten nach diesem Vorbild einen Antrieb für Miniaturtauchboote. Ihr Tauchboot besitzt eine Hülle aus einer schmalen Kunststoffdose mit wasserdichtem Deckel. Der Antrieb besteht aus vier Elektromagneten und mehreren Sensoren, die Beschleunigung, Druck und Temperatur messen. Bewegt wird das Miniboot durch eine zehn Zentimeter lange, künstliche Geißel aus Weich-PVC, die über eine Feder am Deckel in alle vier Richtungen ausschlagen kann. Ab- und Auftauchen des Bootes, zum Beispiel für Tierbeobachtungen oder das Sammeln von Umweltdaten, erfolgt ferngesteuert oder manuell über einen Computer.",https://www.jugend-forscht.de/index.php?id=262&tx_smsjufoprojects_smsjufprojectdb%5Bproject%5D=7686&tx_smsjufoprojects_smsjufprojectdb%5Baction%5D=show&tx_smsjufoprojects_smsjufprojectdb%5Bcontroller%5D=Project&cHash=c43619ce35c04007d5b92ba826d70c06,2025,Technik,Bremen
2025,Technik,2025 | Technik | Rheinland-Pfalz,EyeR Glasses: Entwicklung und Bau einer technisch effizienten und modularen Datenbrille,Jonathan Baschek,"Jonathan Baschek (16), KoblenzBischöfliches Cusanus-Gymnasium, Koblenz
Bundessieg1. Preis TechnikPreisstifter: VDI e. V.
EyeR Glasses: Entwicklung und Bau einer technisch effizienten und modularen Datenbrille
Manche Brillen sind mehr als eine Sehhilfe: Sie projizieren Informationen direkt vor dem Auge, erkennen Bewegungen und kommunizieren mit Computern. Eine solche Datenbrille entwickelte Jonathan Baschek – allerdings ohne teure Bauteile. Seine Brille ist einfach konzipiert und günstig, die Rechenarbeit übernimmt ein angeschlossener PC. Kern ist ein Mikrochip, der mit mehreren Sensoren kommuniziert. Das Gehäuse entstand weitgehend per 3-D-Druck, wobei die Elektronik während des Druckens in die Brille eingesetzt wurde. Die Optik ist so gestaltet, dass pro Auge ein kleines Bild wie bei einem Head-up-Display erscheint. Zudem schrieb der Jungforscher eine Software, mit der sich die Brille steuern lässt. Verwenden ließe sie sich etwa als digitaler Assistent oder als Übersetzungshilfe.",https://www.jugend-forscht.de/index.php?id=262&tx_smsjufoprojects_smsjufprojectdb%5Bproject%5D=7688&tx_smsjufoprojects_smsjufprojectdb%5Baction%5D=show&tx_smsjufoprojects_smsjufprojectdb%5Bcontroller%5D=Project&cHash=739e673199a9df81098d479be756d139,2025,Technik,Rheinland-Pfalz
2025,Technik,2025 | Technik | Hamburg,FindBot,"Eva Shi, 
									
										David Shi","Eva Shi (16), HamburgHelene-Lange-Gymnasium, Hamburg
David Shi (14), HamburgHelene-Lange-Gymnasium, Hamburg
Schülerforschungszentrum Hamburg
Preis für eine Arbeit auf dem Gebiet der RobotikPreisstifter: Deutsches Zentrum für Luft- und Raumfahrt
FindBot
„Wo ist mein Schlüsselbund?“ Diese Frage kennen wir alle, und meist taucht der Schlüssel schnell wieder auf. Schwieriger kann diese Situation für ältere oder mobilitätseingeschränkte Menschen sein, insbesondere wenn ein Gegenstand zu Boden gefallen ist. Für sie entwickelten Eva und David Shi einen Assistenzroboter, der verlorene Utensilien wie Handy oder Geldbeutel finden, greifen und zurückbringen kann. FindBot entstand per 3-D-Druck, ähnelt einem Saugroboter und verfügt über einen Greifarm. Angesteuert per Sprachbefehl scannt er den Boden mit einer Kamera ab. Ein KI-Algorithmus wertet die Bilder aus und erkennt, ob es sich um das gesuchte Objekt handelt. Wenn ja, schnappt es sich der Greifer, und FindBot bringt den Gegenstand wieder zurück. Bei ersten Tests bewies der kleine Helfer schon recht gut seine Funktionsfähigkeit.",https://www.jugend-forscht.de/index.php?id=262&tx_smsjufoprojects_smsjufprojectdb%5Bproject%5D=7690&tx_smsjufoprojects_smsjufprojectdb%5Baction%5D=show&tx_smsjufoprojects_smsjufprojectdb%5Bcontroller%5D=Project&cHash=ea104aabada8900d50d507e17616d590,2025,Technik,Hamburg
2025,Technik,2025 | Technik | Niedersachsen,KI-gesteuerter Feldroboter,Leonel Hesse,"Leonel Hesse (15), Winsen (Luhe)Gymnasium Winsen (Luhe)
Preis für eine Arbeit auf dem Gebiet der UmwelttechnikPreisstifter: Deutsche Bundesstiftung Umwelt
KI-gesteuerter Feldroboter
Um Unkraut von Äckern fernzuhalten, wird es in der Landwirtschaft oft mit Herbiziden bekämpft. Allerdings gelten die Spritzmittel als umweltgefährdend. Daher suchte Leonel Hesse nach einem Weg, Unkraut ohne Einsatz von Chemie zu beseitigen. Sein Lösungsansatz ist ein Roboter, der das Feld durchkämmt und unerwünschte Begleitvegetation mechanisch entfernt. Das kleine autonome Gefährt bewegt sich elektrisch auf vier Rädern. Seitlich kann ein Metallarm herunterklappen und das Unkraut mit rotierenden Messern beseitigen. Der Clou ist eine KI zur Objekterkennung. Eine Kamera filmt den Bereich vor dem Roboter. Ein vom Jungforscher trainierter Algorithmus analysiert die Aufnahmen und kann die Nutzpflanze, in diesem Fall Mais, erkennen. So mäht der Roboter nur das Unkraut.",https://www.jugend-forscht.de/index.php?id=262&tx_smsjufoprojects_smsjufprojectdb%5Bproject%5D=7700&tx_smsjufoprojects_smsjufprojectdb%5Baction%5D=show&tx_smsjufoprojects_smsjufprojectdb%5Bcontroller%5D=Project&cHash=26dc95b79e232b27c93af2ebb8f163c2,2025,Technik,Niedersachsen
2025,Technik,2025 | Technik | Bayern,"Klettern wie ""Spider-Man"" – geht das wirklich?",Vincent Weigl,"Vincent Weigl (15), HaibachKronberg-Gymnasium Aschaffenburg
3. Preis TechnikPreisstifter: VDI e. V.
Preis für eine interdisziplinäre Arbeit mit Bezug zur ElektronikPreisstifter: ESD FORUM e. V.
Klettern wie ""Spider-Man"" – geht das wirklich?
Im Kino klettert Spider-Man in Rekordtempo Fassaden und Häuserwände empor. Vincent Weigl fragte sich, ob dies auch Normalsterbliche zumindest ansatzweise schaffen könnten – und zwar ohne Seil oder Leiter. Um das herauszufinden, konstruierte er einen Spezialanzug. Basis dabei war ein Schutzanzug, wie er im Kartsport verwendet wird. Der Jungforscher brachte an jedem Arm und Bein eine Konstruktion aus Vakuumpumpen, Drucksensoren, Mikrocomputern und eigens designten Saugnäpfen an. Sobald ein Saugnapf beim Klettern Kontakt zur Oberfläche hat, aktiviert ein Knopfdruck die Vakuumpumpe. Diese erzeugt einen Unterdruck, der dann den Anzugträger gleichsam an der Wand kleben lässt. Erste Tests verliefen erfolgversprechend: An einer Betonwand konnten die Saugnäpfe das Gewicht des Neuntklässlers halten.",https://www.jugend-forscht.de/index.php?id=262&tx_smsjufoprojects_smsjufprojectdb%5Bproject%5D=7702&tx_smsjufoprojects_smsjufprojectdb%5Baction%5D=show&tx_smsjufoprojects_smsjufprojectdb%5Bcontroller%5D=Project&cHash=b8052be30e3aa717db2e817dc4b953ed,2025,Technik,Bayern
2025,Technik,2025 | Technik | Berlin,Mein selbst gebauter 3-D-Drucker 2.0 – nun konkurrenzfähig?!,Finn Immanuel Schwarz,"Finn Immanuel Schwarz (15), BerlinKäthe-Kollwitz-Gymnasium Berlin
Mein selbst gebauter 3-D-Drucker 2.0 – nun konkurrenzfähig?!
Finn Schwarz beschäftigt sich schon länger mit dem Bau von 3-D-Druckern. Sein neues Modell soll mit einem kostengünstigen Gerät aus dem Handel mithalten können. Er konstruierte ein geschlossenes Gehäuse aus stabilem Alurahmen und Plexiglas. Der wassergekühlte Druckkopf wird durch präzise Schrittmotoren bewegt. Außerdem besitzt der Druckkopf einen Beschleunigungssensor, der störende Schwingungen kompensiert, und eine Riemenführung für hohe Geschwindigkeit. Gesteuert wird das Gerät durch eine Open-Source-Software. Der Jungforscher ist überzeugt, dass sein Drucker mit Blick auf Qualität und Langlebigkeit konkurrenzfähig ist. Preislich auf jeden Fall, denn sein Eigenbau ist mit 600 Euro um etwa die Hälfte günstiger als vergleichbare Produkte.",https://www.jugend-forscht.de/index.php?id=262&tx_smsjufoprojects_smsjufprojectdb%5Bproject%5D=7712&tx_smsjufoprojects_smsjufprojectdb%5Baction%5D=show&tx_smsjufoprojects_smsjufprojectdb%5Bcontroller%5D=Project&cHash=227ecf650ffc393997916004dde37d14,2025,Technik,Berlin
2025,Technik,2025 | Technik | Nordrhein-Westfalen,"Messplattform zur drahtlosen Erfassung, Verwaltung und Visualisierung von Umweltdaten",Ninib Hanna,"Ninib Hanna (18), Rheda-WiedenbrückRatsgymnasium Rheda-Wiedenbrück
Preis für eine Arbeit auf dem Gebiet der InformationstechnikPreisstifter: Deutsches Zentrum für Luft- und Raumfahrt
Messplattform zur drahtlosen Erfassung, Verwaltung und Visualisierung von Umweltdaten
Wie steht es um die Luftqualität in einem Raum, sind Temperatur und Lärmpegel erträglich? Um diese Umweltdaten zu messen und anschaulich darzustellen, konstruierte Ninib Hanna ein Messsystem, das wie ein Umweltassistent funktioniert: Es sammelt drahtlos Daten und präsentiert sie als leicht verständliche Grafiken. Basis ist ein selbst gebautes Gerät mit integrierten Sensoren. Es lässt sich leicht installieren und sofort nutzen. Die Messdaten werden per Internet übertragen und automatisch geprüft. Eine eigens programmierte Webseite hilft, die Geräte zu verwalten und die Daten zu organisieren. Ihre Darstellung erfolgt in Echtzeit – mit Kurven, Liveanzeigen und einstellbaren Warnungen, etwa bei schlechter Luft. Nutzen ließe sich die Technik für Klassenräume, Wohnungen oder Büros.",https://www.jugend-forscht.de/index.php?id=262&tx_smsjufoprojects_smsjufprojectdb%5Bproject%5D=7713&tx_smsjufoprojects_smsjufprojectdb%5Baction%5D=show&tx_smsjufoprojects_smsjufprojectdb%5Bcontroller%5D=Project&cHash=de11b8ea2168b04f8466026df4ac8fee,2025,Technik,Nordrhein-Westfalen
2025,Technik,2025 | Technik | Brandenburg,Multisense-ClimatControl,"Ben Köhler, 
									
										Oleg Smoli","Ben Köhler (19, rechts), EisenhüttenstadtGesamtschule 3 mit gymnasialer Oberstufe, Eisenhüttenstadt
Oleg Smoli (20, links), EisenhüttenstadtGesamtschule 3 mit gymnasialer Oberstufe, Eisenhüttenstadt
Multisense-ClimatControl
Smart Home findet sich heute bereits in vielen Haushalten, etwa als automatische Jalousie oder ferngesteuerter Saugroboter. Ben Köhler und Oleg Smoli entwickelten einen Ansatz für die „Smart School“, er soll ihr Schulgebäude energieeffizienter machen. Dazu konstruierten sie einen Raumregler, der Temperatur und Luftfeuchtigkeit misst, aber auch den CO2-Gehalt der Luft und die Helligkeit des Lichts. Zudem erfasst er, ob sich Menschen in einem Raum aufhalten. Basierend auf diesen Daten soll das System Heizung und Beleuchtung so regeln, dass möglichst wenig Energie verbraucht wird. Das System ließe sich ohne bauliche Eingriffe installieren und ist daher auch für denkmalgeschützte Gebäude interessant. In ihrer Schule, so schätzen die Jungforscher, könnten pro Jahr 3.500 Euro Heizkosten eingespart werden.",https://www.jugend-forscht.de/index.php?id=262&tx_smsjufoprojects_smsjufprojectdb%5Bproject%5D=7718&tx_smsjufoprojects_smsjufprojectdb%5Baction%5D=show&tx_smsjufoprojects_smsjufprojectdb%5Bcontroller%5D=Project&cHash=37b0dfa1c129c7197c669a789d2a5c6f,2025,Technik,Brandenburg
2025,Technik,2025 | Technik | Mecklenburg-Vorpommern,NauticSense – multifunktionales Gerät zur permanenten Überwachung aquatischer Umweltdaten,"Elisabeth Victoria Schwartz, 
									
										Karoline Flora Zimmermann","Elisabeth Victoria Schwartz (15, links), RostockGymnasium Reutershagen, Rostock
Karoline Flora Zimmermann (16, rechts), Graal-MüritzPrivates Internatsgymnasium Schloss Torgelow am See
Gymnasium Reutershagen, Rostock
NauticSense – multifunktionales Gerät zur permanenten Überwachung aquatischer Umweltdaten
Wie wirkt sich eine geschlossene Schleuse auf die Wasserqualität und das Ökosystem eines Flusses aus? Um das herauszufinden, konstruierten Elisabeth Victoria Schwartz und Karoline Flora Zimmermann eine wasserfeste, batteriebetriebene Boje aus Polyamid, deren Sensoren Sauerstoffkonzentration, Temperatur, pH-Wert, Salz- und Feststoffgehalt im Wasser messen. Die zylindrische Hülle erstellten die Jungforscherinnen per 3-D-Druck, die Sensoren programmierten und verbauten sie selbst. Das Gerät soll im Sommer an der Mühlendammschleuse an der Warnow in Rostock eingesetzt werden. In Tests werden dann die Datenübertragung und -auswertung erprobt. Dieser erste Langzeiteinsatz soll Aufschluss geben, ob und wie stark die seit 2011 geschlossene Schleuse das Ökosystem der Warnow beeinträchtigt hat.",https://www.jugend-forscht.de/index.php?id=262&tx_smsjufoprojects_smsjufprojectdb%5Bproject%5D=7721&tx_smsjufoprojects_smsjufprojectdb%5Baction%5D=show&tx_smsjufoprojects_smsjufprojectdb%5Bcontroller%5D=Project&cHash=59747eb8a9890fbfcb4ecf0f005251cc,2025,Technik,Mecklenburg-Vorpommern
2025,Technik,2025 | Technik | Sachsen-Anhalt,NodeRED-All-Sky-Camera,Connor Walther,"Connor Walther (18), GriesenPaul-Gerhardt-Gymnasium, Gräfenhainichen
Preis für eine Arbeit auf dem Gebiet der Luft- und RaumfahrtPreisstifter: Deutsches Zentrum für Luft- und Raumfahrt
NodeRED-All-Sky-Camera
Connor Walthers Ziel war es, eine Kamera zu entwickeln, die sowohl das Wetter beobachten als auch den Nachthimmel ablichten kann. Dafür setzte er einen hochauflösenden Kamerachip in ein wetterfestes und klimareguliertes Gehäuse ein. Eine Software steuert die Weitwinkelaufnahme, das Bild wird per Motor scharf gestellt. Für die optimale Belichtung bei Tag und Nacht sorgt eine intelligente Bildverarbeitung. Diese erkennt Meteore, erstellt Sternspuren und kann spezielle Zeitserien von Himmelsbildern aufnehmen. Die Bedienung erfolgt über eine benutzerfreundliche Oberfläche. Die Kamera liefert Bilder des Nachthimmels und Informationen zum Wetter, etwa indem sie die Wolkenentwicklung verfolgt. Eignen könnte sie sich für den Astronomieunterricht, aber auch für die Hobbyforschung.",https://www.jugend-forscht.de/index.php?id=262&tx_smsjufoprojects_smsjufprojectdb%5Bproject%5D=7724&tx_smsjufoprojects_smsjufprojectdb%5Baction%5D=show&tx_smsjufoprojects_smsjufprojectdb%5Bcontroller%5D=Project&cHash=bc3835d24a907692e8b14b83d4a6dd82,2025,Technik,Sachsen-Anhalt
2025,Technik,2025 | Technik | Thüringen,OrthoFiber: Fußheberorthese aus Carbonfasern mit Laminat-Koppeleffekten,"Tessa Sophie Kurth, 
									
										Ineke Albus, 
									
										Oscar Glaser","Tessa Sophie Kurth (18, rechts), ErfurtStaatliches Gymnasium “Albert Schweitzer” Erfurt
Ineke Albus (17, links), ErfurtStaatliches Gymnasium “Albert Schweitzer” Erfurt
Oscar Glaser (18, Mitte), MühlhausenStaatliches Gymnasium “Albert Schweitzer” Erfurt
OrthoFiber: Fußheberorthese aus Carbonfasern mit Laminat-Koppeleffekten
Manche Menschen haben – etwa nach einem Schlaganfall – Probleme, den Fuß beim Gehen zu heben, sodass er über den Boden schleift. Um ihnen zu helfen, ließen sich Tessa Sophie Kurth, Ineke Albus und Oscar Glaser das Konzept für eine neuartige Gehhilfe einfallen, eine sogenannte Fußheberorthese. Diese soll aus Carbon bestehen, weshalb die drei untersuchten, wie sich die Eigenschaften des Kohlefaser-Verbundwerkstoffs maßschneidern lassen. Mithilfe eines speziellen Produktionsverfahrens und einer eigens programmierten Optimierungssoftware fanden sie heraus, welche Faseranordnung besonders geeignet ist. Dadurch soll sich die Sohle der Orthese beim Gehen so verformen, dass die Betroffenen wieder über den großen Zeh abrollen können. Ein 3-D-Prototyp der Orthese ist in Planung.",https://www.jugend-forscht.de/index.php?id=262&tx_smsjufoprojects_smsjufprojectdb%5Bproject%5D=7727&tx_smsjufoprojects_smsjufprojectdb%5Baction%5D=show&tx_smsjufoprojects_smsjufprojectdb%5Bcontroller%5D=Project&cHash=9b1761c9b21a0b1df10eae289957b37d,2025,Technik,Thüringen
2025,Technik,2025 | Technik | Baden-Württemberg,SOGLA – Selbstständiger Objekterkennungsgestützter Lager- und Sortierautomat,"Jan Schreiber, 
									
										Nathanael Majewski","Jan Schreiber (16, rechts), MichelfeldGymnasium bei St. Michael, Schwäbisch Hall
Nathanael Majewski (17, links), UmmenhofenGymnasium bei St. Michael, Schwäbisch Hall
SOGLA – Selbstständiger Objekterkennungsgestützter Lager- und Sortierautomat
Eine Kiste buntes Lego oder ein Karton mit vielen verschiedenen Schrauben: eine schöne Sortieraufgabe für die Maschine von Jan Schreiber und Nathanael Majewski. Diese kann Kleinteile nach Größe, Farbe und Form vollautomatisch in 16 verschiedene Boxen verteilen. Dazu kombinierten die beiden Einfülltrichter, Rüttelplatte, Rampe, Lichtschranke, Kamera und Transportwagen zu einer kompakten Sortierstrecke. Die Maschine ist in der Lage, etwa alle drei Sekunden ein Teil mithilfe von KI zu erkennen und einzusortieren. Mehrere Kunststoffkomponenten des Geräts fertigten die Jungforscher mit 3-D-Druck. Die Steuerung ermöglichen selbst entwickelte Platinen. Diese sind so flexibel programmierbar, dass die Maschine verschiedenste Kleinteile mit hoher Treffergenauigkeit sortieren kann.",https://www.jugend-forscht.de/index.php?id=262&tx_smsjufoprojects_smsjufprojectdb%5Bproject%5D=7745&tx_smsjufoprojects_smsjufprojectdb%5Baction%5D=show&tx_smsjufoprojects_smsjufprojectdb%5Bcontroller%5D=Project&cHash=b908f624964b1fbbf2d9cbc85eff1103,2025,Technik,Baden-Württemberg
2025,Technik,2025 | Technik | Hessen,T.A.R.S – KI-optimierte Fernsteuerung menschlicher Roboter,Vladislav Praznik,"Vladislav Praznik (19), RödermarkAdolf-Reichwein-Gymnasium, Heusenstamm
2. Preis TechnikPreisstifter: VDI e. V.
Preis für eine Arbeit auf dem Gebiet der TechnikPreisstifter: Heinz und Gisela Friederichs Stiftung
T.A.R.S – KI-optimierte Fernsteuerung menschlicher Roboter
Roboter können in Umgebungen agieren, die für uns gefährlich sind – etwa im Virenlabor oder bei der Raumfahrt. Wünschenswert ist dabei, dass die Maschinen ähnlich geschickt und feinfühlig hantieren können wie der Mensch. Um dieses Ziel zu erreichen, entwickelte Vladislav Praznik einen Roboterprototyp mit ausgefeilter Fernsteuerung. Dieser erkennt mittels eines Sensormoduls, wie sich der Arm oder die Hand eines Menschen bewegt, und kann diese Bewegung dann nachahmen. Damit das zuverlässig und in Echtzeit geschieht, programmierte der Jungforscher eine KI-basierte Software zur Umwandlung der Bewegungsdaten. Darüber hinaus stattete er die Roboterhand mit Drucksensoren aus. Mit deren Hilfe kann der Mensch aus der Ferne fühlen, was der Roboter berührt.",https://www.jugend-forscht.de/index.php?id=262&tx_smsjufoprojects_smsjufprojectdb%5Bproject%5D=7750&tx_smsjufoprojects_smsjufprojectdb%5Baction%5D=show&tx_smsjufoprojects_smsjufprojectdb%5Bcontroller%5D=Project&cHash=c5c83a0cb09a4b11770595e3500b3184,2025,Technik,Hessen
2025,Technik,2025 | Technik | Saarland,Umweltfreundliche Batterien mit Salzwasser-Elektrolyt,"Johannes Gall, 
									
										Peter Eppers","Johannes Gall (18, links), HüttersdorfGeschwister-Scholl-Gymnasium, Lebach
Peter Eppers (18, rechts), SchmelzGeschwister-Scholl-Gymnasium, Lebach
Umweltfreundliche Batterien mit Salzwasser-Elektrolyt
Handelsübliche Batterien enthalten in der Regel giftige Substanzen. Johannes Gall und Peter Eppers setzten sich daher zum Ziel, eine Batterie zu entwickeln, die ohne kritische Stoffe auskommt. Als Elektrolyten nutzten sie eine Glaubersalzlösung, nachdem diese sich im Vergleich zu einer Kochsalzlösung als überlegen erwiesen hatte. Darin tränkten die Jungforscher ein Stück Kork, das sie anschließend zwischen zwei Elektroden aus Zink und Grafit platzierten. Um die verschiedenen Schichten für einen optimalen Kontakt zusammenzudrücken und zudem ein Austrocknen zu verhindern, verkapselten sie den Stapel. Messungen zeigten anschließend, dass ihre Salzwasserbatterie funktioniert. Damit könnte diese Technik künftig für manche Einsatzbereiche zu einer giftfreien Alternative werden.",https://www.jugend-forscht.de/index.php?id=262&tx_smsjufoprojects_smsjufprojectdb%5Bproject%5D=7753&tx_smsjufoprojects_smsjufprojectdb%5Baction%5D=show&tx_smsjufoprojects_smsjufprojectdb%5Bcontroller%5D=Project&cHash=1a513615a47545e56c170a4dce01f87d,2025,Technik,Saarland
2025,Mathematik/Informatik,2025 | Mathematik/Informatik | Schleswig-Holstein,AT/RT – RTPS-Erkennung mit KI,Peer-Kristian Magnus Ewald,"Peer-Kristian Magnus Ewald (18), DörnickStiftung Louisenlund, Güby
AT/RT – RTPS-Erkennung mit KI
Bei manchen Menschen sind gewisse Gene so verändert, dass sie ein höheres Risiko haben, an bestimmten Tumoren zu erkranken. Je früher sich dieses Rhabdoid-Prädispositions-Syndrom (RTPS) erkennen lässt, umso besser sind die Chancen für die Behandlung. Peer-Kristian Magnus Ewald wollte herausfinden, inwieweit künstliche Intelligenz (KI) bei der Früherkennung helfen kann. Als Grundlage nutzte er DNA-Daten, die aus der Untersuchung von Tumorgewebe stammen. Dann trainierte er eine KI darauf, in den Daten nach Anzeichen von RTPS zu fahnden. Die Software schaffte eine Erkennungsrate von immerhin 63 Prozent. Zwar ist das für die klinische Praxis noch zu niedrig. Die Arbeit zeigt jedoch, dass KI-gestützte Analysen das Potenzial haben, RTPS früher zu erkennen und Therapieentscheidungen zu verbessern.",https://www.jugend-forscht.de/index.php?id=262&tx_smsjufoprojects_smsjufprojectdb%5Bproject%5D=7659&tx_smsjufoprojects_smsjufprojectdb%5Baction%5D=show&tx_smsjufoprojects_smsjufprojectdb%5Bcontroller%5D=Project&cHash=0c04b8a41dc0c77e3c4b532b765cec08,2025,Mathematik/Informatik,Schleswig-Holstein
2025,Mathematik/Informatik,2025 | Mathematik/Informatik | Sachsen,C2P-Net: Zweistufige nicht-starre Punktwolkenregistrierung für die Mittelohrdiagnostik,Chenpan Li,"Chenpan Li (17), DresdenMartin-Andersen-Nexö-Gymnasium Dresden
Nationales Centrum für Tumorerkrankungen Dresden
3. Preis Mathematik/InformatikPreisstifter: Klaus Tschira Stiftung
C2P-Net: Zweistufige nicht-starre Punktwolkenregistrierung für die Mittelohrdiagnostik
Kinder leiden häufig an einer Mittelohrentzündung. Meist verläuft sie harmlos, manchmal jedoch kommt es zu ernsthaften Komplikationen. Bei der Diagnose kann eine noch junge Technik helfen – die optische Kohärenztomographie (OCT). Im Prinzip liefert sie hochauflösende 3-D-Bilder des Mittelohrs. Allerdings sind diese gelegentlich verrauscht oder unvollständig. Hier setzt die Forschungsarbeit von Chenpan Li an. Er entwickelte eine KI, die die realen Aufnahmen mit einem idealen Mittelohrmodell vergleicht und fehlende Stellen ergänzt. Da es kaum echte Trainingsdaten gab, fütterte der Jungforscher das System mit künstlich erzeugten Daten, die typische Störungen nachahmen. In Tests konnte die KI das Mittelohr präzise rekonstruieren und krankhafte Veränderungen zuverlässig erkennen.",https://www.jugend-forscht.de/index.php?id=262&tx_smsjufoprojects_smsjufprojectdb%5Bproject%5D=7668&tx_smsjufoprojects_smsjufprojectdb%5Baction%5D=show&tx_smsjufoprojects_smsjufprojectdb%5Bcontroller%5D=Project&cHash=ee087f982184caed2e7cd43fb2f0d5d5,2025,Mathematik/Informatik,Sachsen
2025,Mathematik/Informatik,2025 | Mathematik/Informatik | Rheinland-Pfalz,Das Prinzip der Abstraktion am Beispiel einer esoterischen Programmiersprache,Kristof Kulber,"Kristof Kulber (18), Bingen am RheinOtto-Schott-Gymnasium Mainz-Gonsenheim
Konrad-Zuse-Jugendpreis für Informatik der Eduard-Rhein-StiftungPreisstifter: Eduard-Rhein-Stiftung
Das Prinzip der Abstraktion am Beispiel einer esoterischen Programmiersprache
1993 erfand ein Schweizer Informatikstudent eine minimalistische Programmiersprache. Sie besteht aus nur acht Befehlen, kann im Prinzip aber alles, was auch andere Sprachen leisten. Sie taugt zwar nicht für praktische Anwendungen, kann stattdessen jedoch beim Unterrichten theoretischer Informatikkonzepte eingesetzt werden. Kristof Kulber suchte einen Weg, um mit dieser Minimalsprache dennoch brauchbare Programme zu entwerfen. Dazu schrieb der Jungforscher einen Compiler – das ist eine Software, die die Befehle einer konventionellen Programmiersprache automatisch in den Code der Minimalsprache übersetzt. Damit konnte er Programme wie ein Spiel und einen Rechner realisieren. Möglich machten das eine durchdachte Speicherverwaltung und ein System zur Wiederherstellung von Programmzuständen.",https://www.jugend-forscht.de/index.php?id=262&tx_smsjufoprojects_smsjufprojectdb%5Bproject%5D=7671&tx_smsjufoprojects_smsjufprojectdb%5Baction%5D=show&tx_smsjufoprojects_smsjufprojectdb%5Bcontroller%5D=Project&cHash=d3a3f7dd20e54c29df5b66f357c4e116,2025,Mathematik/Informatik,Rheinland-Pfalz
2025,Mathematik/Informatik,2025 | Mathematik/Informatik | Mecklenburg-Vorpommern,DEversAI: Training und Visualisierung deutsch lokalisierter direktionalkomplementärer LLMs,Leo Blume,"Leo Blume (17), StralsundHochschule Stralsund
4. Preis Mathematik/InformatikPreisstifter: Klaus Tschira Stiftung
DEversAI: Training und Visualisierung deutsch lokalisierter direktionalkomplementärer LLMs
Macht es einen Unterschied, in welcher Leserichtung ein sogenanntes Large Language Model (LLM) Text verarbeitet? Um das herauszufinden, trainierte Leo Blume zwei solcher KI-Sprachmodelle – das eine wie üblich vorwärts, das andere rückwärts. Anschließend testete sie, wie gut die beiden Modelle Kochrezepte, Gesetzestexte oder Bundestagsreden erzeugen können. Der Vergleich ergab, dass das vorwärts trainierte Modell in der Regel etwas besser abschnitt. Es konnte Texte präziser und strukturierter generieren. Das rückwärts trainierte Modell überraschte mit interessanten, zum Teil brauchbaren Ergebnissen, etwa bei Texten mit klarer Struktur. Im Ergebnis sind Rückwärtsmodelle keine bloße Spielerei, sondern könnten neue Perspektiven für die KI-Forschung eröffnen, etwa indem sie mit Vorwärtsmodellen kombiniert werden.",https://www.jugend-forscht.de/index.php?id=262&tx_smsjufoprojects_smsjufprojectdb%5Bproject%5D=7676&tx_smsjufoprojects_smsjufprojectdb%5Baction%5D=show&tx_smsjufoprojects_smsjufprojectdb%5Bcontroller%5D=Project&cHash=cfdb608d11309d70b1e08544d9550a06,2025,Mathematik/Informatik,Mecklenburg-Vorpommern
2025,Mathematik/Informatik,2025 | Mathematik/Informatik | Brandenburg,Digitaler Dolmetscher: KI und Gebärdensprache,"Milena Reißmann, 
									
										Lisa Matthäus","Milena Reißmann (16, links), Bernau bei BerlinPaulus-Praetorius-Gymnasium, Bernau bei Berlin
Lisa Matthäus (16, rechts), Bernau bei BerlinPaulus-Praetorius-Gymnasium, Bernau bei Berlin
Digitaler Dolmetscher: KI und Gebärdensprache
Menschen mit starken Hörbeeinträchtigungen nutzen häufig die Gebärdensprache, um sich zu verständigen. Allerdings kennen Menschen ohne Behinderung die Gesten und Zeichen dieser Sprache meist nicht. Um sie in die Lage zu versetzen, die vielfältigen Gebärden zu verstehen, entwickelten Milena Reißmann und Lisa Matthäus die Grundlagen für eine KI. Die Software läuft auf dem Smartphone, dessen Kamera nimmt die Gebärden auf. Ein lernfähiger Algorithmus soll dann die Gesten erkennen und in Echtzeit in Wörter übersetzen, die auf dem Display angezeigt werden. Die Jungforscherinnen analysierten drei verschiedene Algorithmen, die sich für diese Aufgabe eignen könnten. Im Ergebnis erreichte die beste KI bei der Gebärdenerkennung eine Genauigkeit von 96,3 Prozent.",https://www.jugend-forscht.de/index.php?id=262&tx_smsjufoprojects_smsjufprojectdb%5Bproject%5D=7679&tx_smsjufoprojects_smsjufprojectdb%5Baction%5D=show&tx_smsjufoprojects_smsjufprojectdb%5Bcontroller%5D=Project&cHash=290499cb41c267f4283c9f4eafafcce7,2025,Mathematik/Informatik,Brandenburg
2025,Mathematik/Informatik,2025 | Mathematik/Informatik | Bremen,Haben wir eine Schwäche für den Goldenen Schnitt?,Irem Olkun,"Irem Olkun (19), BremenHermann-Böse-Gymnasium, Bremen
Haben wir eine Schwäche für den Goldenen Schnitt?
Es gibt eine Gestaltungsregel, die in der Natur und in der Kunst verblüffend häufig auftaucht: Der Goldene Schnitt definiert ein bestimmtes Verhältnis zweier Strecken, das gemeinhin als besonders harmonisch wahrgenommen wird. Er findet sich zum Beispiel bei Seeigeln und Schalentieren und auf alten Gemälden. Doch könnte er auch beeinflussen, welche Gesichter wir als besonders attraktiv empfinden? Um das zu beantworten, analysierte Irem Olkun 100 Porträtfotos, die von Fachleuten hinsichtlich ihrer Attraktivität bewertet worden waren. Anschließend vermaß sie die Gesichtsproportionen auf den Bildern, um herauszufinden, inwiefern sie mit dem Goldenen Schnitt übereinstimmten. Und tatsächlich: Je weniger die Proportionen davon abwichen, umso attraktiver wurde das Porträt beurteilt.",https://www.jugend-forscht.de/index.php?id=262&tx_smsjufoprojects_smsjufprojectdb%5Bproject%5D=7695&tx_smsjufoprojects_smsjufprojectdb%5Baction%5D=show&tx_smsjufoprojects_smsjufprojectdb%5Bcontroller%5D=Project&cHash=aee49ba7c478ef5a5b608a42b36e69b1,2025,Mathematik/Informatik,Bremen
2025,Mathematik/Informatik,2025 | Mathematik/Informatik | Berlin,Können synthetisch generierte Trainingsdaten KI-Objekterkennungsmodelle verbessern?,Tom Smee,"Tom Smee (18), BerlinNelson-Mandela-Schule, Berlin
Können synthetisch generierte Trainingsdaten KI-Objekterkennungsmodelle verbessern?
Damit sich selbstfahrende Autos sicher im Verkehr bewegen können, müssen sie ihre Umgebung mit Kamera und Sensoren erfassen. Die Auswertung der Bilddaten übernehmen häufig KI-Algorithmen. Bei manchen Wetterbedingungen aber tun sich die Programme schwer, etwa wenn sie bei Nebel andere Autos erkennen sollen. Grund dafür ist, dass es für solche Ausnahmesituationen schlicht zu wenige Trainingsbilder gibt. Um Abhilfe zu schaffen, erzeugte Tom Smee mit einem 3-D-Programm Tausende realistisch wirkende Bilder von Pkws im Nebel und trainierte damit eine KI. Anschließend testete er sein System und stellte fest, dass Algorithmen, die er mit einem Mix aus künstlichen und realen Bildern trainiert hatte, Autos bei Nebel zuverlässiger erkennen als Modelle, die nur mit echten Fotos trainiert wurden.",https://www.jugend-forscht.de/index.php?id=262&tx_smsjufoprojects_smsjufprojectdb%5Bproject%5D=7704&tx_smsjufoprojects_smsjufprojectdb%5Baction%5D=show&tx_smsjufoprojects_smsjufprojectdb%5Bcontroller%5D=Project&cHash=98bbd414bdf49b3bbb5bccd19c9a72e7,2025,Mathematik/Informatik,Berlin
2025,Mathematik/Informatik,2025 | Mathematik/Informatik | Baden-Württemberg,"LEAN, Logik, Lokale: Banach-Tarski im Licht moderner Mathematik!","Chiara Cimino, 
									
										Christian Krause","Chiara Cimino (18), FridingenOtto-Hahn-Gymnasium Tuttlingen
Christian Krause (17), RottumGymnasium Ochsenhausen
Schülerforschungszentrum Südwürttemberg, Tuttlingen
2. Preis Mathematik/InformatikPreisstifter: Klaus Tschira Stiftung
Preis für eine außergewöhnliche mathematische ArbeitPreisstifter: Deutsche Mathematiker-Vereinigung e. V.
LEAN, Logik, Lokale: Banach-Tarski im Licht moderner Mathematik!
Lässt sich eine Kugel verdoppeln, indem man sie zerteilt und ihre Einzelteile neu anordnet? Im wirklichen Leben funktioniert das nicht, doch in der Mathematik scheint es möglich zu sein – zumindest, wenn es nach einem Satz der Mathematiker Stefan Banach und Alfred Tarski geht. Chiara Cimino und Christian Krause gingen dieser paradoxen Aussage auf den Grund. Dabei stießen sie auf eine bislang unveröffentlichte Arbeit aus Frankreich. Sie beschreibt einen Weg, wie sich das Paradoxon auflösen lässt. Um die Beweisführung zu überprüfen, nutzten die beiden eine Software namens Lean, mit der sich mathematische Beweise formal und fehlerfrei überprüfen lassen. Damit gelang es, manche Lücke in der Theorie der französischen Mathematiker zu schließen und der Auflösung des Kugelparadoxons ein gutes Stück näherzukommen.",https://www.jugend-forscht.de/index.php?id=262&tx_smsjufoprojects_smsjufprojectdb%5Bproject%5D=7708&tx_smsjufoprojects_smsjufprojectdb%5Baction%5D=show&tx_smsjufoprojects_smsjufprojectdb%5Bcontroller%5D=Project&cHash=4e5c501b8bf181c439d0389a77f69cc4,2025,Mathematik/Informatik,Baden-Württemberg
2025,Mathematik/Informatik,2025 | Mathematik/Informatik | Nordrhein-Westfalen,Open Source WLAN auf dem ESP32,Simon Neuenhausen,"Simon Neuenhausen (17), NeussAlexander-von-Humboldt-Gymnasium, Neuss
Bundessieg1. Preis Mathematik/InformatikPreisstifter: Klaus Tschira Stiftung
Open Source WLAN auf dem ESP32
Was tun, wenn ein Chip viel kann, aber nicht alles erlaubt? Simon Neuenhausen wollte das nicht akzeptieren. Er nahm sich einen verbreiteten, kostengünstigen Mini-Computer vor und fand heraus, was dieser wirklich kann. Die Herausforderung bestand darin, dass die eingebaute WLAN-Funktion vom Hersteller weitgehend abgeschlossen war und sich kaum überprüfen und verändern ließ. Also analysierte der Jungforscher den Programmcode und entwickelte eine eigene, frei zugängliche Version. Damit lässt sich der Chip nutzen, um Netzwerke einzurichten, neue Anwendungen zu testen oder Sicherheitslücken zu erkennen. Die Software macht teure Spezialgeräte überflüssig. Der günstige Chip kann nun Aufgaben übernehmen, für die sonst deutlich mehr Technik nötig wäre.",https://www.jugend-forscht.de/index.php?id=262&tx_smsjufoprojects_smsjufprojectdb%5Bproject%5D=7725&tx_smsjufoprojects_smsjufprojectdb%5Baction%5D=show&tx_smsjufoprojects_smsjufprojectdb%5Bcontroller%5D=Project&cHash=186c598266b4168245a270b2d8ab4c6b,2025,Mathematik/Informatik,Nordrhein-Westfalen
2025,Mathematik/Informatik,2025 | Mathematik/Informatik | Bayern,Optimierung von Baustellenampeln: Steuerung und Objekterkennung mittels neuronaler Netze,Leonie Weiß,"Leonie Weiß (19), LappersdorfSt. Marien-Gymnasium der Schulstiftung der Diözese Regensburg
MINT-Labs Regensburg e. V.
Preis für eine Arbeit, die in besonderer Weise den Nutzen der Informatik verdeutlichtPreisstifter: Gesellschaft für Informatik e. V.
Optimierung von Baustellenampeln: Steuerung und Objekterkennung mittels neuronaler Netze
Die Baustellenampel zeigt rot, aber es kommt einem kein Auto entgegen. Diese Erfahrung brachte Leonie Weiß auf die Idee, ein intelligentes Ampelsystem zu entwickeln. Das Prinzip dahinter: Kameras überwachen das Geschehen vor den Ampeln. Eine auch bei schlechten Sichtverhältnissen funktionierende KI erkennt, wie viele Fahrzeuge auf jeder Seite der Baustelle warten. Dann wird ein weiterer Algorithmus aktiv und optimiert die Ampelschaltung. In einer selbst programmierten Simulation testete die Jungforscherin verschiedene Ampelsysteme, wobei ihre KI bessere Resultate erzielte als etwa eine klassische Festzeitsteuerung: Sie konnte sich gut an wechselnde Verkehrslagen anpassen und Wartezeiten sowie Schaltzyklen reduzieren. Baustellenampeln könnten so künftig effizienter und umweltfreundlicher werden.",https://www.jugend-forscht.de/index.php?id=262&tx_smsjufoprojects_smsjufprojectdb%5Bproject%5D=7726&tx_smsjufoprojects_smsjufprojectdb%5Baction%5D=show&tx_smsjufoprojects_smsjufprojectdb%5Bcontroller%5D=Project&cHash=dfa0f67629c1d12ffe9f6ddeea9571cd,2025,Mathematik/Informatik,Bayern
2025,Mathematik/Informatik,2025 | Mathematik/Informatik | Berlin,PRISM – adaptive Selbstdistillation zur robusten Segmentierung unvollständiger MRT-Daten,David Rutkevich,"David Rutkevich (20), BerlinTechnische Universität Berlin
BundessiegPreis für die beste interdisziplinäre ArbeitPreisstifter: Bundesministerin für Forschung, Technologie und Raumfahrt Dorothee Bär, MdB
PRISM – adaptive Selbstdistillation zur robusten Segmentierung unvollständiger MRT-Daten
Die Auswertung eines Röntgenbilds oder einer MRT-Aufnahme wird heute häufig vom Computer unterstützt. Algorithmen ordnen die Daten und können dadurch zum Beispiel einen Tumor klar von einem Organ abgrenzen. Allerdings fehlen manchmal wichtige Bildinformationen oder sind unvollständig, etwa weil nicht alle für eine Behandlung erforderlichen Aufnahmen gemacht wurden. Hier kann das von David Rutkevich entwickelte Verfahren helfen. Sein KI-Modell bringt sich quasi selbst bei, wie es unvollständige Daten vervollständigen kann. Es kommt ohne zusätzliche, komplett trainierte Hilfsmodelle aus und lässt sich flexibel in bestehende Systeme integrieren. Auf diese Weise sollten sich Tumore in MRT-Bildern künftig zielsicherer erkennen lassen.",https://www.jugend-forscht.de/index.php?id=262&tx_smsjufoprojects_smsjufprojectdb%5Bproject%5D=7732&tx_smsjufoprojects_smsjufprojectdb%5Baction%5D=show&tx_smsjufoprojects_smsjufprojectdb%5Bcontroller%5D=Project&cHash=9bc7035ab04d1b11559f18345ce8547c,2025,Mathematik/Informatik,Berlin
2025,Mathematik/Informatik,2025 | Mathematik/Informatik | Sachsen-Anhalt,"Projekt LAMbo – Aufgaben verstehen, handeln, erledigen!","Gurkirat Singh Khinda, 
									
										Nguyen Kim Bao Chu","Gurkirat Singh Khinda (17, rechts), WeißenfelsGoethegymnasium Weißenfels
Nguyen Kim Bao Chu (17, links), WeißenfelsGoethegymnasium Weißenfels
Eduard-Rhein-Jugendpreis für Rundfunk-, Fernseh- und InformationstechnikPreisstifter: Eduard-Rhein-Stiftung
Projekt LAMbo – Aufgaben verstehen, handeln, erledigen!
Wer zum ersten Mal eine digitale Präsentation erstellen soll, aber das entsprechende Programm nicht kennt, muss Geduld mitbringen: Es braucht Zeit, alle Funktionen und Arbeitsschritte zu beherrschen. Das muss nicht sein, dachten sich Gurkirat Singh Khinda und Nguyen Kim Bao Chu – und entwickelten eine KI namens LAMbo, die die Einarbeitung unterstützen soll. Das System kombiniert einen Chatbot mit einer Software, die Bedienelemente auf dem Bildschirm erkennt, sowie mit Programmen, die automatisch Aktionen ausführen. Anders als klassische Tutorials kann die Software Aufgaben nicht nur erklären, sondern auch selbstständig ausführen. Das System der Jungforscher zeigt, wie KI-basierte Assistenten die digitale Barrierefreiheit verbessern können – etwa in der Schule oder für Menschen mit Einschränkungen.",https://www.jugend-forscht.de/index.php?id=262&tx_smsjufoprojects_smsjufprojectdb%5Bproject%5D=7733&tx_smsjufoprojects_smsjufprojectdb%5Baction%5D=show&tx_smsjufoprojects_smsjufprojectdb%5Bcontroller%5D=Project&cHash=e00cbc71945558ff5c1c961150620b79,2025,Mathematik/Informatik,Sachsen-Anhalt
2025,Mathematik/Informatik,2025 | Mathematik/Informatik | Saarland,Pulspy – ressourcensparende Fernüberwachung,Felix Pulchen,"Felix Pulchen (16), Körprich-NalbachGeschwister-Scholl-Gymnasium, Lebach
Preis für eine originelle Arbeit auf dem Gebiet der InformatikPreisstifter: Konrad-Zuse-Gesellschaft e. V.
Pulspy – ressourcensparende Fernüberwachung
Die Segeljacht liegt in Kiel, doch die Familie wohnt im Saarland. Um trotzdem im Blick zu haben, wie es um das eigene Boot bestellt ist, entwickelte und programmierte Felix Pulchen ein kleines Gerät zur Fernüberwachung. Es besteht aus diversen Sensoren, einem Mikrocomputer und einem Funkchip. Die Sensoren messen nicht nur Temperatur, Luftdruck und Luftfeuchte, sondern auch bootsspezifische Werte wie die Spannung der Bordbatterie und den Wasserstand im Rumpf. Damit Pulspy, so der Name des Geräts, nicht zu viel Strom verbraucht, schaltet es sich nur einmal in der Stunde kurz ein und überträgt die Daten über einen kostengünstigen Funkkanal auf das Handy des Jungforschers. Sollte etwa zu viel Wasser ins Boot eingedrungen sein, ließe sich zeitnah eine Kontaktperson vor Ort verständigen.",https://www.jugend-forscht.de/index.php?id=262&tx_smsjufoprojects_smsjufprojectdb%5Bproject%5D=7734&tx_smsjufoprojects_smsjufprojectdb%5Baction%5D=show&tx_smsjufoprojects_smsjufprojectdb%5Bcontroller%5D=Project&cHash=16a1786d089ad561dda6bdb957fdab4e,2025,Mathematik/Informatik,Saarland
2025,Mathematik/Informatik,2025 | Mathematik/Informatik | Niedersachsen,Schnelle und strahlungsarme Schlaganfalldiagnostik durch Perfusion-Forecasting,Simon Ma,"Simon Ma (17), HannoverGymnasium Schillerschule Hannover
5. Preis Mathematik/InformatikPreisstifter: Klaus Tschira Stiftung
Schnelle und strahlungsarme Schlaganfalldiagnostik durch Perfusion-Forecasting
Zeigt jemand Symptome eines Schlaganfalls, ist Eile geboten. Denn je eher dieser diagnostiziert wird, umso besser sind die Behandlungsmöglichkeiten. Ein wichtiges Diagnoseverfahren ist die Perfusions-CT. Dabei nimmt ein Computertomograf (CT) eine Folge von Bildern auf und kann so die Durchblutung des Gehirns darstellen. Allerdings ist das Verfahren mit einer hohen Röntgenbelastung verbunden. Simon Ma suchte nach einer Möglichkeit, die Strahlendosis zu verringern, ohne die diagnostische Qualität zu verschlechtern. Dazu schrieb und trainierte er einen KI-Algorithmus, der die CT-Bilder analysiert. Dadurch kann die Software berechnen, welches Bild auf ein vorhergehendes folgt. Erste Auswertungen legen nahe, dass sich so die Zahl der Bildaufnahmen reduzieren und die Strahlenbelastung halbieren lässt.",https://www.jugend-forscht.de/index.php?id=262&tx_smsjufoprojects_smsjufprojectdb%5Bproject%5D=7737&tx_smsjufoprojects_smsjufprojectdb%5Baction%5D=show&tx_smsjufoprojects_smsjufprojectdb%5Bcontroller%5D=Project&cHash=1698149aee172c363ad5ce322e5089a4,2025,Mathematik/Informatik,Niedersachsen
2025,Mathematik/Informatik,2025 | Mathematik/Informatik | Bremen,SocialHope – inhibitorische Benachrichtigungen zur Reduktion der Social-Media-Nutzung,"Lucas Jeremias Knapp, 
									
										Jonte Sören Walter","Lucas Jeremias Knapp (19, links), BremenSchulzentrum des Sekundarbereichs II Utbremen
Jonte Sören Walter (18, rechts), BremenSchulzentrum des Sekundarbereichs II Utbremen
Preis für eine Arbeit von Auszubildenden auf dem Gebiet ""MenschArbeitTechnik""Preisstifter: Arbeitgeberverband Gesamtmetall
SocialHope – inhibitorische Benachrichtigungen zur Reduktion der Social-Media-Nutzung
Allein in Deutschland nutzen viele Millionen Menschen soziale Netzwerke wie TikTok und Instagram. Manche von ihnen drohen regelrecht süchtig zu werden, sie haben Schwierigkeiten, sich vom Bildschirm zu lösen. Um dem entgegenzuwirken, entwickelten Lucas Jeremias Knapp und Jonte Sören Walter eine App, die sich Social-Media-Nutzende auf ihr Smartphone laden können. Zunächst erfasst die Software, wieviel Zeit die Menschen am Tag mit Social Media verbringen. Im zweiten Schritt verschickt sie beispielsweise Informationen zur Nutzungshäufigkeit und Benachrichtigungen, die positiv und motivierend dazu anregen sollen, mal wieder etwas anderes zu tun. Die Benachrichtigungen scheinen zu wirken: Bei einem Test mit neun Freiwilligen sank die durchschnittliche tägliche Bildschirmzeit um 15 Minuten.",https://www.jugend-forscht.de/index.php?id=262&tx_smsjufoprojects_smsjufprojectdb%5Bproject%5D=7743&tx_smsjufoprojects_smsjufprojectdb%5Baction%5D=show&tx_smsjufoprojects_smsjufprojectdb%5Bcontroller%5D=Project&cHash=a82a685e5a2ee9c3691ad22add6099d5,2025,Mathematik/Informatik,Bremen
2025,Mathematik/Informatik,2025 | Mathematik/Informatik | Hamburg,Vorhersage von Proteinaggregation mithilfe von KI,Elisabeth Bonn,"Elisabeth Bonn (17), HamburgGymnasium Ohmoor, Hamburg
Zentrum für Molekulare Neurobiologie, Hamburg
Vorhersage von Proteinaggregation mithilfe von KI
Bei Krankheiten wie Alzheimer spielen fehlerhafte Proteine eine Rolle, die sich in den Gehirnzellen zu Klumpen zusammenballen. Auch bei der Erbkrankheit Phenylketonurie kommt es zu solchen Eiweißablagerungen. Elisabeth Bonn wollte wissen, ob KI helfen kann, solche Verklumpungen vorherzusagen und den Schweregrad der Krankheit abzuschätzen. Dazu nutzte sie ein Sprachmodell, das ursprünglich für Texte entwickelt wurde, sich aber auch für die Analyse von Eiweißketten eignet. Die Jungforscherin fütterte das Programm mit veränderten Versionen eines Proteins und ließ es berechnen, wie stark sich dessen Form vom Original unterscheidet. Zwar kann sie die damit die Verklumpungen noch nicht vorhersagen. Doch ihre Ergebnisse stimmen sie optimistisch, dass das in Zukunft möglich sein sollte.",https://www.jugend-forscht.de/index.php?id=262&tx_smsjufoprojects_smsjufprojectdb%5Bproject%5D=7763&tx_smsjufoprojects_smsjufprojectdb%5Baction%5D=show&tx_smsjufoprojects_smsjufprojectdb%5Bcontroller%5D=Project&cHash=4a47cb52733262296201eb808ddfe409,2025,Mathematik/Informatik,Hamburg
2025,Geo- und Raumwissenschaften,2025 | Geo- und Raumwissenschaften | Sachsen-Anhalt,"Autos hin oder her, für die Fahrradfahrer ist es in der Nachtweide viel zu schwer","Elisabeth Scholz, 
									
										Magdalena Palomino Oviedo, 
									
										Mara Sirin Hollstein","Elisabeth Scholz (15, links), MagdeburgNorbertusgymnasium Magdeburg
Magdalena Palomino Oviedo (15, rechts), MagdeburgNorbertusgymnasium Magdeburg
Mara Sirin Hollstein (16, Mitte), MagdeburgNorbertusgymnasium Magdeburg
Preis für eine Arbeit auf dem Gebiet des geowissenschaftlichen UnterrichtsPreisstifter: Verband Deutscher Schulgeographie e. V.
Autos hin oder her, für die Fahrradfahrer ist es in der Nachtweide viel zu schwer
Der Autoverkehr vor dem Norbertusgymnasium in Magdeburg gefährdet Schülerinnen und Schüler, die mit dem Fahrrad unterwegs sind. Elisabeth Scholz, Magdalena Palomino Oviedo und Mara Hollstein analysierten daher die Verkehrssituation im Detail. Sie zählten Radfahrer und Autos, befragten Schulkinder sowie Lehrkräfte nach ihren Fahrgewohnheiten und analysierten die bestehenden Verkehrswege. Dann glichen sie ihre Ergebnisse mit der Straßenverkehrsordnung ab und kamen zum Ergebnis, dass der vorhandene Gehweg rein formal auch für Radfahrer freigegeben werden könnte. Auch die Umwidmung der Straße zur Fahrradstraße mit zugelassenem Kfz-Verkehr wäre möglich. Greift die Stadt die Erkenntnisse der Jungforscherinnen auf, hätten sie für die Verkehrssicherheit an ihrer Schule viel erreicht.",https://www.jugend-forscht.de/index.php?id=262&tx_smsjufoprojects_smsjufprojectdb%5Bproject%5D=7664&tx_smsjufoprojects_smsjufprojectdb%5Baction%5D=show&tx_smsjufoprojects_smsjufprojectdb%5Bcontroller%5D=Project&cHash=f6cc12b6a9da10be2f23acbf54bc7368,2025,Geo- und Raumwissenschaften,Sachsen-Anhalt
2025,Geo- und Raumwissenschaften,2025 | Geo- und Raumwissenschaften | Hessen,Bionisches Wandkühlsystem nach Termitenvorbild,Svenja Bergling,"Svenja Bergling (19), RödermarkOswald-von-Nell-Breuning-Schule, Rödermark
Bionisches Wandkühlsystem nach Termitenvorbild
Termiten bewirken durch die Gänge in ihren Hügeln eine passive Kühlung des Innenraums. Svenja Bergling untersuchte, ob sich dieses Prinzip auch für Wohngebäude von Menschen nutzbar machen lässt. Dazu fertigte sie zwei Modelle von Ziegelsteinen mit innenliegenden Gangsystemen, die einem Termitenbau nachempfunden wurden. Diese Tonkörper erwärmte sie durch Bestrahlung mit einer Lampe und erfasste die Temperaturen in den Kammern an verschiedenen Stellen. Im Vergleich mit einem soliden Ziegel konnte die Jungforscherin eine um bis zu 0,6 Grad Celsius reduzierte Erwärmung ihres Baumaterials nachweisen. Besonders in Erdregionen, in denen die Temperaturen zwischen Tag und Nacht stark schwanken, könnten entsprechende Ziegel an Fassaden künftig den Energiebedarf für eine aktive Kühlung der Gebäude reduzieren.",https://www.jugend-forscht.de/index.php?id=262&tx_smsjufoprojects_smsjufprojectdb%5Bproject%5D=7666&tx_smsjufoprojects_smsjufprojectdb%5Baction%5D=show&tx_smsjufoprojects_smsjufprojectdb%5Bcontroller%5D=Project&cHash=87c9846338d92587d4367a0f1a1d8f1d,2025,Geo- und Raumwissenschaften,Hessen
2025,Geo- und Raumwissenschaften,2025 | Geo- und Raumwissenschaften | Bayern,Der Mond als Spiegel der Erde,"Sienna Drack, 
									
										Claire Dillmann","Sienna Drack (16, rechts), MünchenOskar-von-Miller-Gymnasium, München
Claire Dillmann (17, links), MünchenOskar-von-Miller-Gymnasium, München
Bundessieg1. Preis Geo- und RaumwissenschaftenPreisstifter: stern
Preis für eine Arbeit auf dem Gebiet der GeographiePreisstifter: Deutsche Gesellschaft für Geographie e. V.
Der Mond als Spiegel der Erde
Die globale Vegetationsentwicklung kann durch die Beobachtung des Erdlichts erfasst werden, das heißt des Sonnenlichts, das von der Erde ins All reflektiert wird. Sienna Drack und Claire Dillmann haben ein Citizen-Science-Projekt ins Leben gerufen, bei dem interessierte Bürger die Reflexion des Erdlichts auf der Mondoberfläche mit handelsüblichen Smartphone-Kameras fotografieren. Die Jungforscherinnen analysierten spezifische Farbanteile auf den Fotos, da diese Hinweise auf Veränderungen der Vegetationsgesundheit geben. Mit den Umweltmessdaten der teilnehmenden Bürger soll eine Datenbank erstellt werden, um die satellitengestützte Vegetationsüberwachung zu ergänzen. Ziel ist es, Vegetationsdynamiken zu untersuchen und das Verständnis der pflanzlichen Reaktionen auf Umweltveränderungen zu verbessern.",https://www.jugend-forscht.de/index.php?id=262&tx_smsjufoprojects_smsjufprojectdb%5Bproject%5D=7675&tx_smsjufoprojects_smsjufprojectdb%5Baction%5D=show&tx_smsjufoprojects_smsjufprojectdb%5Bcontroller%5D=Project&cHash=aa9e44944108ab104d00e80fe31a4194,2025,Geo- und Raumwissenschaften,Bayern
2025,Geo- und Raumwissenschaften,2025 | Geo- und Raumwissenschaften | Brandenburg,Die photometrische Entwicklung der rekurrierenden Nova TCrB 2024,Loreley Paul,"Loreley Paul (17), Neuenhagen bei BerlinEinstein-Gymnasium, Neuenhagen bei Berlin
2. Preis Geo- und RaumwissenschaftenPreisstifter: stern
SonderpreisEinladung zum London International Youth Science ForumPreisstifter: Ernst A. C. Lange-Stiftung
Preis für eine Arbeit auf dem Gebiet der AstronomiePreisstifter: Astronomische Gesellschaft e. V.
Die photometrische Entwicklung der rekurrierenden Nova TCrB 2024
Der veränderliche Stern T Coronae Borealis ist eine rekurrierende, also wiederkehrende Nova. Der Stern zeigt etwa alle 80 Jahre einen Helligkeitsausbruch. Es handelt sich um ein sehr seltenes Ereignis in der Beobachtungsastronomie. Für das Jahr 2024 wurde ein erneuter Ausbruch prognostiziert. Loreley Paul erforschte die fotometrische Entwicklung der Nova, konnte für 2024 jedoch keine charakteristischen Helligkeitsveränderungen und kein erneutes Aufleuchten feststellen. Die fotometrische Entwicklung der Nova dokumentierte sie im Zeitraum von April bis November 2024 mittels einer speziellen Breitbandfotometrie. Die Nova TCrB ist bislang nicht eingetreten und ihre gegenwärtige Entwicklung deutet auch nicht auf ein unmittelbares Bevorstehen hin. Wann die Nova auftritt, bleibt abzuwarten.",https://www.jugend-forscht.de/index.php?id=262&tx_smsjufoprojects_smsjufprojectdb%5Bproject%5D=7678&tx_smsjufoprojects_smsjufprojectdb%5Baction%5D=show&tx_smsjufoprojects_smsjufprojectdb%5Bcontroller%5D=Project&cHash=3446e8fa02aeb7a9cf47b331f51f5f6c,2025,Geo- und Raumwissenschaften,Brandenburg
2025,Geo- und Raumwissenschaften,2025 | Geo- und Raumwissenschaften | Rheinland-Pfalz,Flussperlmuscheln als Klimaarchiv? Wachstum und Temperatur unter der Lupe,Clara Köstler,"Clara Köstler (18), MainzMaria Ward-Schule, Mainz
Johannes Gutenberg-Universität Mainz
Flussperlmuscheln als Klimaarchiv? Wachstum und Temperatur unter der Lupe
Die Flussperlmuschel kann mehr als 200 Jahre alt werden. Da die Tiere durch den im Winter verlangsamten Stoffwechsel Linien in ihren Schalen ausbilden, liegt die Vermutung nahe, die Muschelschalen könnten ein Archiv der örtlichen Klimaverhältnisse sein. Clara Köstler analysierte die Abstände der Winterlinien in den Schalen verstorbener Muscheln und untersuchte sie auf Korrelationen zu historischen Daten von Temperatur, Niederschlag, Wasserstand, Durchflussrate und pH-Wert. Dabei zeigte sich, dass die Faktoren, die das Wachstum der Schalen bestimmen, vielschichtig sind; im Gegensatz zu Flussperlmuscheln aus Schweden ließ sich bei Muscheln aus Deutschland keine direkte Korrelation zur Wassertemperatur nachweisen. Welche Faktoren das Wachstum der Muschelschale beeinflussen, müssen weitere Analysen zeigen.",https://www.jugend-forscht.de/index.php?id=262&tx_smsjufoprojects_smsjufprojectdb%5Bproject%5D=7692&tx_smsjufoprojects_smsjufprojectdb%5Baction%5D=show&tx_smsjufoprojects_smsjufprojectdb%5Bcontroller%5D=Project&cHash=f0ac8197de746a6ddb96743404f554ec,2025,Geo- und Raumwissenschaften,Rheinland-Pfalz
2025,Geo- und Raumwissenschaften,2025 | Geo- und Raumwissenschaften | Bremen,"Klimamodellentwicklung: Treibhausgase, Gleichgewichtsanalyse und historische Klimarätsel",Leander Lohmann,"Leander Lohmann (20), BremenFreie Waldorfschule Bremen Osterholz
Preis für eine originelle Arbeit auf dem Gebiet der GeowissenschaftenPreisstifter: Deutsche Geologische GesellschaftGeologische Vereinigung
Klimamodellentwicklung: Treibhausgase, Gleichgewichtsanalyse und historische Klimarätsel
Das Weltklima kann bereits auf kleine Veränderungen der atmosphärischen oder astronomischen Rahmenbedingungen sehr empfindlich reagieren. Das wies Leander Lohmann mit einem selbst entwickelten Rechenmodell nach. Er zeigte, dass eine Verdopplung der CO2-Konzentration in der Atmosphäre einen Temperaturanstieg von etwa 2,5 Grad Celsius bewirkt. Zudem simulierte er, wie reduzierte Sonneneinstrahlung zu einer Vereisung führen würde. Dabei kalkulierte der Jungforscher auch Rückkopplungseffekte mit ein, da zum Beispiel eine Abkühlung der Erde die Eisflächen wachsen ließe, wodurch sich wiederum die Reflexion von Sonnenlicht erhöhen und die Erdtemperatur so weiter sinken würde. Auf diese Weise entstand ein Klimamodell, mit dem sich grundlegende Mechanismen im Klimasystem besser verstehen lassen.",https://www.jugend-forscht.de/index.php?id=262&tx_smsjufoprojects_smsjufprojectdb%5Bproject%5D=7703&tx_smsjufoprojects_smsjufprojectdb%5Baction%5D=show&tx_smsjufoprojects_smsjufprojectdb%5Bcontroller%5D=Project&cHash=be7aee0e4d46fbc8453398fc373b3a34,2025,Geo- und Raumwissenschaften,Bremen
2025,Geo- und Raumwissenschaften,2025 | Geo- und Raumwissenschaften | Nordrhein-Westfalen,Kosmologische Entfernungsberechnung mit Supernovae,Joan Alcaide Núñez,"Joan Alcaide Núñez (17), Sant Just DesvernDeutsche Schule Barcelona, Esplugues de Llobregat
Kosmologische Entfernungsberechnung mit Supernovae
Seit rund 100 Jahren weiß man, dass sich das Universum ausdehnt. Die genaue Ausdehnungsgeschwindigkeit ist jedoch noch immer nicht bekannt, da verschiedene Methoden zur Messung unterschiedliche Ergebnisse liefern. Diese auch Hubble-Konstante genannte Größe ist wichtig, um das Universum zu verstehen. Joan Alcaide Nu?n?ez nutzte verschiedene astronomische Modelle, Computerprogramme und eine Supernova, um diese Konstante selbst zu berechnen. Er verbrachte dazu zwei Monate mit der Durchführung von Forschungen zur Berechnung kosmologischer Parameter von Typ-Ia-Supernovae (SNIa). Mit der Analyse der Daten dieser Sternenexplosion konnte er nicht nur die Hubble-Konstante, sondern auch die Dichte von Materie, Dunkler Energie und die Beschleunigung der Expansion des Universums messen.",https://www.jugend-forscht.de/index.php?id=262&tx_smsjufoprojects_smsjufprojectdb%5Bproject%5D=7705&tx_smsjufoprojects_smsjufprojectdb%5Baction%5D=show&tx_smsjufoprojects_smsjufprojectdb%5Bcontroller%5D=Project&cHash=0445a0787c018dfe28c3257fec87307a,2025,Geo- und Raumwissenschaften,Nordrhein-Westfalen
2025,Geo- und Raumwissenschaften,2025 | Geo- und Raumwissenschaften | Nordrhein-Westfalen,Nachweis heißer Jupiter und eines erdgroßen Exoplaneten in der habitablen Zone,Emily Hein,"Emily Hein (17), VettweißFranken-Gymnasium Zülpich
Nachweis heißer Jupiter und eines erdgroßen Exoplaneten in der habitablen Zone
Emily Hein gelang es, anhand der sogenannten Transitmethode und eigener Beobachtungen die Existenz von drei Exoplaneten nachzuweisen – das sind Planeten, die außerhalb unseres Sonnensystems um einen Stern kreisen. Sie nutzte dazu Messungen eines NASA-Weltraumteleskops und eines erdgebundenen Teleskops in Namibia. Bei der Transitmethode werden Exoplaneten nur indirekt durch Beobachtung des Helligkeitsverlaufs des jeweiligen Muttersterns nachgewiesen. Schwierig ist dabei, Exoplaneten von einem Doppelsternsystem zu unterscheiden. Durch die kombinierte Nutzung der beiden Teleskope konnte die Jungforscherin eindeutig die Exoplaneten TOI 2645.01, TOI 2622.01 und TIC 46432937b nachweisen. Ein vierter, erdgroßer Exoplanetenkandidat, der um einen roten Zwerg kreist, wartet noch auf Bestätigung.",https://www.jugend-forscht.de/index.php?id=262&tx_smsjufoprojects_smsjufprojectdb%5Bproject%5D=7719&tx_smsjufoprojects_smsjufprojectdb%5Baction%5D=show&tx_smsjufoprojects_smsjufprojectdb%5Bcontroller%5D=Project&cHash=41a27732a2837b569e6523c7a4f8915b,2025,Geo- und Raumwissenschaften,Nordrhein-Westfalen
2025,Geo- und Raumwissenschaften,2025 | Geo- und Raumwissenschaften | Saarland,qPCR – ein neues Werkzeug zur Beobachtung des Klimawandels?,"Florian Thies, 
									
										Alexander Bach, 
									
										Jona Masloh","Florian Thies (16, links), LebachGeschwister-Scholl-Gymnasium, Lebach
Alexander Bach (16, nicht im Bild), LebachGeschwister-Scholl-Gymnasium, Lebach
Jona Masloh (16, rechts), LebachGeschwister-Scholl-Gymnasium, Lebach
qPCR – ein neues Werkzeug zur Beobachtung des Klimawandels?
Die Bakterienmenge in einer Wasserprobe gibt Hinweise darauf, welche Umweltbedingungen am Ort der Probenentnahme vorherrschen. Florian Thies, Alexander Bach und Jona Masloh zeigten anhand einer Verdünnungsreihe, dass die quantitative Polymerase-Kettenreaktion ein gutes Verfahren ist, um die Menge von Bakterien-DNA in Wasserproben zu messen. Sie konnten die Bakterienkonzentration in Proben von Aquarienwasser im Vergleich zu einer selbst erstellten Standardkurve ermitteln. Da der Klimawandel auch Auswirkungen auf die Bakteriologie von Seen und Tümpeln haben dürfte, lässt sich das Verfahren nach Ansicht der Jungforscher auch dafür nutzen, Klimaveränderungen nachzuweisen. Dafür müsste man Wasserproben von verschiedenen Orten und über längere Zeiträume auswerten.",https://www.jugend-forscht.de/index.php?id=262&tx_smsjufoprojects_smsjufprojectdb%5Bproject%5D=7735&tx_smsjufoprojects_smsjufprojectdb%5Baction%5D=show&tx_smsjufoprojects_smsjufprojectdb%5Bcontroller%5D=Project&cHash=84f82239a4af2d54374304b38934a4a3,2025,Geo- und Raumwissenschaften,Saarland
2025,Geo- und Raumwissenschaften,2025 | Geo- und Raumwissenschaften | Baden-Württemberg,Simulation der Sternentstehung bei Andromeda-Milchstraßen-Verschmelzung,"Philip Späth, 
									
										Kimi Sickinger","Philip Späth (19, links), TübingenGewerbliche Schule Tübingen
Kimi Sickinger (19, rechts), MössingenGewerbliche Schule Tübingen
4. Preis Geo- und RaumwissenschaftenPreisstifter: stern
Preis für eine Arbeit auf den Gebieten der Naturwissenschaften und der TechnikPreisstifter: Wilhelm und Else Heraeus-Stiftung
Simulation der Sternentstehung bei Andromeda-Milchstraßen-Verschmelzung
Der Andromedanebel ist rund 2,5 Millionen Lichtjahre von unserer Milchstraße entfernt.?Beide Galaxien rasen aber mit etwa 400 000 Stundenkilometern aufeinander zu. In rund vier Milliarden Jahren werden sie kollidieren. Was bei dieser Verschmelzung geschieht, untersuchten Philip Späth und Kimi Sickinger. Sie entwickelten eine Software, die die Wechselwirkungen zwischen Sternen, Dunkler Materie und interstellarem Gas während der bevorstehenden Kollision simuliert. Die Berechnungen führten sie auf einem Hochleistungsserver durch, der für die Simulation eines Zeitraums von zehn Milliarden Jahren insgesamt 33 Stunden benötigte. Ihre Ergebnisse zeigten, dass die Sternentstehung aufgrund des geringen Gasvorrats in beiden Galaxien moderat bleibt. Die Verschmelzung führt zu einer elliptischen Galaxie.",https://www.jugend-forscht.de/index.php?id=262&tx_smsjufoprojects_smsjufprojectdb%5Bproject%5D=7738&tx_smsjufoprojects_smsjufprojectdb%5Baction%5D=show&tx_smsjufoprojects_smsjufprojectdb%5Bcontroller%5D=Project&cHash=34ee5c9d15e89597de3ecfefed0bd2a6,2025,Geo- und Raumwissenschaften,Baden-Württemberg
2025,Geo- und Raumwissenschaften,2025 | Geo- und Raumwissenschaften | Thüringen,Softwareentwicklung zur Analyse der Struktur und Dynamik von Sternhaufen,"Johannes Adrian Rudolf, 
									
										Johannes-Konstantin Schmidt, 
									
										Tilman Nikolaus Bald","Johannes Adrian Rudolf (17, rechts), Wutha-FarnrodaStaatliches Gymnasium “Albert Schweitzer” Erfurt
Johannes-Konstantin Schmidt (19, links), SondershausenStaatliches Gymnasium “Albert Schweitzer” Erfurt
Tilman Nikolaus Bald (17, Mitte), ErfurtStaatliches Gymnasium “Albert Schweitzer” Erfurt
Softwareentwicklung zur Analyse der Struktur und Dynamik von Sternhaufen
Johannes Adrian Rudolf, Johannes-Konstantin Schmidt und Tilman Nikolaus Bald erforschten Sternhaufen. Mit einer selbst programmierten Software, die die Bewegung der Sterne mittels der Gravitationskraft berechnet, modellierten sie Struktur und Dynamik der Sternsysteme. Für die Softwareentwicklung wurden Daten der ESA-Raumsonde Gaia verwertet. Sternhaufen wie die Plejaden sind mit dem Auge nur als nebeliger Fleck zu erkennen. Hochaufgelöst zeigt sich der Fleck als Ansammlung zahlreicher Sterne, die in dem Sternhaufen nur wenige Lichtjahre voneinander entfernt sind. Über 9 000 Datenanalysen belegten, dass sich die Sternhaufen zu einem Großteil aus Sternen mit gleichen Geschwindigkeiten zusammensetzen. Im Ergebnis stellten die Jungforscher bei allen untersuchten Sternhaufen eine Ausdehnung fest.",https://www.jugend-forscht.de/index.php?id=262&tx_smsjufoprojects_smsjufprojectdb%5Bproject%5D=7744&tx_smsjufoprojects_smsjufprojectdb%5Baction%5D=show&tx_smsjufoprojects_smsjufprojectdb%5Bcontroller%5D=Project&cHash=e7dc723c0f6a74e61cd13c98590ca10a,2025,Geo- und Raumwissenschaften,Thüringen
2025,Geo- und Raumwissenschaften,2025 | Geo- und Raumwissenschaften | Niedersachsen,Untersuchung der Dämpfung von Autobahnlärm durch Bäume und Sträucher,Antonia Linke,"Antonia Linke (17), PeineRatsgymnasium Peine
Untersuchung der Dämpfung von Autobahnlärm durch Bäume und Sträucher
Autolärm in Naherholungsgebieten stört die Ruhe. Antonia Linke ging der Frage nach, in welchem Maße Vegetation die Belastung reduzieren kann. Sie entwickelte ein Messsystem, mit dem sie an verschiedenen Standorten in der Nähe der Autobahn A2 Schallmessungen vornahm, einschließlich einer Analyse des jeweiligen Frequenzspektrums. Zugleich protokollierte sie das Wetter und den jahreszeitlichen Wandel der Gehölze. So konnte die Jungforscherin zeigen, dass belaubte Bäume zwar eine gewisse Lärmminderung bringen, kahle Bäume im Winter jedoch kaum einen Effekt erzielen. Zudem fand sie heraus, dass hochfrequente Rollgeräusche stärker gedämpft werden als niederfrequente Motorengeräusche. Ihre Erkenntnisse können Landschaftsplanern künftig Hinweise geben, welche Gehölze sich für den Lärmschutz an Straßen eignen.",https://www.jugend-forscht.de/index.php?id=262&tx_smsjufoprojects_smsjufprojectdb%5Bproject%5D=7755&tx_smsjufoprojects_smsjufprojectdb%5Baction%5D=show&tx_smsjufoprojects_smsjufprojectdb%5Bcontroller%5D=Project&cHash=d068d7dc7d87c27d9b206f6720963fd1,2025,Geo- und Raumwissenschaften,Niedersachsen
2025,Geo- und Raumwissenschaften,2025 | Geo- und Raumwissenschaften | Hamburg,Untersuchung der Pulsation von RR-Lyrae-Sternen mit BVRI-Photometrie,Leonhard Balko,"Leonhard Balko (17), HamburgLuisen-Gymnasium Bergedorf, Hamburg
Schülerforschungszentrum Hamburg
5. Preis Geo- und RaumwissenschaftenPreisstifter: stern
Untersuchung der Pulsation von RR-Lyrae-Sternen mit BVRI-Photometrie
Nicht alle Sterne strahlen so gleichmäßig wie unsere Sonne. Es gibt auch pulsierende Sterne wie die RR-Lyrae-Sterne, deren Helligkeit innerhalb weniger Stunden variiert. Leonhard Balko untersuchte mit seinem Teleskop, auf welche Weise diese Sterne periodisch Parameter wie Temperatur und Radius verändern, sodass im Ergebnis messbare Helligkeitsschwankungen auftreten. Der Jungforscher entwickelte Messtechniken zur fotometrischen Messung veränderlicher Sterne mit seinem Hobbyequipment. Es gelang ihm, die Helligkeitsunterschiede von mehreren RR-Lyrae-Sternen nachzuweisen und mit sehr hoher Genauigkeit zu messen. Damit legte er erfolgreich die Grundlagen für die Untersuchung der Pulsation mit dem Zusammenspiel von Temperatur, Radius und Leuchtkraft.",https://www.jugend-forscht.de/index.php?id=262&tx_smsjufoprojects_smsjufprojectdb%5Bproject%5D=7756&tx_smsjufoprojects_smsjufprojectdb%5Baction%5D=show&tx_smsjufoprojects_smsjufprojectdb%5Bcontroller%5D=Project&cHash=47f1d3ff321bf2e7ea8419b38621b34e,2025,Geo- und Raumwissenschaften,Hamburg
2025,Geo- und Raumwissenschaften,2025 | Geo- und Raumwissenschaften | Baden-Württemberg,WarnMe – sicher am kleinsten Bach,"Niklas Ruf, 
									
										Jana Spiller","Niklas Ruf (17), SchönebürgGymnasium Ochsenhausen
Jana Spiller (18), Rot an der RotGymnasium Ochsenhausen
Schülerforschungszentrum Südwürttemberg, Ochsenhausen
3. Preis Geo- und RaumwissenschaftenPreisstifter: stern
SonderpreisTeilnahme am Stockholm Junior Water Prize in SchwedenPreisstifter: Stockholm International Water Institute
WarnMe – sicher am kleinsten Bach
Die Erfassung einer Hochwassersituation und die frühzeitige Warnung gefährdeter Anwohner kann Leben retten. Niklas Ruf und Jana Spiller bauten einfache Messstationen, die sie unter Brücken montierten, um von dort den Flusspegel kontinuierlich zu erfassen. Sie setzten wahlweise Infrarot- oder Ultraschallsensoren ein und übertrugen die Messwerte an einen Server. Zudem schrieben die Jungforschenden eine App, über die jeder Interessierte die Pegelstände abrufen kann und bei steigendem Wasserstand gewarnt wird. In einem zweistufigen Verfahren ist es im Fall eines drohenden Hochwassers möglich, zuerst Fachleute zu informieren, damit sie sich vor Ort ein Bild machen können. So lassen sich die Opferzahlen einer Flutkatastrophe, wie etwa jener im Juli 2021 im Ahrtal, deutlich senken.",https://www.jugend-forscht.de/index.php?id=262&tx_smsjufoprojects_smsjufprojectdb%5Bproject%5D=7764&tx_smsjufoprojects_smsjufprojectdb%5Baction%5D=show&tx_smsjufoprojects_smsjufprojectdb%5Bcontroller%5D=Project&cHash=a55ba2b53f6277c79baa025da73a29b2,2025,Geo- und Raumwissenschaften,Baden-Württemberg
2024,Physik,2024 | Physik | Bayern,Bahnablenkung von rollenden Magnetkugeln durch das Erdmagnetfeld,"Anton Bernotat, 
									
										Julia Mühlbacher, 
									
										Lena Keil","Anton Bernotat (17, Mitte), BergenChiemgau-Gymnasium, Traunstein
Julia Mühlbacher (17, links), WonnebergChiemgau-Gymnasium, Traunstein
Lena Keil (16, rechts), TraunsteinChiemgau-Gymnasium, Traunstein
Bahnablenkung von rollenden Magnetkugeln durch das Erdmagnetfeld
Die Erde besitzt bekanntlich ein Magnetfeld, ansonsten würde kein Kompass funktionieren. Doch nicht nur Kompassnadeln werden durch das Erdmagnetfeld beeinflusst, sondern auch einfache Magnetkugeln: Sie rollen nicht einfach geradeaus, sondern werden in ihrer Bewegung abgelenkt. Um dieses Phänomen detailliert zu untersuchen, ließen Anton Bernotat, Julia Mühlbacher und Lena Keil verschieden große Kugeln, bestehend aus einem starken Magnetmaterial, über eine Glasplatte rollen. Die Rollbahnen filmten sie mit einer Zeitlupenkamera, eine Software wertete die Daten automatisch aus. Im Ergebnis bewegten sich die Kugeln auf der Glasplatte abhängig von Rollrichtung und Kugelgröße in unterschiedlichste Richtungen. Ein einfach anmutendes Phänomen erwies sich also als hochgradig komplex.",https://www.jugend-forscht.de/index.php?id=262&tx_smsjufoprojects_smsjufprojectdb%5Bproject%5D=7555&tx_smsjufoprojects_smsjufprojectdb%5Baction%5D=show&tx_smsjufoprojects_smsjufprojectdb%5Bcontroller%5D=Project&cHash=0ec24b673e98946372a1cd515573aa9c,2024,Physik,Bayern
2024,Physik,2024 | Physik | Saarland,Der Bernoulli-Effekt,"Max Treitz, 
									
										Noah Li-Sai","Max Treitz (15, links), RoschbergGymnasium Wendalinum, St. Wendel
Noah Li-Sai (15, rechts), St.WendelGymnasium Wendalinum, St. Wendel
Der Bernoulli-Effekt
Den Anfang ihrer Forschungsarbeit markierte eine interessante Beobachtung: Im Urlaub fiel Max Treitz und Noah Li-Sai auf, dass sich im Hafen nebeneinander liegende Boote manchmal gegenseitig anziehen. Dahinter steckt ein bekanntes physikalisches Phänomen – der Bernoulli-Effekt: Wenn eine Flüssigkeit oder ein Gas schnell fließt, wird der Druck darin geringer. Genau dieser Unterdruck ist es, der für die scheinbar magische Anziehung zwischen den Bootsrümpfen sorgt. Doch die Jungforscher wollten es genauer wissen. Sie entwarfen ein Experiment, bei dem ein Fön Luft zwischen zwei sich gegenüberstehende Platten bläst, von denen eine beweglich ist. Und tatsächlich bewegte sich die eine Platte auf die andere zu, als der Fön eingeschaltet wurde.",https://www.jugend-forscht.de/index.php?id=262&tx_smsjufoprojects_smsjufprojectdb%5Bproject%5D=7562&tx_smsjufoprojects_smsjufprojectdb%5Baction%5D=show&tx_smsjufoprojects_smsjufprojectdb%5Bcontroller%5D=Project&cHash=6cd3f7e3031f9ceff64defa3c8811fac,2024,Physik,Saarland
2024,Physik,2024 | Physik | Brandenburg,Die farbige Linie auf einer CD,Maja Lüdge,"Maja Lüdge (18), ZeuthenFriedrich-Schiller-Gymnasium, Königs Wusterhausen
SonderpreisTeilnahme an der Expo-Sciences LuxembourgPreisstifter: Fondation Jeunes Scientifiques Luxembourg
Die farbige Linie auf einer CD
Hält man eine CD oder eine DVD gegen das Licht einer Filament-Lampe, ist ein interessantes optisches Schauspiel zu beobachten: Es erscheint eine grüne Linie, die beim Hin- und Herschwenken der silbernen Scheibe ihre Farbe ändert. Maja Lüdge wollte wissen, wie dieses Phänomen zustande kommt. Zunächst entwickelte sie eine Theorie, die den Effekt durch den speziellen Aufbau einer CD erklärt: Physikalisch gesehen fungiert diese als Beugungsgitter, das Licht spektral zerlegen kann, ähnlich wie ein Prisma. Dann ließ sich die Jungforscherin einen Versuchsaufbau einfallen, mit dem sie das Beugungsverhalten einer CD mithilfe eines Spektrometers detailliert und präzise analysieren konnte. Auf diese Weise stellte sie fest, dass ihre Theorie und das Experiment bestens zusammenpassen.",https://www.jugend-forscht.de/index.php?id=262&tx_smsjufoprojects_smsjufprojectdb%5Bproject%5D=7570&tx_smsjufoprojects_smsjufprojectdb%5Baction%5D=show&tx_smsjufoprojects_smsjufprojectdb%5Bcontroller%5D=Project&cHash=e0de1020a8a2beae59f87f9ab1699d48,2024,Physik,Brandenburg
2024,Physik,2024 | Physik | Sachsen-Anhalt,Entwicklung mechanischer Vögel zur Visualisierung der Aerodynamik des Vogelflugs,Anne Marie Bobes,"Anne Marie Bobes (17), Seehausen (Altmark)Markgraf-Albrecht-Gymnasium, Osterburg
5. Preis PhysikPreisstifter: Max-Planck-Gesellschaft zur Förderung der Wissenschaften e. V.
SonderpreisForschungsaufenthalt am CERN in der SchweizPreisstifter: Wilhelm und Else Heraeus-Stiftung
Entwicklung mechanischer Vögel zur Visualisierung der Aerodynamik des Vogelflugs
Der Vogelflug beschäftigt die Wissenschaft nach wie vor und ist Gegenstand aktueller Studien. Auch Anne Marie Bobes zeigte sich fasziniert davon und beschloss, ein detailgetreues Funktionsmodell eines Vogels zu konstruieren. Zunächst zeichnete sie den Körper eines im Wind gleitenden Vogels im Computer und druckte anschließend ein 3-D-Modell ihres Entwurfs. Die Flügel staffierte sie mit Federn aus, ein Elektromotor erlaubt unterschiedliche Flügelstellungen. Die Jungforscherin testete ihr Modell in einen selbst gebauten Windkanal und verwendete dabei eine spezielle Fototechnik, um das komplexe Muster der Luftströmung sichtbar zu machen. Dadurch konnte sie präzise zeigen, unter welchen Bedingungen die Strömung abreißt – ein wichtiges Detail, um den Vogelflug genauer zu verstehen.",https://www.jugend-forscht.de/index.php?id=262&tx_smsjufoprojects_smsjufprojectdb%5Bproject%5D=7580&tx_smsjufoprojects_smsjufprojectdb%5Baction%5D=show&tx_smsjufoprojects_smsjufprojectdb%5Bcontroller%5D=Project&cHash=af63f60964f4c431602293939843c48c,2024,Physik,Sachsen-Anhalt
2024,Physik,2024 | Physik | Niedersachsen,Entwicklung und Anwendung einer magnetohydrodynamischen Lattice-Boltzmann-Simulation,"Johanna Pluschke, 
									
										Finn Bartels","Johanna Pluschke (17), LüneburgGymnasium Johanneum Lüneburg
Finn Bartels (18), AdendorfGymnasium Johanneum Lüneburg
4. Preis PhysikPreisstifter: Max-Planck-Gesellschaft zur Förderung der Wissenschaften e. V.
Entwicklung und Anwendung einer magnetohydrodynamischen Lattice-Boltzmann-Simulation
Auch Raumfahrzeuge können elektrisch angetrieben werden, und zwar mit sogenannten Ionentriebwerken. Deren Leistung reicht zwar nicht aus, um von der Erde abzuheben. Aber sie genügt, um im All Satelliten auszurichten oder Raumsonden sachte anzuschieben. Bei dieser Antriebsmethode wird ein Gas elektrisch aufgeladen. Dabei entstehen geladene Teilchen, die dann per Hochspannung hinausbeschleunigt werden, was einen Schub erzeugt. Johanna Pluschke und Finn Bartels wollten wissen, inwieweit sich diese Technik verbessern lässt. Dazu programmierten sie eine Software, die einige der Prozesse der Ionenbeschleunigung simulieren kann. Das Ergebnis sind Computerbilder, die die Form von Magnetfeldern, wie sie sich hinter einem Ionentriebwerk ausbilden können, eindrucksvoll visualisieren.",https://www.jugend-forscht.de/index.php?id=262&tx_smsjufoprojects_smsjufprojectdb%5Bproject%5D=7581&tx_smsjufoprojects_smsjufprojectdb%5Baction%5D=show&tx_smsjufoprojects_smsjufprojectdb%5Bcontroller%5D=Project&cHash=efae617b8632de1c820bffc3fd9c9d7a,2024,Physik,Niedersachsen
2024,Physik,2024 | Physik | Sachsen,Flip around! Untersuchung der dynamischen Längsstabilität verschiedener Federballmodelle,Helena Krüger,"Helena Krüger (18), ZittauChristian-Weise-Gymnasium Zittau
Hochschule Zittau/Görlitz
Preis für eine Arbeit auf dem Gebiet der Luft- und RaumfahrtPreisstifter: Deutsches Zentrum für Luft- und Raumfahrt
Flip around! Untersuchung der dynamischen Längsstabilität verschiedener Federballmodelle
Badminton ist ein rasanter Sport: Wird der Ball mit voller Wucht vom Schläger getroffen, kann er eine Geschwindigkeit von mehr als 500 km/h erreichen. Häufig werden dabei Bälle mit Gänsefedern verwendet. Allerdings sind sie teuer, gehen schnell kaputt und verursachen dadurch viel Abfall. Daher haben die Hersteller Alternativen entwickelt, etwa auf Carbon-Basis. Helena Krüger wollte herausfinden, was diese neuen Modelle taugen. Dazu untersuchte sie mit einem eigens entwickelten Teststand deren Flugverhalten: Unter anderem filmte sie mit einer Hochgeschwindigkeitskamera, wie stabil sich die Bälle im Windkanal verhielten und wie groß ihre Luftreibung ausfiel. Im Ergebnis kommen die neuen Modelle in ihrem Flugverhalten den echten Federbällen deutlich näher als simple Synthetikbälle.",https://www.jugend-forscht.de/index.php?id=262&tx_smsjufoprojects_smsjufprojectdb%5Bproject%5D=7588&tx_smsjufoprojects_smsjufprojectdb%5Baction%5D=show&tx_smsjufoprojects_smsjufprojectdb%5Bcontroller%5D=Project&cHash=25675b11e91f46e9b8aad634bda307d0,2024,Physik,Sachsen
2024,Physik,2024 | Physik | Sachsen,Foucault'sches Pendel DIY – Nachweis der Erdrotation im digitalen Zeitalter,Dan Vlad Himcinschi,"Dan Vlad Himcinschi (18), ChemnitzJohannes-Kepler-Gymnasium Chemnitz
Foucault'sches Pendel DIY – Nachweis der Erdrotation im digitalen Zeitalter
Das Foucault'sche Pendel ist eines der berühmtesten Experimente der Physikgeschichte. 1851 konnte der Franzose Léon Foucault mit einem schwingenden Pendel nachweisen, dass sich die Erde um sich selbst dreht. Der Nachweis gelang, indem das Pendel eine charakteristische Spur in glatt gestrichenen Sand zog. Dan Vlad Himcinschi übertrug den Versuch in die Jetztzeit. Im Treppenhaus seiner Schule ließ er ein langes Drahtseil aufhängen, an dem eine schwere Kugel hängt. Ein trickreicher Magnetantrieb sorgt dafür, dass das Pendel dauerhaft schwingt. Statt mit Sand wird die im Laufe des Tages variierende Pendelbewegung durch einen raffinierten Sensoraufbau gemessen. Ein Monitor zeigt die Veränderung vor und nach Schulschluss an und beweist so auf anschauliche Weise: Ja, die Erde rotiert tatsächlich.",https://www.jugend-forscht.de/index.php?id=262&tx_smsjufoprojects_smsjufprojectdb%5Bproject%5D=7590&tx_smsjufoprojects_smsjufprojectdb%5Baction%5D=show&tx_smsjufoprojects_smsjufprojectdb%5Bcontroller%5D=Project&cHash=2db5fbc578a1fe85e7ca1dc8fd8bdf84,2024,Physik,Sachsen
2024,Physik,2024 | Physik | Rheinland-Pfalz,Fractal fingers,Luis Liebenstein,"Luis Liebenstein (19), Neustadt Wstr.Kurfürst-Ruprecht-Gymnasium, Neustadt an der Weinstraße
Fractal fingers
Trifft ein Tropfen aus einem Alkohol-Tinte-Gemisch auf eine Schicht aus Acrylfarbe, kann ein faszinierendes Muster entstehen: Aus dem Rand des Tintenkleckses wachsen fraktal verzweigte Finger. Luis Liebenstein erforschte dieses Phänomen akribisch. Bei seinen Versuchen variierte er mehrere Einflussgrößen, etwa die Alkoholkonzentration im Tropfen und die Dicke der Acrylfarbe. Er fotografierte die entstandenen Muster und wertete die Bilder mit einer selbst geschriebenen Software aus. Dabei kam er zu dem Ergebnis, dass die Muster umso größer gerieten, je mehr Alkohol die Tinte enthielt. Ein höherer Acrylfarbengehalt sorgte dafür, dass sich die Kleckse weniger verzweigten. Darüber hinaus formulierte der Jungforscher eine Theorie des Phänomens, mit der sich die Tintenkleckse im Computer simulieren lassen.",https://www.jugend-forscht.de/index.php?id=262&tx_smsjufoprojects_smsjufprojectdb%5Bproject%5D=7591&tx_smsjufoprojects_smsjufprojectdb%5Baction%5D=show&tx_smsjufoprojects_smsjufprojectdb%5Bcontroller%5D=Project&cHash=3e4d43dc20ba177ce788c48fc01a3d79,2024,Physik,Rheinland-Pfalz
2024,Physik,2024 | Physik | Nordrhein-Westfalen,Ist eine Magnetschwebebahn mithilfe von rotierenden Halbach-Arrays möglich?,"Felix Freddy Weihermann, 
									
										Jonas Umpfenbach","Felix Freddy Weihermann (17, links), MünsterAnnette-von-Droste-Hülshoff-Gymnasium Münster
Jonas Umpfenbach (17, rechts), MünsterAnnette-von-Droste-Hülshoff-Gymnasium Münster
Ist eine Magnetschwebebahn mithilfe von rotierenden Halbach-Arrays möglich?
Als Verkehrsmittel haben sich Magnetschwebebahnen zwar nicht durchgesetzt, sie faszinieren aber nach wie vor durch ihre Technik: Ganz ohne Räder können sie berührungslos über eine Magnetschiene schweben und dabei große Geschwindigkeiten erreichen. Felix Freddy Weihermann und Jonas Umpfenbach untersuchten eine neue Schwebevariante, bei der der Magnet nicht in der Schiene, sondern in der Bahn selbst verbaut ist. Das Prinzip: Eine Scheibe mit 20 kreisförmig angeordneten Magneten wird zum Rotieren gebracht. Dadurch übt sie auf eine darunter- oder darüberliegende Metallplatte eine Kraft aus. Mit zwei Testaufbauten konnten die Jungforscher die Technik erproben und eine gut zwei Kilogramm schwere Platte zum Schweben bringen. Sie nehmen an, dass ihr neues Konzept durchaus schwebebahntauglich ist.",https://www.jugend-forscht.de/index.php?id=262&tx_smsjufoprojects_smsjufprojectdb%5Bproject%5D=7598&tx_smsjufoprojects_smsjufprojectdb%5Baction%5D=show&tx_smsjufoprojects_smsjufprojectdb%5Bcontroller%5D=Project&cHash=a013cb64ad172f622e2a4c9817bd38d6,2024,Physik,Nordrhein-Westfalen
2024,Physik,2024 | Physik | Schleswig-Holstein,Korrekturen zur Higgs-Recoil-Masse im Z-Strahlungskanal,Annika Schwarz,"Annika Schwarz (18), WedelJohann-Rist-Gymnasium Wedel
CERN, Genf
Korrekturen zur Higgs-Recoil-Masse im Z-Strahlungskanal
2012 gelang am Forschungszentrum CERN in Genf eine wissenschaftliche Sensation – die Entdeckung des Higgs-Teilchens. Vereinfacht gesagt ist es dafür zuständig, dass andere Elementarteilchen wie die Quarks überhaupt Masse besitzen. Annika Schwarz interessierte sich für eine der wichtigsten Eigenschaften des Higgs-Teilchens, seine Masse. Um sie mit einer bestimmten Methode zu ermitteln, ging sie von den simulierten Daten eines geplanten Teilchenbeschleunigers aus. Für ihre Berechnungen verwendete die Jungforscherin eine spezielle Software, wobei sie hochkomplexe Korrekturen berücksichtigte. Dadurch konnte sie die Methode deutlich verbessern. Ihre Erkenntnisse könnten eines Tages helfen, mit künftigen Experimenten ein bis dato rätselhaftes Phänomen zu erklären – die Dunkle Materie.",https://www.jugend-forscht.de/index.php?id=262&tx_smsjufoprojects_smsjufprojectdb%5Bproject%5D=7602&tx_smsjufoprojects_smsjufprojectdb%5Baction%5D=show&tx_smsjufoprojects_smsjufprojectdb%5Bcontroller%5D=Project&cHash=bacf35bb44193c70fa1002f6474ad68e,2024,Physik,Schleswig-Holstein
2024,Physik,2024 | Physik | Saarland,Loopingpendel,"Til Mantelers, 
									
										Nicolas Ludwig","Til Mantelers (14, links), MerzigPeter-Wust-Gymnasium Merzig
Nicolas Ludwig (14, rechts), MerzigPeter-Wust-Gymnasium Merzig
Preis für eine Arbeit auf den Gebieten der Naturwissenschaften und der TechnikPreisstifter: Wilhelm und Else Heraeus-Stiftung
Loopingpendel
Im Internet gibt es ein bemerkenswertes Video: In einem Selbstversuch stürzt sich ein Physiker, der an einem Seil hängt, in die Tiefe. Das Seil ist um eine Stange gelegt, am anderen Ende befindet sich ein kleines Gewicht. Dieses wickelt sich während des Sturzes in einer Looping-Bewegung um die Stange, wodurch es den Fall entscheidend bremst. Um die Funktionsweise dieses Loopingpendels zu verstehen, bauten es Til Mantelers und Nicolas Ludwig im kleinen Maßstab nach. Unter anderem befestigten sie eine LED an der Schnur, filmten das Geschehen und zeichneten spiralförmige Bilder auf. Zudem ermittelten die Jungforscher die Brems- und Haltekräfte. Dadurch konnten sie herausfinden, wie das Massenverhältnis, der Winkel und die Seillängen zu wählen sind, damit das Loopingpendel funktioniert.",https://www.jugend-forscht.de/index.php?id=262&tx_smsjufoprojects_smsjufprojectdb%5Bproject%5D=7603&tx_smsjufoprojects_smsjufprojectdb%5Baction%5D=show&tx_smsjufoprojects_smsjufprojectdb%5Bcontroller%5D=Project&cHash=eaa2736bbdd33a4a0bad42d2a0598f31,2024,Physik,Saarland
2024,Physik,2024 | Physik | Nordrhein-Westfalen,Magnetischer Resonator,Zsombor Gál-Knapcsek,"Zsombor Gál-Knapcsek (18), BudapestDeutsche Schule Budapest – Thomas Mann Gymnasium
2. Preis PhysikPreisstifter: Max-Planck-Gesellschaft zur Förderung der Wissenschaften e. V.
Magnetischer Resonator
Magnetkräfte können sehr stark sein. Das demonstrierte Zsombor Gál-Knapcsek mit einem originellen Experiment: Er stellte einen stabförmigen Magneten senkrecht auf und positionierte auf seiner Spitze eine kleine Kugel. Dann setzte er den Stab einem magnetischen Wechselfeld aus. Im Ergebnis übte das Feld so starke Kräfte auf den Stab aus, dass er in schneller Folge ein wenig länger beziehungsweise kürzer wurde. Das magnetisch erzeugte Zittern brachte die Kugel auf diese Weise zum Hüpfen, was eine Kamera filmte und ein Sensor präzise maß. Dem Jungforscher fiel sogar eine mögliche Anwendung seines Versuchs ein. Da die Kugel völlig chaotisch und unberechenbar hüpft, ließen sich mit ihrer Hilfe gezielt Zufallszahlen erzeugen, wie man sie beispielsweise für die Datenverschlüsselung benötigt.",https://www.jugend-forscht.de/index.php?id=262&tx_smsjufoprojects_smsjufprojectdb%5Bproject%5D=7604&tx_smsjufoprojects_smsjufprojectdb%5Baction%5D=show&tx_smsjufoprojects_smsjufprojectdb%5Bcontroller%5D=Project&cHash=ad477eb02e6d37c2509a2d6e6c1a6625,2024,Physik,Nordrhein-Westfalen
2024,Physik,2024 | Physik | Thüringen,Modellierung des Windeinflusses auf die Korngrößenverteilung bei Megarippeln,"Magnus Kirbach, 
									
										Johann Vogel, 
									
										Lorenz Osburg","Magnus Kirbach (18, links), KlettbachStaatliches Gymnasium „Albert Schweitzer” Erfurt
Johann Vogel (18, rechts), Saalfeld/SaaleStaatliches Gymnasium „Albert Schweitzer” Erfurt
Lorenz Osburg (18, Mitte), WeimarStaatliches Gymnasium „Albert Schweitzer” Erfurt
Modellierung des Windeinflusses auf die Korngrößenverteilung bei Megarippeln
In Sandwüsten gibt es riesige Dünen und kleine Rippel. So bezeichnet man die wellige Oberfläche, die man bei Wind auch am Strand beobachten kann. Darüber hinaus gibt es die sogenannten Megarippel. Sie sind bis zu achtzig Zentimeter hoch, die Kämme liegen einen halben Meter auseinander. Ihre Analyse ist für die Klimaforschung interessant, unter anderem lässt sich so auf die Windverhältnisse in der Region schließen. Magnus Kirbach, Johann Vogel und Lorenz Osburg untersuchten diese Megarippeln mit einem eigenen Computermodell. Sie gaben verschiedene Sandkorngrößen, Windstärken und Windrichtungen in das Programm ein und fanden unter anderem heraus, dass die gängige Theorie zu den Megarippel nicht mehr anwendbar ist, wenn sie durch länger anhaltende Böen zustande kommen.",https://www.jugend-forscht.de/index.php?id=262&tx_smsjufoprojects_smsjufprojectdb%5Bproject%5D=7611&tx_smsjufoprojects_smsjufprojectdb%5Baction%5D=show&tx_smsjufoprojects_smsjufprojectdb%5Bcontroller%5D=Project&cHash=76fc5631ab46543c09d8f1c35d9da153,2024,Physik,Thüringen
2024,Physik,2024 | Physik | Baden-Württemberg,MY-O(w)N Detektor – Messung von Myonen im Tunnel,Josef Kassubek,"Josef Kassubek (18), Rheinfelden (Baden)Georg-Büchner-Gymnasium Rheinfelden (Baden)
Bundessieg1. Preis PhysikPreisstifter: Max-Planck-Gesellschaft zur Förderung der Wissenschaften e. V.
SonderpreisForschungsaufenthalt am CERN in der SchweizPreisstifter: Wilhelm und Else Heraeus-Stiftung
MY-O(w)N Detektor – Messung von Myonen im Tunnel
Trifft hochenergetische aus dem Weltall kommende Strahlung auf die Atmosphäre, entstehen Schauer aus weiteren Teilchen. Zu ihnen gehören auch die elektronenähnlichen Myonen. Lassen sich diese Teilchen durch einen relativ simplen Detektor nachweisen? Um diese Frage zu beantworten, nutzte Josef Kassubek einen bestimmten Kunststoff, der bei Durchflug der einschlagenden Myonen zu leuchten beginnt. Allerdings war dieses Leuchten sehr schwach. Um es dennoch erfassen zu können, musste der Jungforscher eine extrem empfindliche Elektronik entwickeln. Mit seinem selbst konstruierten Detektor konnte er nicht nur Myonen zuverlässig nachweisen, sondern auch die Gesteinsschichten über einem Tunnel untersuchen. Denn der Fels absorbiert einen Teil der Myonen, was theoretisch modelliert werden konnte.",https://www.jugend-forscht.de/index.php?id=262&tx_smsjufoprojects_smsjufprojectdb%5Bproject%5D=7613&tx_smsjufoprojects_smsjufprojectdb%5Baction%5D=show&tx_smsjufoprojects_smsjufprojectdb%5Bcontroller%5D=Project&cHash=50c701f65e024f98cfc9eb0534a4c573,2024,Physik,Baden-Württemberg
2024,Physik,2024 | Physik | Baden-Württemberg,Neue Erkenntnisse zu Antibubbles,"Maja Leber, 
									
										Julius Gutjahr","Maja Leber (16), EmmendingenGoethe-Gymnasium Emmendingen
Julius Gutjahr (17), EmmendingenGoethe-Gymnasium Emmendingen
aluMINTzium, Emmendingen
BundessiegPreis für die originellste ArbeitPreisstifter: Bundeskanzler Olaf Scholz
SonderpreisEinladung zum European Union Contest for Young Scientists (EUCYS)Preisstifter: European Commission
Europa-Preis für Teilnehmende am European Union Contest for Young Scientists (EUCYS)Preisstifter: Deutsche Forschungsgemeinschaft
Neue Erkenntnisse zu Antibubbles
Seifenblasen kennt jedes Kind. Dass jedoch auch das Gegenteil von ihnen existiert, ist überraschend: Antibubbles bestehen aus einer Flüssigkeit, die durch eine dünne Luftschicht von ihrer Umgebung – meist derselben Flüssigkeit – getrennt ist. Um diese „verkehrten“ Blasen unter die Lupe zu nehmen, entwarfen Maja Leber und Julius Gutjahr mehrere Versuchsaufbauten. Dabei lässt ein Glasröhrchen gezielt Tropfen in ein mit Spülmittel versetztes Wasserbecken fallen. Beim Auftreffen wird der Tropfen von einer dünnen Luftschicht eingeschlossen – eine Antibubble entsteht. Die Jungforschenden filmten das Geschehen mit einer Kamera und die Auswertung brachte neue Erkenntnisse. So konnten sie herausfinden, bei welchen Abwurfhöhen und Rohrdurchmessern das Erzeugen der Antibubbles am besten funktioniert.",https://www.jugend-forscht.de/index.php?id=262&tx_smsjufoprojects_smsjufprojectdb%5Bproject%5D=7615&tx_smsjufoprojects_smsjufprojectdb%5Baction%5D=show&tx_smsjufoprojects_smsjufprojectdb%5Bcontroller%5D=Project&cHash=26f8abe5469d08d94c322d8d864e6fdb,2024,Physik,Baden-Württemberg
2024,Physik,2024 | Physik | Hamburg,Nicht aufRegen! – entspannt und möglichst trocken durch die Nässe,Holger Ittrich,"Holger Ittrich (17), HamburgGymnasium Oberalster, Hamburg
Nicht aufRegen! – entspannt und möglichst trocken durch die Nässe
Es nieselt die ganze Zeit, aber der Schirm liegt dummerweise zu Hause. Wie schnell sollte man sich nun zu Fuß oder auf dem Rad durch den Regen bewegen, um möglichst trocken zu bleiben? Zur Beantwortung dieser durchaus alltagsrelevanten Frage analysierte Holger Ittrich verschiedene Regenszenarien: feinen Nebel ebenso wie starken Regen bei heftigem Wind. Für jedes Szenario berechnete er per Computer, wie viel Regen ein Mensch jeweils abbekommen würde – und zwar abhängig davon, wie schnell er sich zu Fuß oder auf dem Rad bewegt. Im Ergebnis ist bei Nebel je nach Windrichtung eine gemächliche Fortbewegung zu empfehlen. Dagegen scheint bei stärkerem Regen häufig der Griff zum Fahrrad die bessere Wahl. Wer dann ordentlich in die Pedale tritt, wird meist am wenigsten nass.",https://www.jugend-forscht.de/index.php?id=262&tx_smsjufoprojects_smsjufprojectdb%5Bproject%5D=7617&tx_smsjufoprojects_smsjufprojectdb%5Baction%5D=show&tx_smsjufoprojects_smsjufprojectdb%5Bcontroller%5D=Project&cHash=08426c8a9d4045606ce921ece87aec79,2024,Physik,Hamburg
2024,Physik,2024 | Physik | Hessen,PolySelect – Kunststoffsortierung durch Elektrizität,Alina Bachmann,"Alina Bachmann (20), Aarbergen-MichelbachKaiserin-Friedrich-Gymnasium Bad Homburg v. d. Höhe
3. Preis PhysikPreisstifter: Max-Planck-Gesellschaft zur Förderung der Wissenschaften e. V.
SonderpreisEinladung zum London International Youth Science ForumPreisstifter: Ernst A. C. Lange-Stiftung
PolySelect – Kunststoffsortierung durch Elektrizität
Nach einem Beschluss der EU soll mehr Kunststoffabfall recycelt werden. Doch das ist nicht einfach, denn im Gelben Sack landen unterschiedlichste Plastiksorten, die voneinander getrennt werden müssen. Eines der Trennverfahren ist die Elektrosortierung. Hier werden verschiedene Kunststoffsorten durch Reibung unterschiedlich stark elektrisch aufgeladen, sodass sie sich per Hochspannung voneinander trennen lassen. Alina Bachmann nahm dieses Verfahren unter die Lupe und konzentrierte sich auf die Frage, wie sich verschiedene Kunststoffe unter unterschiedlichen Bedingungen aufladen. Mit einem aufwendigen Versuchsaufbau kam sie zu interessanten Resultaten: So hängt das elektrische Verhalten der Kunststoffe von der Luftfeuchtigkeit ab, was das Trennergebnis stark beeinflussen kann.",https://www.jugend-forscht.de/index.php?id=262&tx_smsjufoprojects_smsjufprojectdb%5Bproject%5D=7627&tx_smsjufoprojects_smsjufprojectdb%5Baction%5D=show&tx_smsjufoprojects_smsjufprojectdb%5Bcontroller%5D=Project&cHash=518285fb44f64fea9b94742dd7eb74d7,2024,Physik,Hessen
2024,Physik,2024 | Physik | Berlin,Ruler Trick,"Lepu Coco Zhou, 
									
										Simon Hermes, 
									
										Eleonora Lea Maeß","Lepu Coco Zhou (16, Mitte), BerlinHerder-Gymnasium, Berlin
Simon Hermes (17, links), BerlinHerder-Gymnasium, Berlin
Eleonora Lea Maeß (15, rechts), BerlinHerder-Gymnasium, Berlin
Ruler Trick
Es ist ein verblüffendes Phänomen: Wirft man einen Ball auf ein über den Tischrand hinausragendes Lineal, auf dessen Ende ein Blatt Papier liegt, bleibt das Lineal liegen, statt wie erwartet hinunterzufallen. Die Erklärung: Trifft der Ball auf das Lineal, entsteht unter dem Papier kurzzeitig ein Unterdruck, da die Luft nicht schnell genug nachströmen kann. Diese Druckdifferenz ist es, die das Lineal auf dem Tisch hält. Lepu Coco Zhou, Simon Hermes und Eleonora Lea Maeß wollten dem Effekt im Detail auf den Grund gehen und entwarfen einen Versuchsaufbau, bei dem sie mit verschiedenen Bällen und Fallhöhen experimentierten. Die Messdaten erfassten sie per Kamera und mit einem Druckmessgerät. Dadurch ließ sich ermitteln, unter welchen Bedingungen der magische Trick zuverlässig funktioniert.",https://www.jugend-forscht.de/index.php?id=262&tx_smsjufoprojects_smsjufprojectdb%5Bproject%5D=7636&tx_smsjufoprojects_smsjufprojectdb%5Baction%5D=show&tx_smsjufoprojects_smsjufprojectdb%5Bcontroller%5D=Project&cHash=4ec70ec927ae5f0c6b4c93e3d2f94533,2024,Physik,Berlin
2024,Technik,2024 | Technik | Schleswig-Holstein,Digitaler Handschuh – Interaktion zwischen Mensch und Maschine,Leander Mikat,"Leander Mikat (19), Kiel
Preis für eine Arbeit auf dem Gebiet der Elektronik, Energie- oder InformationstechnikPreisstifter: VDE Verband der Elektrotechnik Elektronik Informationstechnik e. V.
Digitaler Handschuh – Interaktion zwischen Mensch und Maschine
Maus und Tastatur sind nicht die einzige Möglichkeit, einen Computer zu steuern. Es geht auch anders, etwa per Datenhandschuh. Dabei schlüpfen die Finger in einen sensorgespickten Handschuh. Dieser kann die Bewegungen von Hand und Fingern erfassen, um virtuelle Umgebungen zu steuern oder mit digitalen Objekten zu interagieren. Das ist hilfreich etwa bei Montagearbeiten in der Industrie. Leander Mikat nahm sich vor, eine besonders kostengünstige Variante zu konstruieren. Das Kernstück bilden selbst gebaute Dehnungssensoren, die auf einen normalen Handschuh aufgeklebt werden können. Um die Daten auszuwerten, entwickelte Leander Mikat eine Elektronikplatine und schrieb die passende Software dazu. Ihr Prototyp ist bereits dazu in der Lage, eine virtuelle Hand auf einem Bildschirm anzusteuern.",https://www.jugend-forscht.de/index.php?id=262&tx_smsjufoprojects_smsjufprojectdb%5Bproject%5D=7573&tx_smsjufoprojects_smsjufprojectdb%5Baction%5D=show&tx_smsjufoprojects_smsjufprojectdb%5Bcontroller%5D=Project&cHash=7883f44e8289f47f4a2ab0afae7ff6d2,2024,Technik,Schleswig-Holstein
2024,Technik,2024 | Technik | Rheinland-Pfalz,Drohne Marke Eigenbau,Benjamin Meixner,"Benjamin Meixner (20), WindhagenFraunhofer-Institut für Hochfrequenzphysik und Radartechnik FHR, Wachtberg
Preis für eine Arbeit von Auszubildenden auf dem Gebiet ""MenschArbeitTechnik""Preisstifter: Arbeitgeberverband Gesamtmetall
Drohne Marke Eigenbau
Ferngesteuerte Drohnen können nützlich sein, beispielsweise ermöglichen sie kostengünstige Luftaufnahmen. Benjamin Meixner nahm sich vor, eine solche Drohne selbst zu bauen. Einige der wesentlichen Komponenten entwarf er am Laptop, um sie anschließend per 3-D-Drucker herzustellen. Als Bordrechner verwendete er einen Minicomputer, die Elektronikplatinen entwickelte und verlötete er selbst. Auch die Steuerungssoftware programmierte er eigenhändig. Als besonders knifflig erwies es sich, die optimalen Einstellungen für die Regelung der Fluglage herauszufinden. Dazu nahm der Jungforscher die Startversuche seiner Drohne auf Video auf, um sie anschließend in Zeitlupe zu analysieren. Dadurch konnte er sich Schritt für Schritt an die besten Einstellungen herantasten.",https://www.jugend-forscht.de/index.php?id=262&tx_smsjufoprojects_smsjufprojectdb%5Bproject%5D=7574&tx_smsjufoprojects_smsjufprojectdb%5Baction%5D=show&tx_smsjufoprojects_smsjufprojectdb%5Bcontroller%5D=Project&cHash=db23d03f75f790a4ee054e9edbe30ab3,2024,Technik,Rheinland-Pfalz
2024,Technik,2024 | Technik | Niedersachsen,EMS als Weg des Menschen zu maschineller Präzession,"Anna Katharina Pook, 
									
										Leon Maximilian Koehler","Anna Katharina Pook (17), BraunschweigHoffmann-von-Fallersleben-Schule, Braunschweig
Leon Maximilian Koehler (18), BraunschweigHoffmann-von-Fallersleben-Schule, Braunschweig
Preis für eine interdisziplinäre Arbeit mit Bezug zur ElektronikPreisstifter: ESD FORUM e. V.
EMS als Weg des Menschen zu maschineller Präzession
Muskeln werden durch elektrische Nervenimpulse gesteuert, die vom Gehirn ausgehen. Das zugrunde liegende Prinzip lässt sich unter anderem für eine bestimmte Trainingsart nutzen, bei der künstliche elektrische Reize die Muskulatur stimulieren. Anna Katharina Pook und Leon Maximilian Koehler nutzten die elektrische Muskelstimulation (EMS), um den Prototyp einer Prothese zu entwickeln. Dazu befestigten sie mehrere Elektroden am Unterarm, wobei die Elektroden die Finger der Hand durch elektrische Impulse präzise steuern. Das Verfahren funktionierte so gut, dass die „ferngesteuerte“ Hand sogar ein kleines Klavierstück spielen konnte. Perspektivisch könnte es Menschen mit bestimmten Nervenschädigungen ermöglichen, ihren Hobbys weiter nachzugehen und damit an Lebensqualität zu gewinnen.",https://www.jugend-forscht.de/index.php?id=262&tx_smsjufoprojects_smsjufprojectdb%5Bproject%5D=7578&tx_smsjufoprojects_smsjufprojectdb%5Baction%5D=show&tx_smsjufoprojects_smsjufprojectdb%5Bcontroller%5D=Project&cHash=39368050e34dc3cba324d6fc393fa9fd,2024,Technik,Niedersachsen
2024,Technik,2024 | Technik | Hessen,FALKE – finnenbasierte aktive Lenk- und Kontrolleinheit,Dominik Sadtler,"Dominik Sadtler (18), OberurselKaiserin-Friedrich-Gymnasium Bad Homburg v. d. Höhe
2. Preis TechnikPreisstifter: VDI e. V.
FALKE – finnenbasierte aktive Lenk- und Kontrolleinheit
Experimente unter Schwerelosigkeit sind für die Wissenschaft interessant, etwa für Materialforschung oder Biologie. Eine kostengünstige Möglichkeit der Umsetzung bieten Höhenraketen: In ihnen herrscht während des Flugs minutenlang Mikrogravitation, also nahezu Schwerelosigkeit. Allerdings lassen sich nicht alle Raketenmodelle aktiv lenken, was das Einsatzfeld begrenzt. Daher entwickelte Dominik Sadtler ein einfaches, aber effektives Lenksystem. Dazu brachte er am Raketenkopf zusätzliche Finnen an, die sich mit Elektromotoren verstellen lassen. Sensoren erfassen das Flugverhalten und die jeweilige Höhe. Ein kleiner Bordrechner wertet die Daten aus und korrigiert mithilfe der elektrischen Finnen aktiv den Kurs. Um die Technik zu testen, baute sie der Jungforscher in eine Modellrakete ein.",https://www.jugend-forscht.de/index.php?id=262&tx_smsjufoprojects_smsjufprojectdb%5Bproject%5D=7586&tx_smsjufoprojects_smsjufprojectdb%5Baction%5D=show&tx_smsjufoprojects_smsjufprojectdb%5Bcontroller%5D=Project&cHash=171fa9cee8126e3c774edc2733109d22,2024,Technik,Hessen
2024,Technik,2024 | Technik | Nordrhein-Westfalen,Femto-APRS – die kleinste LoRa-Radiosonde der Welt!,Marvin Rzok,"Marvin Rzok (22), HeiligenhausBerufskolleg Niederberg des Kreises Mettmann – Europaschule, Velbert
4. Preis TechnikPreisstifter: VDI e. V.
Preis für eine Arbeit auf den Gebieten der Naturwissenschaften und der TechnikPreisstifter: Wilhelm und Else Heraeus-Stiftung
Femto-APRS – die kleinste LoRa-Radiosonde der Welt!
Wetterballons sind ein wichtiges Hilfsmittel für die Meteorologie. Sie steigen hoch in die Atmosphäre auf und messen dort Temperatur, Luftdruck und Luftfeuchte. Die Sonden sind bis zu einem Kilogramm schwer – entsprechend groß müssen die dazugehörigen Heliumballons sein, um die Last tragen zu können. Problematisch ist, dass das gesamte Material nach erfolgter Mission auf die Erde herabfällt und so die Umwelt belastet. Daher beschloss Marvin Rzok, eine umweltschonende Variante zu entwickeln. Seine Sonde ist nur briefmarkengroß, wiegt weniger als zehn Gramm und kann dennoch die Temperatur messen. Betrieben wird sie durch kleine Solarzellen. Der Jungforscher erprobte das Konzept bereits in Testflügen. Dank der ultraleichten Sonde, so hofft er, lässt sich Wetterballonmüll künftig deutlich reduzieren.",https://www.jugend-forscht.de/index.php?id=262&tx_smsjufoprojects_smsjufprojectdb%5Bproject%5D=7587&tx_smsjufoprojects_smsjufprojectdb%5Baction%5D=show&tx_smsjufoprojects_smsjufprojectdb%5Bcontroller%5D=Project&cHash=293f5573d0d39f598aed69cd198883af,2024,Technik,Nordrhein-Westfalen
2024,Technik,2024 | Technik | Bayern,Innovative Entwicklung eines umweltfreundlichen VTOL-Flugzeugmodells,Ediz Osman,"Ediz Osman (19), NürnbergDürer-Gymnasium Nürnberg
Bundessieg1. Preis TechnikPreisstifter: VDI e. V.
SonderpreisEinladung zum European Union Contest for Young Scientists (EUCYS)Preisstifter: European Commission
Europa-Preis für Teilnehmende am European Union Contest for Young Scientists (EUCYS)Preisstifter: Deutsche Forschungsgemeinschaft
Innovative Entwicklung eines umweltfreundlichen VTOL-Flugzeugmodells
Senkrechtstarter – das sind Menschen, die aus dem Nichts eine steile Karriere hinlegen. In der Technik dagegen versteht man darunter Flugzeuge, die wie ein Helikopter senkrecht abheben, um dann in der Luft in den Horizontalflug überzugehen. Bislang finden sie vor allem im militärischen Bereich Verwendung. Ediz Osman entwickelte ein Senkrechtstarterkonzept für zivile Zwecke. Basis sind drei Triebwerke. Durch eine trickreiche Kombination erzeugen sie sowohl einen Aufwärts- als auch einen Vorwärtsschub. Während Batterien den Startvorgang antreiben, übernimmt für den Horizontalflug ein Wasserstoffantrieb – das ermöglicht hohe Geschwindigkeiten und Reichweiten. Einige Komponenten des Konzepts konnte der Jungforscher bereits erfolgreich an einem Modell erproben.",https://www.jugend-forscht.de/index.php?id=262&tx_smsjufoprojects_smsjufprojectdb%5Bproject%5D=7596&tx_smsjufoprojects_smsjufprojectdb%5Baction%5D=show&tx_smsjufoprojects_smsjufprojectdb%5Bcontroller%5D=Project&cHash=9a0a3ec2144d2021eb6fd687c1cecc1b,2024,Technik,Bayern
2024,Technik,2024 | Technik | Sachsen-Anhalt,Konstruktion einer Kleinwindanlage mit erhöhtem Wirkungsgrad für private Haushalte,"Dana Karatkevich, 
									
										Oliver Fritz Oberender","Dana Karatkevich (17), StendalWinckelmann-Gymnasium Stendal
Oliver Fritz Oberender (16), BismarkWinckelmann-Gymnasium Stendal
Preis für eine Arbeit auf dem Gebiet der UmwelttechnikPreisstifter: Deutsche Bundesstiftung Umwelt
Konstruktion einer Kleinwindanlage mit erhöhtem Wirkungsgrad für private Haushalte
Dana Karatkevich und Oliver Fritz Oberender beschäftigte die Frage, wie sich bei Kleinwindanlagen für den Hausgebrauch der Wirkungsgrad so steigern lässt, dass sich deren Anschaffung lohnt. Entscheidend für die Effizienz von Rotoren ist, wie und auf welcher Fläche die Rotorblätter vom Wind angeströmt werden. Die Jungforschenden bauten eine Blende mit verschiebbarer Luv- und Lee-Öffnung um den Rotor und einen Vorbau an der windzugewandten Öffnung. Ihre Experimente mit einem selbst konstruierten Prototyp zeigten, dass die entstehende elektrische Spannung infolge der Blende um 20 Prozent stieg. Der trichterförmige Vorbau fängt den Wind deutlich besser ein. Dadurch lag die Drehfrequenz um ein Drittel höher und der Rotor lief schon bei geringeren Windgeschwindigkeiten an.",https://www.jugend-forscht.de/index.php?id=262&tx_smsjufoprojects_smsjufprojectdb%5Bproject%5D=7601&tx_smsjufoprojects_smsjufprojectdb%5Baction%5D=show&tx_smsjufoprojects_smsjufprojectdb%5Bcontroller%5D=Project&cHash=c0dcbcc5992e2a37c0c9df46159d05bf,2024,Technik,Sachsen-Anhalt
2024,Technik,2024 | Technik | Thüringen,Optimierung eines 3-D-gedruckten Raketentriebwerks hinsichtlich des Schubes,"Xuancheng Zhao, 
									
										Maria Maternik","Xuancheng Zhao (16), WaltershausenLandesschule Pforta, Naumburg
Maria Maternik (18), Drei GleichenSalzmannschule Schnepfenthal – Staatliches Spezialgymnasium für Sprachen, Waltershausen
Preis für eine Arbeit mit Bezug zu Sicherheit in Chemie und WerkstofftechnikPreisstifter: Adolf-Martens-Fonds e. V.
Optimierung eines 3-D-gedruckten Raketentriebwerks hinsichtlich des Schubes
Die Düse zählt zu den wichtigsten Komponenten einer Rakete. Aus ihr treten die heißen Verbrennungsgase aus, die für den Schub des Flugkörpers sorgen. Xuancheng Zhao und Maria Maternik entwickelten mit einfachsten Mitteln ihre eigene Raketendüse – zunächst als digitale Konstruktionszeichnung im Computer, dann als reales Bauteil, hergestellt per 3-D-Drucker. Um die Düse zu testen, entwickelten die beiden Jungforschenden einen kleinen Teststand für Triebwerke. Als Treibstoff dienten Sauerstoff sowie mit Stickstoff vermischtes klimafreundliches Bioethanol. Um das Schmelzen der Düse zu verhindern, wurde sie mit Wasser gekühlt. Bei den Versuchen variierten sie den Druck, mit dem Stickstoff und Sauerstoff zugeführt werden. So konnten sie Kriterien für eine möglichst hohe Effizienz der Düse bestimmen.",https://www.jugend-forscht.de/index.php?id=262&tx_smsjufoprojects_smsjufprojectdb%5Bproject%5D=7619&tx_smsjufoprojects_smsjufprojectdb%5Baction%5D=show&tx_smsjufoprojects_smsjufprojectdb%5Bcontroller%5D=Project&cHash=83e555cd524646c0a39210e072913c80,2024,Technik,Thüringen
2024,Technik,2024 | Technik | Sachsen,Parametrisches Design für Optimierungen in der Shark-Skin-Technologie,Clara Bläser,"Clara Bläser (17), BeuchaSächsisches Landesgymnasium Sankt Afra zu Meißen
Parametrisches Design für Optimierungen in der Shark-Skin-Technologie
Haifischschuppen sind winzige Wunder der Natur. Durch ihre spezielle Form, Oberfläche und Beweglichkeit minimieren sie den Reibungswiderstand in Wasser. Daher dienen die schuppenartigen Hautzähnchen der Knorpelfische als Vorbild etwa für besonders energiesparende Oberflächenbeschichtungen von Schiffen oder Flugzeugen. Clara Bläser entwickelte Algorithmen, mit denen sich die komplexen Haischuppen exakter als bislang simulieren lassen. Sie variierte bei ihren Berechnungen insgesamt sieben Parameter, darunter Größe, Rillen, Krümmung, Rundungen und Einkerbungen. Auf diese Weise konnte die Jungforscherin ganz unterschiedliche Schuppenformen und Strukturen nachbilden. Ihre Algorithmen erlauben die Entwicklung von künstlichen Haifischschuppen nach Maß – je nachdem, wofür sie eingesetzt werden sollen.",https://www.jugend-forscht.de/index.php?id=262&tx_smsjufoprojects_smsjufprojectdb%5Bproject%5D=7622&tx_smsjufoprojects_smsjufprojectdb%5Baction%5D=show&tx_smsjufoprojects_smsjufprojectdb%5Bcontroller%5D=Project&cHash=12bca9ff5d2040119b295b1212b74177,2024,Technik,Sachsen
2024,Technik,2024 | Technik | Mecklenburg-Vorpommern,Printing with Packaging,"Jeppe Vogler, 
									
										Hannes Albrecht, 
									
										Johann Martin","Jeppe Vogler (18, nicht auf dem Bild), RostockWerkstattschule in Rostock
Hannes Albrecht (18), RostockWerkstattschule in Rostock
Johann Martin (18, nicht auf dem Bild), RostockWerkstattschule in Rostock
Preis für eine Arbeit auf dem Gebiet der UmwelttechnikPreisstifter: Deutsche Bundesstiftung Umwelt
Printing with Packaging
Der 3-D-Druck von Kunststoffteilen geht schnell und ist preiswert, erzeugt häufig aber auch eine Menge nicht brauchbarer Fehldrucke. Jeppe Vogler, Hannes Albrecht und Johann Martin wollten wissen, ob sich dieser Ausschuss ohne Qualitätsverlust recyceln lässt. Sie zerkleinerten Fehldrucke aus den Kunststoffen PLA und PETG und schmolzen das Material ein. Anschließend verarbeiteten sie es mithilfe eines Extruders zu langen Fäden, den Filamenten. Aus diesen entstehen im 3-D-Druck die Bauteile. Um herauszufinden, ob die Recyclingfilamente die gleiche Qualität haben wie Neukunststoff, verglichen sie die technischen Eigenschaften. Dabei stellten sie fest, dass insbesondere die Zugfestigkeit durch das Recycling abnimmt. Dieses Manko könnte sich durch Zugabe von Frischmaterial ausgleichen lassen.",https://www.jugend-forscht.de/index.php?id=262&tx_smsjufoprojects_smsjufprojectdb%5Bproject%5D=7630&tx_smsjufoprojects_smsjufprojectdb%5Baction%5D=show&tx_smsjufoprojects_smsjufprojectdb%5Bcontroller%5D=Project&cHash=22d61dc4597d8039e2d2adeb546de01e,2024,Technik,Mecklenburg-Vorpommern
2024,Technik,2024 | Technik | Bremen,Robo-Spin-Ping,"Oskar Behrmann, 
									
										Johann Robert Kruse, 
									
										Robin Petermann","Oskar Behrmann (17, links), BremenTechnisches Bildungszentrum Mitte, Bremen
Johann Robert Kruse (18, rechts), BremenSchulzentrum Vegesack – Berufliche Schule für Metall- und Elektrotechnik, Bremen
Robin Petermann (18, Mitte), BremenOberschule Findorff, Bremen
Technisches Bildungszentrum Mitte, Bremen
Preis für eine Arbeit auf dem Gebiet der TechnikPreisstifter: Heinz und Gisela Friederichs Stiftung
Robo-Spin-Ping
Oskar Behrmann, Johann Robert Kruse und Robin Petermann lieben Tischtennis. Um das Zurückspielen besonders anspruchsvoller Aufschläge trainieren zu können, bauten sie mehrere Prototypen einer computergesteuerten Ballmaschine. Bei den Prototypen nutzten die Jungforscher eine Vielzahl von Ansätzen für die Implementierung der gewünschten Funktionen. Die Ballmaschine sollte variierende Platzierungen der Bälle auf der gegenüberliegenden Seite der Tischtennisplatte ermöglichen wie auch einen unterschiedlichen Spin, also die Rotation, der Bälle. Zudem ging es darum, gespielte Bälle aufzufangen, um sie erneut zu verwenden. Dank der ständigen Weiterentwicklung gelang es, einen Prototyp zu konstruieren, der alle diese Ziele erreicht – dem erfolgreichen Training steht nun nichts mehr im Wege.",https://www.jugend-forscht.de/index.php?id=262&tx_smsjufoprojects_smsjufprojectdb%5Bproject%5D=7632&tx_smsjufoprojects_smsjufprojectdb%5Baction%5D=show&tx_smsjufoprojects_smsjufprojectdb%5Bcontroller%5D=Project&cHash=0b5ee3b2ffc559a4b87c107d758101e0,2024,Technik,Bremen
2024,Technik,2024 | Technik | Hamburg,Robochess: Digitalisierung auf dem Schachbrett,Kerem Çιkιkçι,"Kerem Çιkιkçι (18), TekirdağIstanbul Erkek Lisesi
Preis für eine Arbeit auf dem Gebiet der TechnikPreisstifter: Heinz und Gisela Friederichs Stiftung
Robochess: Digitalisierung auf dem Schachbrett
Spielt man Schach im Internet oder gegen einen Computer, muss man die Figuren in der Regel auf dem Bildschirm ziehen. Doch manch Schachbegeisterten fehlt dabei das haptische Erlebnis, ihnen ist das Spiel auf einem real existierenden Schachbrett lieber. Für sie dürfte die Erfindung von Kerem Çιkιkçι gerade richtig sein – denn er konstruierte einen raffinierten Schachroboter. Dieser kann per Kamera die eigenen Figuren erkennen, deren Züge erfassen und an einen Rechner weiterleiten. Vor allem aber ist der Roboter in der Lage, mit einem Greifarm die Züge des Gegenspielers auf dem Brett auszuführen. Die Bauteile dieses Arms stellte der Jungforscher per 3-D-Drucker her, als Antrieb baute er vier Elektromotoren ein und auch die Software für den Steuerungsrechner schrieb er selbst.",https://www.jugend-forscht.de/index.php?id=262&tx_smsjufoprojects_smsjufprojectdb%5Bproject%5D=7631&tx_smsjufoprojects_smsjufprojectdb%5Baction%5D=show&tx_smsjufoprojects_smsjufprojectdb%5Bcontroller%5D=Project&cHash=0d63e1fa03d13cd65b32242c953bd40c,2024,Technik,Hamburg
2024,Technik,2024 | Technik | Hessen,Roboter-Gebärdenhand,Tom Bernhardt,"Tom Bernhardt (15), KasselSchülerForschungsZentrum Nordhessen der Universität Kassel
Preis für eine Arbeit auf dem Gebiet der RobotikPreisstifter: Deutsches Zentrum für Luft- und Raumfahrt
Roboter-Gebärdenhand
Die Buchstaben des Alphabets lassen sich in der Gebärdensprache mit nur einer Hand darstellen. Das brachte Tom Bernhardt auf die Idee, eine Roboterhand zu bauen, die gesprochene Worte blitzschnell in das Gebärdenalphabet übersetzt. Fingerglieder und Unterarm fertigte er aus stabilem Kunststoff in einem 3-D-Drucker. Die Bewegungen von Fingern und Hand steuern winzige Servomotoren und Nylonschnüre als künstliche Sehnen. Zeitaufwendig war der Bau des Unterarms, in dem Servoaufhängungen und alle Nylonschnüre untergebracht werden mussten. Damit Gehörlose mit anderen Menschen kommunizieren können, koppelte der Jungforscher die Roboterhand mit einer Spracherkennung. Eine Software übermittelt dann die jeweils erforderlichen Winkel für die Darstellung einzelner Buchstaben an die Steuerung der Finger.",https://www.jugend-forscht.de/index.php?id=262&tx_smsjufoprojects_smsjufprojectdb%5Bproject%5D=7633&tx_smsjufoprojects_smsjufprojectdb%5Baction%5D=show&tx_smsjufoprojects_smsjufprojectdb%5Bcontroller%5D=Project&cHash=ebe0b3e91c5dacc8834c5aba6b64b462,2024,Technik,Hessen
2024,Technik,2024 | Technik | Baden-Württemberg,Robotic Tracking Platform – RTP,Paul Löffler,"Paul Löffler (17), StuttgartGeschwister-Scholl-Gymnasium, Stuttgart
5. Preis TechnikPreisstifter: VDI e. V.
Robotic Tracking Platform – RTP
Ein Roboter, der beim Einkauf hilft und schwere Taschen schleppt – das ist die Vision, die Paul Löffler für sein Forschungsprojekt formulierte. Voraussetzung dafür ist, dass die Maschine dem Menschen autonom und zuverlässig folgen kann. Um das zu gewährleisten, entwickelte der Jungforscher ein System auf Laserbasis. Das Prinzip dabei ähnelt dem Radar: Ein Laser an Bord des Roboters sendet kurze, unsichtbare Lichtpulse aus. Die zu verfolgende Person reflektiert diese Pulse. Ein Scanner im Roboter zeichnet die so erzeugten „Lichtechos“ auf und der Bordrechner ermittelt damit die Entfernungs- und Richtungsinformation. Tests des Systems mit einem kleinen Kettenfahrzeug erbrachten ein ermutigendes Resultat: Dank Laser konnte der Prototyp dem Menschen erstaunlich gut folgen.",https://www.jugend-forscht.de/index.php?id=262&tx_smsjufoprojects_smsjufprojectdb%5Bproject%5D=7634&tx_smsjufoprojects_smsjufprojectdb%5Baction%5D=show&tx_smsjufoprojects_smsjufprojectdb%5Bcontroller%5D=Project&cHash=76e2f617d41e0163e34d89f99da10c1e,2024,Technik,Baden-Württemberg
2024,Technik,2024 | Technik | Hamburg,Support Submarine (SuppSub),"Jannek Zänker, 
									
										Constantin Schultz, 
									
										Leon Moser","Jannek Zänker (18, rechts), HamburgGymnasium Osterbek, Hamburg
Constantin Schultz (18, Mitte), HamburgGymnasium Osterbek, Hamburg
Leon Moser (17, links), HamburgJohannes-Brahms-Gymnasium, Hamburg
3. Preis TechnikPreisstifter: VDI e. V.
SonderpreisStipendium für einen Studienplatz an einer Universität der BundeswehrPreisstifter: Bundesminister der Verteidigung Boris Pistorius
Support Submarine (SuppSub)
Flugdrohnen schwirren mittlerweile häufig durch die Luft, Unterwasser-Drohnen sind dagegen deutlich seltener. Jannek Zänker, Constantin Schultz und Leon Moser entwickelten einen solchen Tauchroboter. Er wird durch sechs Propeller angetrieben, ist mit Kamera und Sensoren ausgerüstet und wird per Kabel gesteuert und mit Strom versorgt. Das Besondere sind zwei Roboterarme, die mit verschiedenen Werkzeugen bestückt werden können. Dadurch wird das Gerät zum Wartungsroboter, der Schiffe in Häfen oder vor Schleusen inspizieren, schädlichen Algenbewuchs entfernen und sogar kleinere Reparaturen auf offener See ausführen kann. Nach erfolgreichen Tests bei der Hamburgischen Schiffbau-Versuchsanstalt planen die drei Jungforscher die Gründung eines Start-ups, das ihre Erfindung auf den Markt bringen soll.",https://www.jugend-forscht.de/index.php?id=262&tx_smsjufoprojects_smsjufprojectdb%5Bproject%5D=7645&tx_smsjufoprojects_smsjufprojectdb%5Baction%5D=show&tx_smsjufoprojects_smsjufprojectdb%5Bcontroller%5D=Project&cHash=54781ecea9bbaf54f61d366a1d6b2055,2024,Technik,Hamburg
2024,Mathematik/Informatik,2024 | Mathematik/Informatik | Niedersachsen,Analyse der Optimierungsverfahren mechanischer neuronaler Netzwerke,"Alexander Reimer, 
									
										Matteo Friedrich","Alexander Reimer (17, rechts), OldenburgGymnasium Eversten Oldenburg
Matteo Friedrich (16, links), OldenburgGymnasium Eversten Oldenburg
Bundessieg1. Preis Mathematik/InformatikPreisstifter: Fraunhofer-Gesellschaft zur Förderung der angewandten Forschung e. V.
Preis der BundespateninstitutionEinladung zu einem Praktikum im Science Dome der experimentaPreisstifter: experimenta gGmbH
Analyse der Optimierungsverfahren mechanischer neuronaler Netzwerke
Hinter mancher KI steckt ein neuronales Netzwerk – eine Software, die der Funktionsweise des menschlichen Gehirns nachempfunden ist. Seit Kurzem experimentiert die Fachwelt jedoch auch mit lernfähigen Netzen, die mechanisch arbeiten, indem etwa viele kleine Massen durch Federn verbunden werden. Faszinierenderweise ist es möglich, diesem Netzwerk durch Anpassen der Federn verschiedene Verhaltensweisen anzutrainieren. Alexander Reimer und Matteo Friedrich wollten herausfinden, wie so ein Training aussehen kann. Dazu simulierten sie ein mechanisches neuronales Netzwerk im Computer, spielten verschiedene Szenarien durch und untersuchten die Details vielversprechender Trainingsansätze. Sie fanden heraus, dass lernfähige Materialien denkbar sind, die sich ihrer Umwelt ganz von selbst anpassen.",https://www.jugend-forscht.de/index.php?id=262&tx_smsjufoprojects_smsjufprojectdb%5Bproject%5D=7550&tx_smsjufoprojects_smsjufprojectdb%5Baction%5D=show&tx_smsjufoprojects_smsjufprojectdb%5Bcontroller%5D=Project&cHash=0d317fddb3cee8cc358da07a5834ccaf,2024,Mathematik/Informatik,Niedersachsen
2024,Mathematik/Informatik,2024 | Mathematik/Informatik | Sachsen-Anhalt,Automatische bildbasierte Trefferauswertung,"Carl Friedrich Dornheim, 
									
										Anna Elisabeth Dornheim","Carl Friedrich Dornheim (18), MagdeburgWerner-von-Siemens-Gymnasium Magdeburg
Anna Elisabeth Dornheim (15), MagdeburgWerner-von-Siemens-Gymnasium Magdeburg
4. Preis Mathematik/InformatikPreisstifter: Fraunhofer-Gesellschaft zur Förderung der angewandten Forschung e. V.
Automatische bildbasierte Trefferauswertung
Bei Olympia und Weltmeisterschaften werden die Zielscheiben im Schießsport automatisch ausgewertet – das ist genauer als von Hand und spart Zeit. Für den Hobbybereich aber sind entsprechende Anlagen meist zu teuer. Um Abhilfe zu schaffen, entwickelten Carl Friedrich Dornheim und Anna Elisabeth Dornheim eine Smartphone-App, die das Trefferbild einfach und kostengünstig analysiert. Zunächst wird per Handykamera die Zielscheibe fotografiert. Danach findet ein raffinierter Algorithmus heraus, wo genau auf der Scheibe die Schüsse eingeschlagen sind. Schließlich errechnet die App automatisch die erreichte Punktzahl und zeigt das Trefferbild auf dem Display an. Der Vergleich mit der manuellen Auswertung beweist, dass die App die Treffer schneller und zuverlässiger erkennt als der Mensch.",https://www.jugend-forscht.de/index.php?id=262&tx_smsjufoprojects_smsjufprojectdb%5Bproject%5D=7554&tx_smsjufoprojects_smsjufprojectdb%5Baction%5D=show&tx_smsjufoprojects_smsjufprojectdb%5Bcontroller%5D=Project&cHash=94345d5d2bc5b6f5bf72f1a194ee3de6,2024,Mathematik/Informatik,Sachsen-Anhalt
2024,Mathematik/Informatik,2024 | Mathematik/Informatik | Baden-Württemberg,Das Kuramoto-Modell: Synchronisationsvorgänge im Komplexen,Lucas Maximilian Braun,"Lucas Maximilian Braun (18), IllmenseeGymnasium Wilhelmsdorf
Schülerforschungszentrum Südwürttemberg, Bad Saulgau
Preis für eine außergewöhnliche mathematische ArbeitPreisstifter: Deutsche Mathematiker-Vereinigung e. V.
Das Kuramoto-Modell: Synchronisationsvorgänge im Komplexen
Treten Grillen im Schwarm auf, gleicht sich ihr Zirpen häufig an und sie erzeugen ein einheitliches Geräusch. Wenn Menschen applaudieren, geht ihr unregelmäßiges Klatschen nicht selten auf ähnliche Weise in einen Gleichtakt über. Die Wissenschaft bezeichnet dieses Phänomen als Synchronisation und versucht, es mit mathematischen Formeln zu beschreiben. Einen dieser Ansätze verfolgte Lucas Maximilian Braun: Er ging von einem Modell aus, das der Japaner Yoshiki Kuramoto bereits 1975 entwickelt hatte. Es fasst die Einzelsysteme als schwingende Oszillatoren auf, die sich alle gegenseitig beeinflussen. Der Jungforscher untersuchte eine komplexe, erweiterte Variante des Kuramoto-Modells und kam zum Schluss, dass sie sich erheblich von der ursprünglichen Form unterscheidet.",https://www.jugend-forscht.de/index.php?id=262&tx_smsjufoprojects_smsjufprojectdb%5Bproject%5D=7558&tx_smsjufoprojects_smsjufprojectdb%5Baction%5D=show&tx_smsjufoprojects_smsjufprojectdb%5Bcontroller%5D=Project&cHash=e86ad0bef5d4d7c5264d17e6707afd46,2024,Mathematik/Informatik,Baden-Württemberg
2024,Mathematik/Informatik,2024 | Mathematik/Informatik | Hamburg,Dem Chaos auf der Spur: Woher kommt das Pi in der Mandelbrot-Menge?,"Nedim Srkalovic, 
									
										Oscar Scherz, 
									
										Thies Brockmoeller","Nedim Srkalovic (18, links), HamburgWichern-Schule, Hamburg
Oscar Scherz (18, Mitte), HamburgMarion Dönhoff Gymnasium, Hamburg
Thies Brockmoeller (17, rechts), HamburgGymnasium Meiendorf, Hamburg
2. Preis Mathematik/InformatikPreisstifter: Fraunhofer-Gesellschaft zur Förderung der angewandten Forschung e. V.
Dem Chaos auf der Spur: Woher kommt das Pi in der Mandelbrot-Menge?
Setzt man bei einer bestimmten Art von Berechnungen das Ergebnis immer wieder in die Ausgangsformel ein, dann erhält man überaus komplexe, selbstähnliche Muster, bekannt als Fraktale. Ein Beispiel ist das berühmte Apfelmännchen, auch Mandelbrot-Menge genannt: Zoomt man hier tief in einen Ausschnitt hinein, finden sich dort im Kleinen dieselben Strukturen wie im Großen. Die detailliertere Beschäftigung mit der Mandelbrot-Menge lieferte bereits manche mathematische Überraschung. So taucht unter bestimmten Bedingungen bei den Berechnungen die Kreiszahl Pi auf. Seit Kurzem gibt es dafür einen relativ anschaulichen Beweis. Nedim Srkalovic, Oscar Scherz und Thies Brockmoeller entwickelten diesen Beweis weiter, sodass er nun auch für weitere mathematische Bedingungen gilt.",https://www.jugend-forscht.de/index.php?id=262&tx_smsjufoprojects_smsjufprojectdb%5Bproject%5D=7560&tx_smsjufoprojects_smsjufprojectdb%5Baction%5D=show&tx_smsjufoprojects_smsjufprojectdb%5Bcontroller%5D=Project&cHash=12ac23804ae37c40a7ad66906058a78e,2024,Mathematik/Informatik,Hamburg
2024,Mathematik/Informatik,2024 | Mathematik/Informatik | Brandenburg,Elektromobilität der Zukunft,Florian Wentzel,"Florian Wentzel (18), ErknerMusikbetonte Gesamtschule ""Paul Dessau"", Zeuthen
Elektromobilität der Zukunft
Oberleitungsbusse gibt es schon lange, in Deutschland aber sind sie mittlerweile eine Seltenheit. Da sie emissionsfrei fahren, werden sie aktuell wieder interessant. Allerdings weisen die Fahrzeuge Nachteile auf. So haben sie zumeist keinen Akku an Bord, sind also auf Strom aus der Oberleitung angewiesen. Um dieses Manko zu beheben, baute Florian Wentzel das Modell eines O-Busses. Es ist mit einem kamerabasierten System ausgerüstet, das die Oberleitung automatisch erkennt und den Stromabnehmer während der Fahrt in Kontakt zu ihr bringen kann. Der Leitungsstrom wird dann nicht nur zum Fahren genutzt, sondern lädt gleichzeitig eine bordeigene Batterie auf. Mit dieser Technik könnten die Busse auch dann weiterfahren, wenn keine Oberleitung mehr zur Verfügung steht, etwa bei einer Umleitung.",https://www.jugend-forscht.de/index.php?id=262&tx_smsjufoprojects_smsjufprojectdb%5Bproject%5D=7575&tx_smsjufoprojects_smsjufprojectdb%5Baction%5D=show&tx_smsjufoprojects_smsjufprojectdb%5Bcontroller%5D=Project&cHash=d7836fd3657bf524d132a88f7a848820,2024,Mathematik/Informatik,Brandenburg
2024,Mathematik/Informatik,2024 | Mathematik/Informatik | Mecklenburg-Vorpommern,ExReg – Explantatregister zur gezielten Kollektion und Auswertung beschädigter Implantate,"Ben Emanuel Wießner, 
									
										Adham Soliman","Ben Emanuel Wießner (18, links), RostockInnerstädtisches Gymnasium Rostock
Adham Soliman (18, rechts), RostockInnerstädtisches Gymnasium Rostock
ExReg – Explantatregister zur gezielten Kollektion und Auswertung beschädigter Implantate
Das Einsetzen von Knie- und Hüftprothesen ist in der orthopädischen Chirurgie ein Standardverfahren. Doch zuweilen müssen die künstlichen Gelenke operativ entfernt und durch neue Implantate ersetzt werden. Allerdings werden solche Fälle in Deutschland nicht einheitlich erfasst – so arbeiten verschiedene Kliniken mit zum Teil unterschiedlichen Dateiformaten. Daher haben Ben Emanuel Wießner und Adham Soliman eine Datenbanksoftware geschrieben, die Schäden an aus dem Körper entfernten Prothesen übersichtlich und transparent erfassen kann. Darüber hinaus beschäftigten sich die Jungforscher mit einem weiteren wichtigen Punkt – dem Prothesen-Recycling. Denn künstliche Gelenke bestehen oft aus wertvollen Metallen wie Titan. Und das ließe sich noch konsequenter wiederverwerten als es derzeit geschieht.",https://www.jugend-forscht.de/index.php?id=262&tx_smsjufoprojects_smsjufprojectdb%5Bproject%5D=7584&tx_smsjufoprojects_smsjufprojectdb%5Baction%5D=show&tx_smsjufoprojects_smsjufprojectdb%5Bcontroller%5D=Project&cHash=2269c6da7a46637b63df66fca3390447,2024,Mathematik/Informatik,Mecklenburg-Vorpommern
2024,Mathematik/Informatik,2024 | Mathematik/Informatik | Berlin,GENErAItion – KI-basierte Analyse und Synthese von Genexpressionsmustern,"Alois Bachmann, 
									
										Elora Marx","Alois Bachmann (17, links), BerlinHumboldt-Gymnasium Berlin
Elora Marx (18, rechts), BerlinUniversität Wien
Humboldt-Gymnasium Berlin
5. Preis Mathematik/InformatikPreisstifter: Fraunhofer-Gesellschaft zur Förderung der angewandten Forschung e. V.
Preis für eine Arbeit, die in besonderer Weise den Nutzen der Informatik verdeutlichtPreisstifter: Gesellschaft für Informatik e. V.
GENErAItion – KI-basierte Analyse und Synthese von Genexpressionsmustern
Genanalysen erlauben es, Krankheiten wie Krebs besser zu verstehen und zu behandeln. Da das Erbgut hochkomplex ist, braucht es dafür spezielle Computerprogramme. Alois Bachmann und Elora Marx entwickelten eine solche Software. Sie hilft zu begreifen, welche Gene in einer Zelle aktiv sind und wie sie diese beeinflussen. Basis ist ein KI-Algorithmus, der das Transkriptom analysiert – die Gesamtheit der RNA-Moleküle, die in der Zelle von der DNA abgelesen und in Proteine übersetzt werden. Ausgehend von einer Datenbank kann die KI herausarbeiten, welche Gene für welche Aufgaben wichtig sind und wie sie mit anderen Genen interagieren. Zudem ist sie in der Lage, solche Wechselwirkungen nicht nur festzustellen, sondern sie sogar vorherzusagen. Perspektivisch könnten sich so neue Therapien entwickeln lassen.",https://www.jugend-forscht.de/index.php?id=262&tx_smsjufoprojects_smsjufprojectdb%5Bproject%5D=7592&tx_smsjufoprojects_smsjufprojectdb%5Baction%5D=show&tx_smsjufoprojects_smsjufprojectdb%5Bcontroller%5D=Project&cHash=0a46f64abf4374d689b1f08ba8e44c4d,2024,Mathematik/Informatik,Berlin
2024,Mathematik/Informatik,2024 | Mathematik/Informatik | Bremen,Kartierung saisonaler Dynamik – periodischer Schattenwurf des Windparks Bremen-Blockland,Richard Stoppok,"Richard Stoppok (18), BremenHermann-Böse-Gymnasium, Bremen
SonderpreisForschungsaufenthalt an der University of Rhode Island in den USAPreisstifter: University of Rhode Island und Ernst A. C. Lange-Stiftung
Kartierung saisonaler Dynamik – periodischer Schattenwurf des Windparks Bremen-Blockland
Die Windkraft ist eine wichtige erneuerbare Energie, sie hat jedoch auch ihre Schattenseiten. So können die sich drehenden Rotorblätter störende Schattenmuster werfen, von manchen als „Discoeffekt“ bezeichnet. Doch wie ändert sich dieser Schattenwurf im Jahreszeitenverlauf? Um das herauszufinden, berechnete Richard Stoppok die Werte für einen Windpark in Bremen. Ausgehend von den Abmessungen der Windräder und den Daten des Sonnenverlaufs erstellte er mithilfe geometrischer Formeln eine Art Discoeffekt-Landkarte. Sie belegt, welche Bereiche der Rotorschatten zu welchen Jahreszeiten erreicht. Das Ergebnis zeigt, dass zwar Teile eines nahe gelegenen Wohngebiets betroffen sind. Doch im Jahresdurchschnitt ist die Belästigung nicht so groß, als dass die gesetzlichen Grenzwerte überschritten würden.",https://www.jugend-forscht.de/index.php?id=262&tx_smsjufoprojects_smsjufprojectdb%5Bproject%5D=7600&tx_smsjufoprojects_smsjufprojectdb%5Baction%5D=show&tx_smsjufoprojects_smsjufprojectdb%5Bcontroller%5D=Project&cHash=d35ca83888e989d600b7b6a174f92b07,2024,Mathematik/Informatik,Bremen
2024,Mathematik/Informatik,2024 | Mathematik/Informatik | Bayern,Parametrisierung von Pollards Rho-Methode,Finn Rudolph,"Finn Rudolph (18), PommersfeldenUniversität Bonn
BundessiegPreis für eine außergewöhnliche ArbeitPreisstifter: Bundespräsident Frank-Walter Steinmeier
Parametrisierung von Pollards Rho-Methode
1975 erfand der britische Mathematiker John Pollard einen Algorithmus, der eine Zahl in ihre kleinsten Bausteine zerlegen kann – in Primzahlen, die nur durch sich selbst und eins teilbar sind. Anwendung findet Pollards Rho-Methode insbesondere bei der Verschlüsselung von digitalen Daten. In seinem Forschungsprojekt nahm Finn Rudolph das Verfahren genauer unter die Lupe. Konkret suchte er nach den optimalen Bedingungen, unter denen der Algorithmus besonders schnell und effektiv abläuft. Dabei fand er heraus, dass ein gut gewählter Wert für einen zentralen Parameter die Berechnungszeit erheblich verkürzen kann. Darüber hinaus beleuchtete der Jungforscher, inwieweit sich die Berechnung beschleunigen lässt, wenn man den Algorithmus auf zwei Prozessorkernen gleichzeitig laufen lässt.",https://www.jugend-forscht.de/index.php?id=262&tx_smsjufoprojects_smsjufprojectdb%5Bproject%5D=7623&tx_smsjufoprojects_smsjufprojectdb%5Baction%5D=show&tx_smsjufoprojects_smsjufprojectdb%5Bcontroller%5D=Project&cHash=fb38a6831298f5c84d8ef70e5375d4a0,2024,Mathematik/Informatik,Bayern
2024,Mathematik/Informatik,2024 | Mathematik/Informatik | Saarland,Schul-App Spina,Johann Haslinger,"Johann Haslinger (16), SaarbrückenWilli-Graf-Gymnasium, Saarbrücken
Eduard-Rhein-Jugendpreis für Rundfunk-, Fernseh- und InformationstechnikPreisstifter: Eduard-Rhein-Stiftung
Schul-App Spina
Vor einiger Zeit wurden alle Schulen im Saarland mit Tabletcomputern ausgestattet. Johann Haslinger brachte das auf die Idee, eine App zu programmieren, die bei der Organisation des Schulalltags hilft und als zentrale Lernplattform den Unterricht unterstützt. Das Ergebnis heißt ""Spina"". Auf übersichtliche Weise präsentiert die App die wesentlichen Unterrichtsmaterialien, listet Hausaufgaben auf und hilft bei der Vorbereitung für anstehende Klassenarbeiten. Die Lerngruppenfunktion ermöglicht einen größtmöglichen Austausch zwischen den Lernenden. In einem Archiv können erledigte Aufgaben und Prüfungen abgelegt und bei Bedarf wieder aufgerufen werden. Digitale Karteikarten erlauben ein effektives Vokabellernen, auch mithilfe von Sprach- und Feedbackfunktionen.",https://www.jugend-forscht.de/index.php?id=262&tx_smsjufoprojects_smsjufprojectdb%5Bproject%5D=7638&tx_smsjufoprojects_smsjufprojectdb%5Baction%5D=show&tx_smsjufoprojects_smsjufprojectdb%5Bcontroller%5D=Project&cHash=ff7bc4b0ad89ecc651b814d66ec05427,2024,Mathematik/Informatik,Saarland
2024,Mathematik/Informatik,2024 | Mathematik/Informatik | Rheinland-Pfalz,scoogo – der Schulmanager,"Alina Just, 
									
										Arne Trees","Alina Just (18), KoblenzMax-von-Laue-Gymnasium, Koblenz
Arne Trees (18), Höhr-GrenzhausenMax-von-Laue-Gymnasium, Koblenz
scoogo – der Schulmanager
Firmen arbeiten heute mit Computerprogrammen, die den Büroablauf organisieren helfen: Unter anderem unterstützen sie bei Terminplanung, Aufgabenverteilung und Projektabwicklung. Da auch der Schulalltag immer komplexer wird, beschlossen Alina Just und Arne Trees, eine Managementsoftware für ihre Schule zu entwickeln. Ihr Programm „scoogo“ überträgt zahlreiche Aktionen, die bislang auf dem Papier erledigt wurden, in die digitale Welt. So kann das System Stunden- und Raumpläne verwalten, ein digitales Klassenbuch erstellen und dabei helfen, Vertretungsstunden zu planen. Darüber hinaus dokumentiert die Software Fehlzeiten, ermöglicht es, Entschuldigungen für Fehlstunden einzutragen, und macht über einen digitalen Schnellhefter Unterrichtsmaterialien zugänglich.",https://www.jugend-forscht.de/index.php?id=262&tx_smsjufoprojects_smsjufprojectdb%5Bproject%5D=7640&tx_smsjufoprojects_smsjufprojectdb%5Baction%5D=show&tx_smsjufoprojects_smsjufprojectdb%5Bcontroller%5D=Project&cHash=6411c47c1d93baf7d513019b5a4e566b,2024,Mathematik/Informatik,Rheinland-Pfalz
2024,Mathematik/Informatik,2024 | Mathematik/Informatik | Nordrhein-Westfalen,Sorting the colors: dimensionsbezogene Generalisierung vergleichsbasierter Sortierung,Leo Blume,"Leo Blume (16), EssenGymnasium Essen-Werden
Preis für eine originelle Arbeit auf dem Gebiet der InformatikPreisstifter: Konrad-Zuse-Gesellschaft e. V.
Sorting the colors: dimensionsbezogene Generalisierung vergleichsbasierter Sortierung
Eine Liste nach dem Alphabet zu sortieren, ist eine einfache Übung. Als Leo Blume die Bücher in einem Regal neu ordnete, erwies sich die Sortierung nach Farben allerdings als schwieriger als zunächst angenommen. Doch die Mathematik konnte hier helfen. Leo Blume entwickelte die Grundlagen einer neuen mehrdimensionalen Sortierung, die ermöglicht, Problemstellungen in mathematischen Graphen und Tabellen darzustellen. Ausgehend davon wurden mehrere Algorithmen entwickelt und in eine interaktive Web-Software sowie in eine App umgesetzt. Auf diese Weise gelang es schließlich, die Bücher so anzuordnen, dass die Farbkontraste benachbarter Buchrücken möglichst gering ausfallen. Darüber hinaus kann die App auch Wörter nach ihrer Bedeutung sortieren und den kürzesten Weg zwischen mehreren Orten berechnen.",https://www.jugend-forscht.de/index.php?id=262&tx_smsjufoprojects_smsjufprojectdb%5Bproject%5D=7644&tx_smsjufoprojects_smsjufprojectdb%5Baction%5D=show&tx_smsjufoprojects_smsjufprojectdb%5Bcontroller%5D=Project&cHash=34c147830ce0f5e7bdacf9f319d24951,2024,Mathematik/Informatik,Nordrhein-Westfalen
2024,Mathematik/Informatik,2024 | Mathematik/Informatik | Thüringen,Verschiedene Methoden zur Berechnung der Koordinaten des Inkreismittelpunktes im Dreieck,Janina Leistritz,"Janina Leistritz (15), llmenauGoetheschule Ilmenau
Verschiedene Methoden zur Berechnung der Koordinaten des Inkreismittelpunktes im Dreieck
Der Inkreis ist der größtmögliche Kreis, der in einem Dreieck eingezeichnet werden kann. Seine Berechnung ist gerade in vielen technischen Bereichen hilfreich, etwa um die Bahnen von Satelliten zu planen oder um im Bauwesen die optimale Lastverteilung für Trägerstrukturen herauszufinden. Doch wo genau in einem Dreieck liegt der Mittelpunkt des Inkreises? Um die Koordinaten zu ermitteln, untersuchte Janina Leistritz drei verschiedene mathematische Methoden. Der erste Ansatz führte über Winkelberechnungen, der zweite über die sogenannten Strahlensätze, beim dritten dienten Rauten als Hilfsmittel. Dabei fand die Jungforscherin heraus, dass die Koordinatenberechnung je nach Ausgangslage entweder mit Verfahren zwei oder Methode drei am einfachsten zu realisieren ist.",https://www.jugend-forscht.de/index.php?id=262&tx_smsjufoprojects_smsjufprojectdb%5Bproject%5D=7652&tx_smsjufoprojects_smsjufprojectdb%5Baction%5D=show&tx_smsjufoprojects_smsjufprojectdb%5Bcontroller%5D=Project&cHash=f7412e4eec2c943d04a2a7684917e2ab,2024,Mathematik/Informatik,Thüringen
2024,Mathematik/Informatik,2024 | Mathematik/Informatik | Niedersachsen,Verwendung von Field-Programmable Gate Arrays zur Simulation von Quantenschaltkreisen,Jonas Müller,"Jonas Müller (20), StadeVincent-Lübeck-Gymnasium, Stade
3. Preis Mathematik/InformatikPreisstifter: Fraunhofer-Gesellschaft zur Förderung der angewandten Forschung e. V.
Konrad-Zuse-Jugendpreis für Informatik der Eduard-Rhein-StiftungPreisstifter: Eduard-Rhein-Stiftung
Verwendung von Field-Programmable Gate Arrays zur Simulation von Quantenschaltkreisen
Quantencomputer gelten als Wundermaschinen der Zukunft. Sie sollen Routenberechnungen, Materialsimulationen oder Datenbanksuchen viel schneller erledigen als bisher. Allerdings sind die derzeitigen Prototypen noch nicht leistungsfähig genug, es hapert an der Hardware. Daher wird Quantensoftware häufig auf gewöhnlichen Computern entwickelt. Der konventionelle PC gibt dann vor, eine Quantenmaschine zu sein. Jonas Müller konnte diesen Ansatz optimieren: Statt die Quantenschaltkreise allein per Software zu simulieren, nutzte er eine spezielle Art von Mikrochips. Deren Komponenten lassen sich wie Legosteine flexibel miteinander kombinieren, wodurch sich das Bauteil gut an eine spezielle Aufgabe anpassen lässt. Damit gelang es dem Jungforscher, Quantenalgorithmen effizient und schnell zu simulieren.",https://www.jugend-forscht.de/index.php?id=262&tx_smsjufoprojects_smsjufprojectdb%5Bproject%5D=7653&tx_smsjufoprojects_smsjufprojectdb%5Baction%5D=show&tx_smsjufoprojects_smsjufprojectdb%5Bcontroller%5D=Project&cHash=329962a1bc8c8e8f1b7d2200505bc4fb,2024,Mathematik/Informatik,Niedersachsen
2024,Geo- und Raumwissenschaften,2024 | Geo- und Raumwissenschaften | Sachsen-Anhalt,Analyse des nicht geometrischen Tilt-to-length coupling höherer Hermite-Gauß Moden,Maximilian Maurer,"Maximilian Maurer (18), GehrdenLandesschule Pforta, Naumburg
Max-Planck-Institut für Gravitationsphysik (Albert-Einstein-Institut), Hannover
4. Preis Geo- und RaumwissenschaftenPreisstifter: stern
Analyse des nicht geometrischen Tilt-to-length coupling höherer Hermite-Gauß Moden
Gravitationswellen im Weltraum entstehen, wenn sich Massen umkreisen oder miteinander kollidieren, etwa bei der Verschmelzung von schwarzen Löchern. Sie werden durch Detektion, also den Nachweis, von Weglängenänderungen gemessen. Das Tilt-to-length coupling (TTL) ist dabei eine unerwünschte Kopplung von Winkelbewegungen (Tilt) zu scheinbaren Längenänderungen (Length). Es gilt daher als eine potenzielle Rausch- und somit Fehlerquelle der Gravitationsastronomie. Maximilian Maurer analysierte vor allem nicht geometrische TTL und simulierte unterschiedliche Interferenzszenarien. Seine Daten erweitern das Wissen in diesem Forschungsgebiet erheblich und könnten zum Erfolg der Laser-Interferometer-Space-Antenna-(LISA-)Mission zur Einrichtung eines Gravitationswellendetektors im All beitragen.",https://www.jugend-forscht.de/index.php?id=262&tx_smsjufoprojects_smsjufprojectdb%5Bproject%5D=7551&tx_smsjufoprojects_smsjufprojectdb%5Baction%5D=show&tx_smsjufoprojects_smsjufprojectdb%5Bcontroller%5D=Project&cHash=6ee855bab94e95fc7c4c436776991b76,2024,Geo- und Raumwissenschaften,Sachsen-Anhalt
2024,Geo- und Raumwissenschaften,2024 | Geo- und Raumwissenschaften | Niedersachsen,Austesten der Beobachtungsmöglichkeit des Exoplaneten HAT-P-16b mit einem 80-mm-Teleskop,"Kai Flake, 
									
										Johannes Törner","Kai Flake (20, links), WallenhorstAngelaschule Osnabrück
Johannes Törner (19, rechts), OsnabrückAngelaschule Osnabrück
Austesten der Beobachtungsmöglichkeit des Exoplaneten HAT-P-16b mit einem 80-mm-Teleskop
Kai Flake und Johannes To?rner erforschen Exoplaneten, das sind Planeten außerhalb unseres Sonnensystems. Konkret untersuchten die beiden den Transit von HAT-P-16b mit einem Schulteleskop bei städtischen Lichtbedingungen. Dabei griffen sie auf Ergebnisse eines Forschungsprojekts von 2022 zurück, bei dem derselbe Exoplanet mit einem 200-mm-Teleskop untersucht wurde. Sie konnten mit einer noch geringeren Teleskop-Öffnung von nur 80 mm ebenso genaue Analysedaten des Planetentransits ermitteln. Dafür nutzten sie die sogenannte Transitmethode, bei der der Exoplanet nur indirekt durch Beobachtung des Helligkeitsverlaufs seines Sterns nachgewiesen wird. Ihre Ergebnisse zeigen, dass Exoplaneten auch mit kleineren Teleskopen und trotz Lichtverschmutzung in städtischen Gebieten gut erforscht werden können.",https://www.jugend-forscht.de/index.php?id=262&tx_smsjufoprojects_smsjufprojectdb%5Bproject%5D=7553&tx_smsjufoprojects_smsjufprojectdb%5Baction%5D=show&tx_smsjufoprojects_smsjufprojectdb%5Bcontroller%5D=Project&cHash=dc32f961d9e54302cc09c5ee33cc5c8a,2024,Geo- und Raumwissenschaften,Niedersachsen
2024,Geo- und Raumwissenschaften,2024 | Geo- und Raumwissenschaften | Brandenburg,Der neue Exoplanet TOI1147b,Anna Maria Weiß,"Anna Maria Weiß (18), VogelsdorfEinstein-Gymnasium, Neuenhagen bei Berlin
Bundessieg1. Preis Geo- und RaumwissenschaftenPreisstifter: stern
SonderpreisEinladung zum European Union Contest for Young Scientists (EUCYS)Preisstifter: European Commission
Europa-Preis für Teilnehmende am European Union Contest for Young Scientists (EUCYS)Preisstifter: Deutsche Forschungsgemeinschaft
Preis für eine Arbeit auf dem Gebiet der AstronomiePreisstifter: Astronomische Gesellschaft e. V.
Der neue Exoplanet TOI1147b
Exoplaneten sind Planeten außerhalb unseres Sonnensystems. Sie gehören zu den interessantesten Forschungsobjekten in der Astronomie. Anna Maria Weiß konnte zeigen, dass das Objekt TOI1147b ein Exoplanet ist, der in einer stark elliptischen Umlaufbahn seinen Mutterstern umkreist. Neben dem bodengebundenen Nachweis des neuen Exoplaneten mithilfe von Weltraumteleskopen charakterisierte sie auch seine inneren Eigenschaften. Sie fand heraus, dass es sich bei dem nicht bewohnbaren TOI1147b um einen „Hot Jupiter“ handelt. Das ist eine Klasse von Exoplaneten, die eine ähnliche Masse und Größe wie der Jupiter haben, aber eine deutlich höhere Oberflächentemperatur aufweisen. Die Jungforscherin errechnete einen Radius von rund 2,3 Jupiterradien und eine Masse von rund 1,5558 Jupitermassen.",https://www.jugend-forscht.de/index.php?id=262&tx_smsjufoprojects_smsjufprojectdb%5Bproject%5D=7564&tx_smsjufoprojects_smsjufprojectdb%5Baction%5D=show&tx_smsjufoprojects_smsjufprojectdb%5Bcontroller%5D=Project&cHash=c69969c80d42f3d9d529d9dfc08d2256,2024,Geo- und Raumwissenschaften,Brandenburg
2024,Geo- und Raumwissenschaften,2024 | Geo- und Raumwissenschaften | Baden-Württemberg,Die Albedo 2.0 – ein Baustein in der Anpassung an den Klimawandel?,"Tom Sprinz, 
									
										Thomas Hergetz, 
									
										Vit Werner","Tom Sprinz (16, links), MannheimLudwig-Frank-Gymnasium Mannheim
Thomas Hergetz (16, Mitte), MannheimLudwig-Frank-Gymnasium Mannheim
Vit Werner (15, rechts), MannheimLudwig-Frank-Gymnasium Mannheim
2. Preis Geo- und RaumwissenschaftenPreisstifter: stern
Preis für eine Arbeit zum Thema ""Energiewende und Klimaschutz""Preisstifter: Bundesminister für Wirtschaft und Klimaschutz Dr. Robert Habeck, MdB
Preis für eine Arbeit auf dem Gebiet der GeographiePreisstifter: Deutsche Gesellschaft für Geographie e. V.
Die Albedo 2.0 – ein Baustein in der Anpassung an den Klimawandel?
Je heller eine Fläche ist, umso weniger erwärmt sie sich bei Sonneneinstrahlung. Tom Sprinz, Thomas Hergetz und Vit Werner untersuchten an selbst konstruierten Modellhäusern, in welchem Maße sich die Farbe von Dachziegeln auf die Innentemperatur eines Gebäudes auswirkt. Bei ihren Messreihen lag die Temperatur in einem weiß gedeckten Haus im Durchschnitt knapp ein Grad Celsius niedriger als bei einer konventionellen Ziegelfarbe. Ihre Ergebnisse rechneten die Jungforscher anschließend auf mehrere Mannheimer Stadtteile hoch, indem sie zunächst die Gesamtheit der Dachflächen bestimmten. Dann berechneten sie die Energiemenge, die im Untersuchungsgebiet pro Jahr bei weißen Dachbelägen weniger absorbiert werden wu?rde. Das könnte Architekten künftig inspirieren, bei Dächern hellere Baustoffe zu verwenden.",https://www.jugend-forscht.de/index.php?id=262&tx_smsjufoprojects_smsjufprojectdb%5Bproject%5D=7565&tx_smsjufoprojects_smsjufprojectdb%5Baction%5D=show&tx_smsjufoprojects_smsjufprojectdb%5Bcontroller%5D=Project&cHash=108c80418490bd65406d5335ad9eb79b,2024,Geo- und Raumwissenschaften,Baden-Württemberg
2024,Geo- und Raumwissenschaften,2024 | Geo- und Raumwissenschaften | Nordrhein-Westfalen,Die Bestimmung der differenziellen Rotation der Sonne anhand von Sonnenflecken,Jonas Moritz Wewel,"Jonas Moritz Wewel (18), AltenbergeGymnasium Paulinum, Münster
Die Bestimmung der differenziellen Rotation der Sonne anhand von Sonnenflecken
Auch mit relativ einfachen Mitteln lässt sich die Rotationsgeschwindigkeit der Sonne bestimmen. Jonas Moritz Wewel gelang das durch die Auswertung der Sonnenflecken auf selbst gemachten Aufnahmen der Sonne. Dabei gab es mehrere Herausforderungen zu bewältigen: Da die Bilder nur eine Projektion der Oberfläche sind, müssen die Positionen der Flecken auf die Kugeloberfläche umgerechnet werden. Hinzu kommt, dass man bei den Bildern sehr genau auf die Ausrichtung achten muss. Schließlich gibt es die Besonderheit, dass die Sonne keine einheitliche Rotationsgeschwindigkeit hat, sondern dass diese je nach geografischer Breite variiert. Unter Berücksichtigung dieser Aspekte konnte der Jungforscher mit einer eigenen Software Werte ermitteln, die nahe an denen in der Fachliteratur liegen.",https://www.jugend-forscht.de/index.php?id=262&tx_smsjufoprojects_smsjufprojectdb%5Bproject%5D=7567&tx_smsjufoprojects_smsjufprojectdb%5Baction%5D=show&tx_smsjufoprojects_smsjufprojectdb%5Bcontroller%5D=Project&cHash=8bbc93f6c2f1c991be101705a4329da6,2024,Geo- und Raumwissenschaften,Nordrhein-Westfalen
2024,Geo- und Raumwissenschaften,2024 | Geo- und Raumwissenschaften | Rheinland-Pfalz,Die Mikrostruktur der Flussperlmuschel – ein Proxy für Temperatur?,Clara Köstler,"Clara Köstler (17), MainzMaria Ward-Schule, Mainz
Johannes Gutenberg-Universität Mainz
3. Preis Geo- und RaumwissenschaftenPreisstifter: stern
Die Mikrostruktur der Flussperlmuschel – ein Proxy für Temperatur?
Manche Strukturen der Flussperlmuschel werden in der Forschungsliteratur als Indiz für die Wassertemperatur gewertet, die während der Lebenszeit der Tiere herrschte. Besonders die Dicke der Perlmuttplättchen der ozeanischen Muschel gilt als ein Indikator. Clara Köstler untersuchte Muschelschalen von Tieren, die zuvor in unterschiedlichen, aber konstant temperierten Aquarien gelebt hatten. Bei den Analysen mit einem Rasterelektronenmikroskop standen neben der Dicke der Perlmuttschicht auch die Mikrostrukturen der Prismen in der äußersten Schalenlage im Fokus. Dabei fand die Jungforscherin heraus, dass es zwar keinen direkten Zusammenhang der Strukturen mit der Wassertemperatur gibt, aufgrund von Hinweisen auf jahreszeitliche Muster in der Schale lohnen sich jedoch weitere Strukturanalysen.",https://www.jugend-forscht.de/index.php?id=262&tx_smsjufoprojects_smsjufprojectdb%5Bproject%5D=7571&tx_smsjufoprojects_smsjufprojectdb%5Baction%5D=show&tx_smsjufoprojects_smsjufprojectdb%5Bcontroller%5D=Project&cHash=d140aff875b05fab7d8af08d2cbb7ee7,2024,Geo- und Raumwissenschaften,Rheinland-Pfalz
2024,Geo- und Raumwissenschaften,2024 | Geo- und Raumwissenschaften | Hamburg,Fotometrische Messungen von veränderlichen Sternen mit eigenem Teleskop,Leonhard Balko,"Leonhard Balko (16), HamburgLuisen-Gymnasium Bergedorf, Hamburg
Schülerforschungszentrum Hamburg
Fotometrische Messungen von veränderlichen Sternen mit eigenem Teleskop
Leonhard Balko untersuchte, wo die Grenzen von amateurastronomischem Equipment liegen, welche Faktoren die Messwerte beeinflussen und ob die ermittelten Messdaten wissenschaftlich relevante Informationen beinhalten. Ihm gelangen mithilfe eines Hobby-Teleskops mit 200-mm-Öffnung und 1000-mm-Brennweite fotometrische Messungen von veränderlichen Sternen. Der Jungforscher konnte aussagekräftige Lichtkurven bestimmen, um so die Entfernung zu diesen Himmelskörpern zu berechnen. Und obwohl die Helligkeit der Sterne je nach Hintergrund und der Höhe am Himmel stark variiert, gelang es ihm, den Helligkeitsunterschied von veränderlichen Sternen nachzuweisen. Die Messgenauigkeit seiner Daten liegt trotz des Messstandorts Hamburg mit seiner hohen Lichtverschmutzung bei rund 3 Prozent.",https://www.jugend-forscht.de/index.php?id=262&tx_smsjufoprojects_smsjufprojectdb%5Bproject%5D=7589&tx_smsjufoprojects_smsjufprojectdb%5Baction%5D=show&tx_smsjufoprojects_smsjufprojectdb%5Bcontroller%5D=Project&cHash=510f10057e23ea098f8553a3924240a1,2024,Geo- und Raumwissenschaften,Hamburg
2024,Geo- und Raumwissenschaften,2024 | Geo- und Raumwissenschaften | Berlin,H1-Wellen-Radioteleskop zur Nutzung in der Schule,"Abdullah Arslan, 
									
										Theodor Büche, 
									
										Janus Leuendorf","Abdullah Arslan (17, rechts), BerlinLessing-Gymnasium, Berlin
Theodor Büche (17, links), BerlinLessing-Gymnasium, Berlin
Janus Leuendorf (17, Mitte), BerlinLessing-Gymnasium, Berlin
Preis für eine Arbeit auf dem Gebiet des geowissenschaftlichen UnterrichtsPreisstifter: Verband Deutscher Schulgeographie e. V.
H1-Wellen-Radioteleskop zur Nutzung in der Schule
Man kann das Weltall nicht nur im Spektrum des sichtbaren Lichtes erforschen, sondern auch anhand von Radiowellen, die von der interstellaren Materie ausgehen. Besonders gut lassen sich die Wellen detektieren, die Wasserstoff aussenden. Abdullah Arslan, Theodor Büche und Janus Leuendorf bauten mit einfachen Mitteln ein Radioteleskop, das diese Wellen erfassen kann. Sie nutzten dafür eine handelsübliche Wi-Fi-Parabolantenne und einen kostengünstigen digitalen Radioempfänger. Die Signale zeichneten sie mit einem Laptop auf. So entstanden Bilder vom All, die zum Beispiel auch die Bewegungen von Wasserstoffwolken zeigen, weil sich bei den empfangenen Wellen der Doppler-Effekt bemerkbar macht. Die Jungforscher ermöglichen damit auch Schulen mit geringem Lehrmitteletat einen Blick ins All.",https://www.jugend-forscht.de/index.php?id=262&tx_smsjufoprojects_smsjufprojectdb%5Bproject%5D=7594&tx_smsjufoprojects_smsjufprojectdb%5Baction%5D=show&tx_smsjufoprojects_smsjufprojectdb%5Bcontroller%5D=Project&cHash=aa43b5a01343bb577f257d3ea946250f,2024,Geo- und Raumwissenschaften,Berlin
2024,Geo- und Raumwissenschaften,2024 | Geo- und Raumwissenschaften | Schleswig-Holstein,Hinweis auf supermassereiche Dunkle Sterne in JWST-Daten,Marie-Louise Rulf,"Marie-Louise Rulf (17), GrosshansdorfStiftung Louisenlund, Güby
5. Preis Geo- und RaumwissenschaftenPreisstifter: stern
Hinweis auf supermassereiche Dunkle Sterne in JWST-Daten
Marie-Louise Rulf untersuchte die Spektren von vier im All sehr weit entfernten Objekten, die mit dem James-Webb-Weltraumteleskop (JWST) aufgenommen wurden. Sie stellte sich die Frage, ob es sich bei diesen Objekten um Galaxien oder um supermassereiche Dunkle Sterne handelt. Dunkle Sterne sind keine gewöhnlichen Sterne, sondern Objekte, die ihr Licht aus der Zerstrahlung von Dunkler Materie speisen. Die gesichteten Objekte leuchteten vermutlich schon 400 Millionen Jahre nach dem Urknall. Zur Klärung ihrer Forschungsfrage modellierte die Jungforscherin eigene Galaxienspektren und verglich sie mit den Spektren von Dunklen Sternen und mit den JWST-Spektralaufnahmen der Objekte. Im Ergebnis ließ sich ihre Hypothese zu den Dunklen Sternen auf Basis der aktuellen Datenlage nicht zweifelsfrei bestätigen.",https://www.jugend-forscht.de/index.php?id=262&tx_smsjufoprojects_smsjufprojectdb%5Bproject%5D=7595&tx_smsjufoprojects_smsjufprojectdb%5Baction%5D=show&tx_smsjufoprojects_smsjufprojectdb%5Bcontroller%5D=Project&cHash=b01f5be857e581cd70de68e512417709,2024,Geo- und Raumwissenschaften,Schleswig-Holstein
2024,Geo- und Raumwissenschaften,2024 | Geo- und Raumwissenschaften | Hessen,Optimus Klimas – Optimierung physikalischer Dynamiken in Deep Learning für Klimasimulation,Lilly Schwarz,"Lilly Schwarz (16), FritzlarSchülerForschungsZentrum Nordhessen der Universität Kassel
BundessiegPreis für die beste interdisziplinäre ArbeitPreisstifter: Bundesministerin für Bildung und Forschung Bettina Stark-Watzinger, MdB
Optimus Klimas – Optimierung physikalischer Dynamiken in Deep Learning für Klimasimulation
Klimasimulationen benötigen viel Rechenzeit, weshalb man sich bislang auf die Untersuchung einer überschaubaren Anzahl von Szenarien beschränkte. Aus dem gleichen Grund können die aktuellen Klimamodelle lokale Phänomene nur unzureichend berücksichtigen. Lilly Schwarz nutzte neuronale Netze, eine Variante der künstlichen Intelligenz, um die Rechenzeiten der Simulationen zu reduzieren und auch um eine stärkere geografische Differenzierung zu ermöglichen. Sie trainierte ihr System anhand von historischen Klima- und Atmosphärendaten und konnte damit für die Zukunft Szenarien errechnen, die den Daten des Weltklimarats recht nahekommen. Einen Schwerpunkt legte die Jungforscherin neben möglichen Kipppunkten auf die Betrachtung der Permafrostböden, deren Auftauen die Klimaerwärmung beschleunigen würde.",https://www.jugend-forscht.de/index.php?id=262&tx_smsjufoprojects_smsjufprojectdb%5Bproject%5D=7621&tx_smsjufoprojects_smsjufprojectdb%5Baction%5D=show&tx_smsjufoprojects_smsjufprojectdb%5Bcontroller%5D=Project&cHash=c5ac4060a1d67d156ac9e611710ead2b,2024,Geo- und Raumwissenschaften,Hessen
2024,Geo- und Raumwissenschaften,2024 | Geo- und Raumwissenschaften | Mecklenburg-Vorpommern,Praeceptor Caeli II – über den Wolken: Forschen auf 26 km Höhe,"Leonhard Pieper, 
									
										Niclas von Langermann","Leonhard Pieper (17, rechts), RostockCJD Christophorusschule Rostock
Niclas von Langermann (17, links), RostockCJD Christophorusschule Rostock
Mikro-MINT: Schülerforschungszentrum, Rostock
Praeceptor Caeli II – über den Wolken: Forschen auf 26 km Höhe
Leonhard Pieper und Niclas von Langermann interessieren sich für die Klimamessung mithilfe von Wetterballons. Die beiden entwickelten eine Messsonde zur Atmosphärenforschung, die Temperaturen bis minus 60 Grad Celsius standhält. Sie sammelt präzise Daten etwa zu Luftdruck, Temperatur oder Windrichtung, ist leicht genug für Wetterballons und kann sicher wieder auf der Erde landen. Der „Himmelsforscher“ wurde bereits erfolgreich in die Stratosphäre und die darin liegende Ozonschicht geschickt. Die Ozonschicht ist anhand einer Temperaturerhöhung erkennbar. Bei der Auswertung der Datensätze beobachteten die Jungforscher eine Temperaturerhöhung in 11 bis 12 Kilometer Höhe. Damit läge die Ozonschicht tiefer als in den Vergleichsdaten dargestellt, in diesen fängt sie erst bei 15 Kilometern an.",https://www.jugend-forscht.de/index.php?id=262&tx_smsjufoprojects_smsjufprojectdb%5Bproject%5D=7628&tx_smsjufoprojects_smsjufprojectdb%5Baction%5D=show&tx_smsjufoprojects_smsjufprojectdb%5Bcontroller%5D=Project&cHash=b2387d7ee846b08976539a11fa9c2348,2024,Geo- und Raumwissenschaften,Mecklenburg-Vorpommern
2024,Geo- und Raumwissenschaften,2024 | Geo- und Raumwissenschaften | Thüringen,Vergleich von Hoch- und Tieftemperatursupraleitung bei geomagnetischen Bodenscans,"Maximilian Kirchner, 
									
										Paul Spencer-Buff","Maximilian Kirchner (18, links), FambachGoetheschule Ilmenau
Paul Spencer-Buff (18, rechts), IlmenauGoetheschule Ilmenau
Vergleich von Hoch- und Tieftemperatursupraleitung bei geomagnetischen Bodenscans
Bei der Suche nach Bodenschätzen kommen sogenannte SQUIDs zum Einsatz. Das sind Sensoren, die geringe Magnetfeldänderungen messen können und so Hinweise auf Rohstoffe im Untergrund geben. In den Instrumenten werden wahlweise Hoch- oder Tieftemperatursupraleiter eingesetzt. Maximilian Kirchner und Paul Spencer-Buff untersuchten, welches Messsystem das genauere ist. Dafür führten sie Versuche zu Einflussfaktoren wie der Stromstärke oder dem Magnetfeldrauschen durch. Die Auswertung zeigte, dass die Tieftemperatursupraleiter genauer messen. Der Nachteil ist, dass sie aufgrund des verwendeten flüssigen Heliums wesentlich teurer sind als die Alternative. Die Jungforscher gehen davon aus, dass sich die Präzision der Verfahren künftig annähern wird und dann der Preis den Ausschlag gibt.",https://www.jugend-forscht.de/index.php?id=262&tx_smsjufoprojects_smsjufprojectdb%5Bproject%5D=7651&tx_smsjufoprojects_smsjufprojectdb%5Baction%5D=show&tx_smsjufoprojects_smsjufprojectdb%5Bcontroller%5D=Project&cHash=49e2a0ded258e1ce79d1cdb0ef1f8f71,2024,Geo- und Raumwissenschaften,Thüringen
2024,Geo- und Raumwissenschaften,2024 | Geo- und Raumwissenschaften | Hessen,Wasseranalyse 2.0: autonomes Low-Cost-Boot zur Gewässergüte-Bestimmung,"Luis Gerloni, 
									
										Fabian Sotonica, 
									
										Clara Steiner","Luis Gerloni (17, Mitte), NauheimSteinmühle – Schule & Internat, Marburg
Fabian Sotonica (17, rechts), Seeheim-JugenheimSteinmühle – Schule & Internat, Marburg
Clara Steiner (18, links), TreburSteinmühle – Schule & Internat, Marburg
Preis für eine originelle Arbeit auf dem Gebiet der GeowissenschaftenPreisstifter: Deutsche Geologische GesellschaftGeologische Vereinigung
Wasseranalyse 2.0: autonomes Low-Cost-Boot zur Gewässergüte-Bestimmung
Die manuelle Entnahme von Wasserproben kann aufwendig sein, wenn man sich dafür zum Beispiel an unwegsame Flussabschnitte begeben muss. Daher bauten Luis Gerloni, Fabian Sotonica und Clara Steiner ein Boot, das ferngesteuert Gewässer befahren kann und dabei einerseits zahlreiche Wasserparameter mit Sensoren erfasst und andererseits Proben nimmt für die spätere Analyse im Labor. Die Messreihen werden über einen Raspberry Pi, einen Einplatinencomputer, an Bord des Bootes gesteuert. Er sendet die erhobenen Daten anschließend in eine Cloud. Mit einer selbst geschriebenen Software können die Jungforschenden die Messdaten anschließend auswerten und Einschätzungen zur Gewässerqualität abgeben. Künftig dürfte es für Forschende also sehr viel komfortabler sein, Messungen der Gewässergüte vorzunehmen.",https://www.jugend-forscht.de/index.php?id=262&tx_smsjufoprojects_smsjufprojectdb%5Bproject%5D=7655&tx_smsjufoprojects_smsjufprojectdb%5Baction%5D=show&tx_smsjufoprojects_smsjufprojectdb%5Bcontroller%5D=Project&cHash=a3bb0ed14acca4af87564a1b13a7d1e1,2024,Geo- und Raumwissenschaften,Hessen
2024,Geo- und Raumwissenschaften,2024 | Geo- und Raumwissenschaften | Bayern,Zusammenhang zwischen der Waldeigentumsform und dem Totholzvolumen – eine Inventur,Jule Graß,"Jule Graß (19), LettenreuthGymnasium Burgkunstadt
Zusammenhang zwischen der Waldeigentumsform und dem Totholzvolumen – eine Inventur
Totholz ist kein Abfallprodukt, sondern hat eine immense Bedeutung für die Biodiversität und damit für die Gesundheit der Wälder. Jule Graß ging in ihrer oberfränkischen Heimat der Frage nach, welchen Einfluss die Eigentumsform eines Waldes auf die anfallende Totholzmenge hat. Um das herauszufinden, nutzte sie das Verfahren der Probekreise. Dabei erfasste sie auf ausgewählten Flächen systematisch das vorhandene Totholzvolumen. Sie stellte fest, dass der Staatswald über die größten Totholzmengen verfügt, weshalb er in der betreffenden Region auch als Naturwaldreservat gilt. Mit Abstand folgte der Kommunalwald und am Ende stand der Privatwald. Als Gründe für ein hohes Totholzvolumen identifizierte sie den Verzicht auf Nutzungs- oder Pflegeeingriffe sowie auf eine wirtschaftliche Nutzung.",https://www.jugend-forscht.de/index.php?id=262&tx_smsjufoprojects_smsjufprojectdb%5Bproject%5D=7656&tx_smsjufoprojects_smsjufprojectdb%5Baction%5D=show&tx_smsjufoprojects_smsjufprojectdb%5Bcontroller%5D=Project&cHash=f983638b1db69be8341cbdd268568195,2024,Geo- und Raumwissenschaften,Bayern
2024,Geo- und Raumwissenschaften,2024 | Geo- und Raumwissenschaften | Saarland,„Grünes Kupfer“ aus dem Kupfererz Malachit,"Katharina Boes, 
									
										Sina Hombrecher","Katharina Boes (15, rechts), HeusweilerGeschwister-Scholl-Gymnasium, Lebach
Sina Hombrecher (14, links), EppelbornGeschwister-Scholl-Gymnasium, Lebach
Preis für eine Arbeit zum Thema ""Ressourceneffizienz""Preisstifter: Bundesministerin für Umwelt, Naturschutz, nukleare Sicherheit und Verbraucherschutz Steffi Lemke, MdB
„Grünes Kupfer“ aus dem Kupfererz Malachit
Stahl wird heute als „grün“ bezeichnet, wenn man im Hochofen Wasserstoff statt Kohle einsetzt, um dem Erz den darin gebundenen Sauerstoff zu entziehen. Davon inspiriert erzeugten Katharina Boes und Sina Hombrecher „grünes Kupfer“. Sie verwendeten dafür das Erz Malachit, ein Kupfercarbonat. Dieses zerkleinerten sie und erhitzten das körnige Material in einem mit Wasserstoff durchströmten Glasröhrchen. Bei rund 300 Grad Celsius konnten die Jungforscherinnen eine Farbveränderung des grünen Kupfercarbonats in Richtung Kupferrot erkennen. Für das weitere Verfahren pressten sie das pulverförmige reduzierte Kupfer, um es anschließend zu kompaktem Kupfer einzuschmelzen. Der Herstellung von „grünem Kupfer“ steht also nichts mehr im Wege.",https://www.jugend-forscht.de/index.php?id=262&tx_smsjufoprojects_smsjufprojectdb%5Bproject%5D=7593&tx_smsjufoprojects_smsjufprojectdb%5Baction%5D=show&tx_smsjufoprojects_smsjufprojectdb%5Bcontroller%5D=Project&cHash=08099356aa2226292a0efc91af8371ce,2024,Geo- und Raumwissenschaften,Saarland
2023,Physik,2023 | Physik | Thüringen,Akustische Ermittlungen im Klassenzimmer,"Ronja Hollatz, 
									
										Lea Gaurun","Ronja Hollatz (16, links), IlmenauGoetheschule Ilmenau
Lea Gaurun (17, rechts), IlmenauGoetheschule Ilmenau
Akustische Ermittlungen im Klassenzimmer
Im Unterricht kann es ziemlich laut zugehen – was nicht nur die Lehrkräfte stört, sondern auch viele Schülerinnen und Schüler. Ronja Hollatz und Lea Gaurun wollten den Lärm in ihrer Schule genauer analysieren. Dazu stellten sie in den Klassenräumen zweier Jahrgangsstufen Messgeräte auf, die zwei Tage lang den Schallpegel erfassten. Das Resultat: In der sechsten Klasse ging es im Durchschnitt deutlich lauter zu als in der elften Klasse – zum Teil war es im Klassenraum so laut wie an einer Hauptverkehrsstraße. Darüber hinaus fanden die Jungforschenden heraus, dass auch die Raumakustik eine Rolle spielt. In Räumen, deren Decken mit akustischen Dämmplatten verkleidet sind, war der Nachhall deutlich reduziert, und damit auch der Lärmpegel.",https://www.jugend-forscht.de/index.php?id=262&tx_smsjufoprojects_smsjufprojectdb%5Bproject%5D=7442&tx_smsjufoprojects_smsjufprojectdb%5Baction%5D=show&tx_smsjufoprojects_smsjufprojectdb%5Bcontroller%5D=Project&cHash=439bddb46c0b299040d82e48319dac66,2023,Physik,Thüringen
2023,Physik,2023 | Physik | Bayern,Analyse optischer Phänomene an selbstgebauten Schlierenfotografieapparaten,Henry Hill,"Henry Hill (18), OlchingGymnasium Gröbenzell
4. Preis PhysikPreisstifter: Max-Planck-Gesellschaft zur Förderung der Wissenschaften e. V.
Analyse optischer Phänomene an selbstgebauten Schlierenfotografieapparaten
Die Schlierenfotografie ist eine Spezialtechnik, die zum Beispiel in der Luft- und Raumfahrt eingesetzt wird, um die Aerodynamik von Flugzeugen in einem Windkanal zu überprüfen. Die Methode basiert darauf, dass Luft bei großen Temperatur- oder Druckunterschieden ihre Lichtbrechung verändert – im Prinzip ist das der Effekt, der hinter einer Fata Morgana steckt. In seinem Forschungsprojekt entwickelte Henry Hill selbst eine Schlierenfotografieapparatur. Dazu kombinierte er einen Theaterscheinwerfer mit einem Spiegel, einer 3-D-gedruckten Halterung sowie einer alten Kamera. Damit gelangen eindrucksvolle Aufnahmen. Unter anderem konnte der Jungforscher sichtbar machen, wie Luft mit Überschallgeschwindigkeit aus einem Druckbehälter schießt oder wie der heiße Gasstrahl eines Bunsenbrenners strukturiert ist.",https://www.jugend-forscht.de/index.php?id=262&tx_smsjufoprojects_smsjufprojectdb%5Bproject%5D=7447&tx_smsjufoprojects_smsjufprojectdb%5Baction%5D=show&tx_smsjufoprojects_smsjufprojectdb%5Bcontroller%5D=Project&cHash=7ba7a34ef8fee22dd1665875a37e3ebb,2023,Physik,Bayern
2023,Physik,2023 | Physik | Berlin,Bewegung von pyrolytischem Grafit auf Magnet-Array mit Wärme,"Charlotte Klar, 
									
										Katharina Austermann","Charlotte Klar (18, rechts), BerlinHumboldt-Gymnasium Berlin
Katharina Austermann (18, links), Löwenberger LandHumboldt-Gymnasium Berlin
BundessiegPreis für die originellste ArbeitPreisstifter: Bundeskanzler Olaf Scholz
SonderpreisEinladung zum European Union Contest for Young Scientists (EUCYS)Preisstifter: European Commission
Europa-Preis für Teilnehmende am European Union Contest for Young Scientists (EUCYS)Preisstifter: Deutsche Forschungsgemeinschaft
Bewegung von pyrolytischem Grafit auf Magnet-Array mit Wärme
Wird Kohlenstoff erwärmt, kann er sich in eine spezielle Form umwandeln, in pyrolytisches Grafit. Das Material zeigt eine besondere Eigenschaft. Es kann über einer schachbrettartigen Anordnung von Magneten schweben. Diesem Phänomen gingen Charlotte Klar und Katharina Austermann auf den Grund. Eine Frage interessierte sie besonders: Lässt sich der Schwebevorgang durch die Zufuhr von Wärme oder Kälte manipulieren? Dazu führten die beiden Jungforscherinnen eine Reihe von Versuchen durch. Unter anderem kühlten sie den pyrolytischen Grafit mit Trockeneis auf Minusgrade herunter und beobachteten, dass er dabei stärker von einem Magneten abgestoßen wurde als im warmen Zustand. Damit konnten sie zeigen, dass die magnetischen Eigenschaften des Grafits tatsächlich von der Temperatur abhängen.",https://www.jugend-forscht.de/index.php?id=262&tx_smsjufoprojects_smsjufprojectdb%5Bproject%5D=7456&tx_smsjufoprojects_smsjufprojectdb%5Baction%5D=show&tx_smsjufoprojects_smsjufprojectdb%5Bcontroller%5D=Project&cHash=ebdcf59ac55317e2b539f6a0c6e5ffb4,2023,Physik,Berlin
2023,Physik,2023 | Physik | Sachsen-Anhalt,Empirische strömungsmechanische Analysen von Helix-Rotoren für dezentrale Energiesysteme,Anne Marie Bobes,"Anne Marie Bobes (16), Seehausen (Altmark)Markgraf-Albrecht-Gymnasium, Osterburg
Bundessieg1. Preis PhysikPreisstifter: Max-Planck-Gesellschaft zur Förderung der Wissenschaften e. V.
SonderpreisEinladung zum London International Youth Science ForumPreisstifter: Ernst A. C. Lange-Stiftung
Empirische strömungsmechanische Analysen von Helix-Rotoren für dezentrale Energiesysteme
Wegen steigender Strompreise müssen immer mehr Kommunen einen Teil ihrer Straßenbeleuchtung abschalten. Mit dem Ziel, für diese Problemstellung eine Lösung zu finden, entwickelte Anne Marie Bobes eine interessante Idee: Würde man Straßenlaternen mit Solarmodulen sowie kleinen Windrädern ausstatten, könnten sie die für den Betrieb erforderliche Energie selbst erzeugen und wären so unabhängig vom Stromnetz. Um herauszufinden, welche Art von Windturbine sich dafür eignet, stellte die Jungforscherin per 3-D-Druck 24 Varianten der schraubenförmigen Rotoren her. Anschließend testete sie die Prototypen in mehreren Versuchsständen, darunter ein Windkanal der Universität Magdeburg. Die Ergebnisse waren so überzeugend, dass zwei Firmen das Konzept nun aufgreifen und in Feldversuchen erproben wollen.",https://www.jugend-forscht.de/index.php?id=262&tx_smsjufoprojects_smsjufprojectdb%5Bproject%5D=7476&tx_smsjufoprojects_smsjufprojectdb%5Baction%5D=show&tx_smsjufoprojects_smsjufprojectdb%5Bcontroller%5D=Project&cHash=5fd3908d11b54559347aadca280247dc,2023,Physik,Sachsen-Anhalt
2023,Physik,2023 | Physik | Rheinland-Pfalz,Ermittlung der Hubble-Konstante durch 1A-Supernovae,Maximilian Alt,"Maximilian Alt (17), BendorfPrivates Johannes-Gymnasium, Lahnstein
3. Preis PhysikPreisstifter: Max-Planck-Gesellschaft zur Förderung der Wissenschaften e. V.
Preis für eine Arbeit auf dem Gebiet der AstronomiePreisstifter: Astronomische Gesellschaft e. V.
Ermittlung der Hubble-Konstante durch 1A-Supernovae
Der Urknall war vor Abermilliarden Jahren der Ausgangspunkt des Universums, so lautet die gängige Theorie. Seitdem dehnt sich das Weltall immer weiter aus. Wie schnell diese Expansion verläuft, wird durch eine Zahl beschrieben – die Hubble-Konstante. Deren präziser Wert ist in der Astronomie jedoch umstritten. Um ihn zu ermitteln, nahm Maximilian Alt sogenannte Supernovae ins Visier. Diese gewaltigen Sternexplosionen scheinen stets ähnlich zu verlaufen und eignen sich daher sehr gut für kosmische Entfernungsmessungen. In seinem Forschungsprojekt wertete der Jungforscher die Daten diverser Großteleskope aus, nahm aber auch eigene Spektren in einer Sternwarte in der Eifel auf. Auf diese Weise erhielt er einen erstaunlich genauen Wert für die Hubble-Konstante.",https://www.jugend-forscht.de/index.php?id=262&tx_smsjufoprojects_smsjufprojectdb%5Bproject%5D=7484&tx_smsjufoprojects_smsjufprojectdb%5Baction%5D=show&tx_smsjufoprojects_smsjufprojectdb%5Bcontroller%5D=Project&cHash=33d73ae6564acc11335b8189fff5c043,2023,Physik,Rheinland-Pfalz
2023,Physik,2023 | Physik | Saarland,Heronscher Sonnenbrunnen,"Til Mantelers, 
									
										Nicolas Ludwig","Til Mantelers (13, rechts), MerzigPeter-Wust-Gymnasium Merzig
Nicolas Ludwig (12, links), MerzigPeter-Wust-Gymnasium Merzig
5. Preis PhysikPreisstifter: Max-Planck-Gesellschaft zur Förderung der Wissenschaften e. V.
Heronscher Sonnenbrunnen
Lässt sich ein Springbrunnen mit Licht steuern? Um das zu klären, bauten Til Mantelers und Nicolas Ludwig eine Erfindung nach, die auf den Griechen Heron von Alexandria zurückgeht. Ihr Sonnenbrunnen-Modell besteht aus einer Plastikflasche, in deren Deckel ein Glasrohr steckt. Der Boden ist mit Wasser bedeckt und die Flasche mit schwarzem Papier gefüllt. Beleuchtet man sie mit einer Wärmelampe, erhitzt sich das Papier. Dadurch wird die Luft in der Flasche warm, dehnt sich aus und drückt das Wasser durch ein Glasrohr – der Brunnen sprudelt. Darüber hinaus entwickelten die Jungforscher das Konzept weiter: Sie kombinierten mehrere Plastikflaschen zu einem sich drehenden Brunnenautomaten. Auf diese Weise schufen die beiden einen Kreislauf, bei dem kein Wasser verloren geht.",https://www.jugend-forscht.de/index.php?id=262&tx_smsjufoprojects_smsjufprojectdb%5Bproject%5D=7492&tx_smsjufoprojects_smsjufprojectdb%5Baction%5D=show&tx_smsjufoprojects_smsjufprojectdb%5Bcontroller%5D=Project&cHash=0ce43b26bc8626435a782e8313cfa2ff,2023,Physik,Saarland
2023,Physik,2023 | Physik | Brandenburg,Kälteschutz für Handyakkus,Laura Michelle Felber,"Laura Michelle Felber (17), Neuenhagen bei BerlinEinstein-Gymnasium, Neuenhagen bei Berlin
Kälteschutz für Handyakkus
Ist ein Smartphone über eine längere Zeit Kälte ausgesetzt, kann sein Akku in die Knie gehen und den Dienst versagen. Zwar gibt es mittlerweile Kälteschutzhüllen zu kaufen, etwa aus Gänsedaunen – doch halten sie, was sie versprechen? Um das herauszufinden, initiierte Laura Michelle Felber in ihrem Forschungsprojekt einen Vergleich. Dazu legte sie ihr Handy nacheinander mit jeweils verschiedenen Schutzhüllen zuerst in den Kühlschrank und dann ins Gefrierfach. Dabei ermittelte sie jeweils den Zeitraum bis zum Versagen des Akkus. Im Ergebnis machte das „nackte“ Smartphone als erstes schlapp, eine Hülle wärmt also tatsächlich. Als besonders effektiv erwies sich dabei eine Kombination aus Gänsedaunenhülle und Handwärmer. Damit hielt der Handyakku im Gefrierschrank fast dreimal länger als ohne Hülle.",https://www.jugend-forscht.de/index.php?id=262&tx_smsjufoprojects_smsjufprojectdb%5Bproject%5D=7497&tx_smsjufoprojects_smsjufprojectdb%5Baction%5D=show&tx_smsjufoprojects_smsjufprojectdb%5Bcontroller%5D=Project&cHash=6c602d307e6b98ea85e4a29e860327af,2023,Physik,Brandenburg
2023,Physik,2023 | Physik | Berlin,Mechanisch-magnetischer Oszillator,"Leyan Abu Hasan, 
									
										Emma Schnegg, 
									
										Liv Anna Jochimsen","Leyan Abu Hasan (15, links), BerlinLeibniz-Gymnasium Berlin
Emma Schnegg (16, Mitte), BerlinLeibniz-Gymnasium Berlin
Liv Anna Jochimsen (16, rechts), BerlinLeibniz-Gymnasium Berlin
Preis für eine Arbeit auf den Gebieten der Naturwissenschaften und der TechnikPreisstifter: Wilhelm und Else Heraeus-Stiftung
Mechanisch-magnetischer Oszillator
Stehen zwei Blattfedern nebeneinander, an deren oberen Ende jeweils ein Magnet klebt, lässt sich eine faszinierende Beobachtung machen: Tippt man eine der Metallfedern an und bringt sie wie ein Pendel zum Schwingen, dann beginnt bald darauf auch die andere Feder, sich hin und her zu bewegen. Der Grund ist, dass die beiden Magnete aufeinander wirken und dadurch ein gekoppeltes Pendel entstehen lassen. Wie das im Detail funktioniert, erkundeten Leyan Abu Hasan, Emma Schnegg und Liv Anna Jochimsen in ihrem Forschungsprojekt. Sie verfolgten die Pendelbewegung per Video und zeichneten die schwingenden Magnetfelder mit einem Spezialsensor auf. Dabei stellten die drei Jungforscherinnen fest, dass es vor allem der Abstand zwischen den Magneten ist, der das Pendelverhalten beeinflusst.",https://www.jugend-forscht.de/index.php?id=262&tx_smsjufoprojects_smsjufprojectdb%5Bproject%5D=7507&tx_smsjufoprojects_smsjufprojectdb%5Baction%5D=show&tx_smsjufoprojects_smsjufprojectdb%5Bcontroller%5D=Project&cHash=b35e52f198a45af8511507c1574a7ba7,2023,Physik,Berlin
2023,Physik,2023 | Physik | Niedersachsen,Mikrowellenplasma für die Glasschmelze,"Henrik Laurin Herrmann, 
									
										Céline Laurel Herrmann, 
									
										Clara Marie Scherenberger","Henrik Laurin Herrmann (18, Mitte), AdendorfBernhard-Riemann-Gymnasium Scharnebeck
Céline Laurel Herrmann (18, rechts), AdendorfBernhard-Riemann-Gymnasium Scharnebeck
Clara Marie Scherenberger (18, links), AdendorfBernhard-Riemann-Gymnasium Scharnebeck
SonderpreisForschungsaufenthalt am CERN in der SchweizPreisstifter: Wilhelm und Else Heraeus-Stiftung
Mikrowellenplasma für die Glasschmelze
Die Glasindustrie ist stark von der Erdgaskrise betroffen. Sie benötigt den Brennstoff, um ihre Schmelzwannen auf bis zu 1600 Grad Celsius aufzuheizen. Da dabei auch enorme Mengen an CO2freigesetzt werden, suchten Henrik Laurin Herrmann, Céline Laurel Herrmann und Clara Marie Scherenberger nach einer klimaverträglichen Alternative. Inspirieren ließen sie sich von einem interessanten Phänomen: Werden zwei Bleistiftminen dicht aneinander in einen Mikrowellenherd gelegt, kann sich zwischen ihnen ein Plasma bilden – ein heißer, elektrisch aufgeladener Funken, der hell leuchtet. Mit einem trickreichen Aufbau gelang es den Jungforschenden, solch ein Plasma gezielt und zuverlässig herzustellen. Mit einigen Weiterentwicklungen sollte sich damit Glas effizient schmelzen und bearbeiten lassen.",https://www.jugend-forscht.de/index.php?id=262&tx_smsjufoprojects_smsjufprojectdb%5Bproject%5D=7511&tx_smsjufoprojects_smsjufprojectdb%5Baction%5D=show&tx_smsjufoprojects_smsjufprojectdb%5Bcontroller%5D=Project&cHash=eaa3cbfbd69e1931dc9a5aed731c6b67,2023,Physik,Niedersachsen
2023,Physik,2023 | Physik | Baden-Württemberg,Rolling Balls – eine physikalische Untersuchung des Rollverhaltens auf Sand,"Donat Miftari, 
									
										Joséphine Griep","Donat Miftari (16), LörrachHans-Thoma-Gymnasium, Lörrach
Joséphine Griep (15), LörrachHans-Thoma-Gymnasium, Lörrach
phaenovum Schülerforschungszentrum Lörrach-Dreiländereck
2. Preis PhysikPreisstifter: Max-Planck-Gesellschaft zur Förderung der Wissenschaften e. V.
Rolling Balls – eine physikalische Untersuchung des Rollverhaltens auf Sand
Solange Murmeln über Asphalt rollen, geht es gut voran. Geraten sie dann aber auf Sand, werden sie rapide abgebremst. Wie sich das im Detail erklären lässt, wollten Donat Miftari und Joséphine Griep herausfinden. Dazu entwarfen sie ein Experiment, bei dem sie unter anderem gefüllte Tischtennisbälle von einer Rampe in ein Becken mit Sand, Glasperlen oder Eisenkörnchen rollen ließen. Je nach Füllung waren die Bälle unterschiedlich schwer, und ihre Geschwindigkeit ließ sich durch die Neigung der Rampe variieren. Zahlreiche Versuchsreihen kombiniert mit Kameraauswertungen ergaben, dass nicht immer die leichten Kugeln am weitesten rollen. Auf tiefem Sand kamen die Kugeln schneller voran als auf flachem. Zudem programmierten die Jungforschenden eine Simulation, die das Geschehen beschreibt und präzise berechnet.",https://www.jugend-forscht.de/index.php?id=262&tx_smsjufoprojects_smsjufprojectdb%5Bproject%5D=7529&tx_smsjufoprojects_smsjufprojectdb%5Baction%5D=show&tx_smsjufoprojects_smsjufprojectdb%5Bcontroller%5D=Project&cHash=d861ef8af40052c22f33f8125823872b,2023,Physik,Baden-Württemberg
2023,Physik,2023 | Physik | Schleswig-Holstein,Simulation einer Wasserrakete,Justus Jaguttis,"Justus Jaguttis (17), GübyStiftung Louisenlund, Güby
Simulation einer Wasserrakete
Eine Wasserrakete basiert auf einem verblüffend einfachen Prinzip: Druckluft, die in einem Tank gespeichert ist, lässt einen Wasserstrahl nach unten schießen und treibt das Fluggerät so in die Höhe. Aufgrund dieser simplen Funktionsweise lässt sich eine solche Rakete leicht selbst bauen. Dabei will Justus Jaguttis Hilfestellung geben. Er entwickelte ein Programm, das den Start einer Wasserrakete digital simuliert. Seine Software berücksichtigt, welche Masse und welchen Luftwiderstand die Rakete hat und wie während des Flugs der Druck im Lufttank abfällt. Das Programm kann verschiedene Wassermengen und Raketengrößen durchspielen und so helfen, ein brauchbares Design zu finden. Der Jungforscher baute zudem seine eigene Wasserrakete – mit dem Ziel, die Tauglichkeit seiner Software zu überprüfen.",https://www.jugend-forscht.de/index.php?id=262&tx_smsjufoprojects_smsjufprojectdb%5Bproject%5D=7533&tx_smsjufoprojects_smsjufprojectdb%5Baction%5D=show&tx_smsjufoprojects_smsjufprojectdb%5Bcontroller%5D=Project&cHash=becfebcebd9c160ecd93f24f70a618d9,2023,Physik,Schleswig-Holstein
2023,Physik,2023 | Physik | Sachsen,Untersuchung des Zusammenhangs von Form und Auftrieb eines Propellers in Luft,Jakob Weber,"Jakob Weber (18), Annaberg-BuchholzJohannes-Kepler-Gymnasium Chemnitz
Untersuchung des Zusammenhangs von Form und Auftrieb eines Propellers in Luft
Eine Minidrohne wird durch Propeller in der Luft gehalten. Dahinter steckt folgendes Prinzip: Dreht sich der Propeller, entsteht über ihm ein Sog und unter ihm ein Überdruck – beides zusammen sorgt für den Auftrieb. Jakob Weber wollte herausfinden, welche Propeller einen besonders guten Auftrieb erzeugen. Dazu stellte er per 3-D-Druck mehrere Exemplare mit unterschiedlichen Flügeln her. Dann platzierte er diese jeweils mitsamt Motor auf einer Waage. Begann der Propeller zu laufen, erzeugte er einen Auftrieb, der die Waage entlastete. Ab 500 Umdrehungen pro Minute war der Auftrieb messbar, bei höheren Drehzahlen nahm er deutlich zu. Der Jungforscher fand heraus, dass der Winkel, mit dem die Flügel von der Propellerachse abstehen, eine wichtige Rolle spielt. Hier erwies sich ein Wert von 16 Grad als optimal.",https://www.jugend-forscht.de/index.php?id=262&tx_smsjufoprojects_smsjufprojectdb%5Bproject%5D=7543&tx_smsjufoprojects_smsjufprojectdb%5Baction%5D=show&tx_smsjufoprojects_smsjufprojectdb%5Bcontroller%5D=Project&cHash=3b6fc5b69b756082fd13c6bdf674f65b,2023,Physik,Sachsen
2023,Technik,2023 | Technik | Rheinland-Pfalz,Der Treppenstufen-Staubsaugerroboter aus dem 3-D-Drucker,Benedikt Eberle,"Benedikt Eberle (18), WeitersburgPrivates Johannes-Gymnasium, Lahnstein
4. Preis TechnikPreisstifter: VDI e. V.
Preis für eine Arbeit auf dem Gebiet der RobotikPreisstifter: Deutsches Zentrum für Luft- und Raumfahrt
Der Treppenstufen-Staubsaugerroboter aus dem 3-D-Drucker
Treppensteigen ist für Maschinen normalerweise Schwerstarbeit. Benedikt Eberle gelang der Bau eines flachen Saugroboters, der autonom Treppen steigen kann und dabei die Stufen mithilfe einer eingebauten Bürste saugend reinigt. Dank spezieller Räder erreicht er auch Ecken und Kanten. Als knifflig erwies sich vor allem der Steigmechanismus. Diesen realisierte der Jungforscher mit Scherenwagenheber, Zahnstangengetriebe und acht Infrarotsensoren. Wichtig war auch ein möglichst niedriges Gewicht. Daher ersetzte er Metallteile in Motor und Hebegestell durch Aluminium oder 3-D-gedruckte Kunststoffteile. Im Vergleich mit einem handelsüblichen Gerät konnte der Roboter durchaus mithalten: Sowohl Kaffeepulver als auch Haferflocken, auf glattem Boden ausgestreut, beseitigte er nahezu gleich gut.",https://www.jugend-forscht.de/index.php?id=262&tx_smsjufoprojects_smsjufprojectdb%5Bproject%5D=7465&tx_smsjufoprojects_smsjufprojectdb%5Baction%5D=show&tx_smsjufoprojects_smsjufprojectdb%5Bcontroller%5D=Project&cHash=19ab50325fb3fb59ffc762acd3da05a9,2023,Technik,Rheinland-Pfalz
2023,Technik,2023 | Technik | Schleswig-Holstein,Energieeffizienzsteigerung bei Drohnen noch möglich?,Jasper Mau,"Jasper Mau (18), BarsbekHeinrich-Heine-Schule, Heikendorf
Energieeffizienzsteigerung bei Drohnen noch möglich?
Jasper Mau ist fasziniert von Drohnen. Ihn stört allerdings, dass die mittlerweile weit verbreiteten Quadrocopter mit ihren vier Propellern viel Strom verbrauchen und nicht sehr lange in der Luft bleiben. Der Jungforscher fand eine Lösung. Er konstruierte einen Prototyp mit vier langen, kreuzweise angeordneten Flügeln, an denen jeweils ein kleiner Propeller befestigt ist. Da größere Flügel weniger Energie verbrauchen, um Schub zu erzeugen, liegt die Flügeldrohne stabiler in der Luft und fliegt länger. Bei kontinuierlicher Drehbewegung um die senkrechte Achse wirkt sie wie ein großer Rotor und ihr Auftrieb ähnelt dem eines Hubschraubers. Im drehenden Flugmodus verbraucht die Flügeldrohne etwa 40 Prozent weniger Strom als ein herkömmlicher Flug des Quadrocopters.",https://www.jugend-forscht.de/index.php?id=262&tx_smsjufoprojects_smsjufprojectdb%5Bproject%5D=7477&tx_smsjufoprojects_smsjufprojectdb%5Baction%5D=show&tx_smsjufoprojects_smsjufprojectdb%5Bcontroller%5D=Project&cHash=57a83fce6b3bac30670888de54732902,2023,Technik,Schleswig-Holstein
2023,Technik,2023 | Technik | Sachsen-Anhalt,Entwicklung bilanzoptimierender Photovoltaik-Raffstores unter Beachtung solarer Elevation,"Finja Alpert, 
									
										Chris Julian Erdmann","Finja Alpert (18), StendalWinckelmann-Gymnasium Stendal
Chris Julian Erdmann (20), StendalGottfried Wilhelm Leibniz Universität Hannover
Winckelmann-Gymnasium Stendal
SonderpreisTeilnahme an der Expo-Sciences LuxembourgPreisstifter: Fondation Jeunes Scientifiques Luxembourg
Entwicklung bilanzoptimierender Photovoltaik-Raffstores unter Beachtung solarer Elevation
Raffstores sind Außenjalousien, die auf Führungsschienen laufen. Im Sommer verhindern sie, dass sich ein Gebäude zu stark aufheizt – ein Problem insbesondere bei Niedrigenergiehäusern mit großen Fenstern. Finja Alpert und Chris Julian Erdmann verwandelten die Raffstores in kleine Kraftwerke, indem sie die Lamellen durch streifenförmige Solarzellen ersetzten. Dadurch erzeugt die Jalousie in ausgefahrenem Zustand Strom. Eine spezielle Steuerung passt die Stellung der Solarlamellen automatisch an den jeweiligen Sonnenstand an, was den Stromertrag um mehr als 50 Prozent erhöhen dürfte. Darüber hinaus schätzten die Jungforschenden die Produktionskosten für ihre Spezialjalousie. Dabei kamen sie zu dem Schluss, dass sich die Anschaffung der Minikraftwerke durchaus rentiert.",https://www.jugend-forscht.de/index.php?id=262&tx_smsjufoprojects_smsjufprojectdb%5Bproject%5D=7478&tx_smsjufoprojects_smsjufprojectdb%5Baction%5D=show&tx_smsjufoprojects_smsjufprojectdb%5Bcontroller%5D=Project&cHash=ef8931cf8ecb7caf7f0d381e5f397e18,2023,Technik,Sachsen-Anhalt
2023,Technik,2023 | Technik | Bayern,Entwicklung einer Modellrakete mit Schubvektorsteuerung,Tom Kuttler,"Tom Kuttler (18), TrunkelsbergVöhlin Gymnasium Memmingen
5. Preis TechnikPreisstifter: VDI e. V.
Preis für eine Arbeit auf den Gebieten der Naturwissenschaften und der TechnikPreisstifter: Wilhelm und Else Heraeus-Stiftung
Entwicklung einer Modellrakete mit Schubvektorsteuerung
Kommerzielle Modellraketen kommen bei starkem Wind leicht vom Kurs ab, weil sie keine aktive Steuerung haben. Tom Kuttler änderte das. Er konstruierte eine 1,65 Meter hohe Minirakete, die sich dank Schubvektorsteuerung wie die große Falcon 9 von SpaceX autonom beim Flug in die Senkrechte zurücklenkt. Halterungen für Motor, Landeschirm und Steuerplatine fertigte der Jungforscher mit dem 3-D-Drucker. Als Startrampe diente eine Holzkonstruktion mit Halteklemmen, die die Rakete beim Zünden der fünf Schwarzpulvermotoren freigeben. Im Test erreichte das Modell nach vier Sekunden eine Höhe von 40 Metern und landete sicher nach insgesamt 17 Sekunden Flugzeit. Die erreichte Höhe war deutlich geringer als bei der Simulation des Flugs, was den hohen Einfluss des Luftwiderstands beim Raketenbetrieb belegt.",https://www.jugend-forscht.de/index.php?id=262&tx_smsjufoprojects_smsjufprojectdb%5Bproject%5D=7479&tx_smsjufoprojects_smsjufprojectdb%5Baction%5D=show&tx_smsjufoprojects_smsjufprojectdb%5Bcontroller%5D=Project&cHash=bbe9f3b30cd5fd17415b6d9028043860,2023,Technik,Bayern
2023,Technik,2023 | Technik | Hamburg,Entwicklung eines CO2-Abgaswäschers zur Absorption von CO2 mittels Aminwäsche,Tom Gutowski,"Tom Gutowski (17), HamburgHeinrich-Hertz-Schule, Hamburg
Schülerforschungszentrum Hamburg
Entwicklung eines CO2-Abgaswäschers zur Absorption von CO2mittels Aminwäsche
Der Klimawandel schreitet voran, denn die Menschheit bläst nach wie vor Unmengen an CO2in die Luft. Eine Treibhausgasquelle sind Autos mit Verbrennungsmotor. Hier setzte das Forschungsprojekt von Tom Gutowski an: Er entwickelte eine Anlage, die CO2aus dem Autoabgas filtert. Das abgeschiedene Gas ließe sich dann beispielsweise von der Industrie als Rohstoff nutzen, würde also nicht in die Atmosphäre gelangen. Basis des Filters sind sogenannte Amine, gemischt mit Wasser. In dieses Gemisch wird CO2geleitet, das sich dort zu Kohlensäure umsetzt. Diese kann dann mit den Aminen reagieren und wird chemisch gebunden. Das Prinzip erprobte der Jungforscher bereits mit Erfolg im Labor. Nun sollen Tests mit einer Modellanlage folgen, die sich an den Auspuff eines Autos anschließen lässt.",https://www.jugend-forscht.de/index.php?id=262&tx_smsjufoprojects_smsjufprojectdb%5Bproject%5D=7480&tx_smsjufoprojects_smsjufprojectdb%5Baction%5D=show&tx_smsjufoprojects_smsjufprojectdb%5Bcontroller%5D=Project&cHash=802c26176ba20348e7e67c18898e522c,2023,Technik,Hamburg
2023,Technik,2023 | Technik | Saarland,Erweiterung der Prüfverfahren für 3-D-Druck-Objekte,"Johannes Gall, 
									
										David Gautrein, 
									
										Moritz Hellbrück","Johannes Gall (16, Mitte), HüttersdorfGeschwister-Scholl-Gymnasium, Lebach
David Gautrein (16, rechts), NalbachGeschwister-Scholl-Gymnasium, Lebach
Moritz Hellbrück (16, links), HumesGeschwister-Scholl-Gymnasium, Lebach
Erweiterung der Prüfverfahren für 3-D-Druck-Objekte
Bienenwaben sind leicht und doch sehr stabil. Das brachte Johannes Gall, David Grautrein und Moritz Hellbrück auf die Idee, hoch belastbare Wabenstrukturen im 3-D-Drucker herzustellen. Aus drei verschiedenen Kunststoffen druckten sie kleine Würfel und verglichen deren Stabilität mit einer hydraulischen Prüfmaschine. Sie fanden heraus, dass vor allem die Temperatur des Materials beim Druckprozess darüber entscheidet, wie stark und zäh die Waben des Würfels werden. Bei allen Kunststoffen erzielte die höchste Temperatur auch die höchste Belastbarkeit, wobei schon kleine Temperaturunterschiede erhebliche Wirkung zeigten. Das Resümee der Jungforscher: Wird Kunststoff so heiß wie möglich gedruckt, erhöht sich die Belastbarkeit des Bauteils. Zudem kann man schneller drucken, was Kosten und Zeit reduziert.",https://www.jugend-forscht.de/index.php?id=262&tx_smsjufoprojects_smsjufprojectdb%5Bproject%5D=7486&tx_smsjufoprojects_smsjufprojectdb%5Baction%5D=show&tx_smsjufoprojects_smsjufprojectdb%5Bcontroller%5D=Project&cHash=0a7d773f3e9d8abb4e3183aa603afdfa,2023,Technik,Saarland
2023,Technik,2023 | Technik | Hamburg,Gut aufgewacht – von den Höhen und Tiefen smarter Wecker,"Kjell Eggers, 
									
										Arian Ayubdjonov","Kjell Eggers (16, rechts), BuxtehudeFriedrich-Ebert-Gymnasium, Hamburg
Arian Ayubdjonov (15, links), HamburgFriedrich-Ebert-Gymnasium, Hamburg
Gut aufgewacht – von den Höhen und Tiefen smarter Wecker
Morgens vom Wecker aus dem Schlaf gerissen zu werden, ist für die wenigsten Menschen ein Vergnügen. Um das notwendige Übel so angenehm wie möglich zu gestalten, ließen sich Kjell Eggers und Arian Ayubdjonov einen Wecker der besonderen Art einfallen – ein Gerät, das sich individuell anpassen lässt und einen möglichst sanft und stressfrei aufweckt. Dafür analysierten die Jungforscher zunächst Stressfaktoren beim Wecken wie Lautstärke des Weckrufs, Art des Tons, Helligkeit und Lichtfarbe der Uhrzeitanzeige. Per Pulsmesser konnten sie beispielsweise herausfinden, welche Lautstärke den geringsten Stress auslöst. Anhand ihrer Ergebnisse programmierten sie einen speziellen Lichtwecker, den sie per 3-D-Drucker bauten. Er ist unter anderem mit einem angenehmen orangenen Licht und Vogelgezwitscher ausgestattet.",https://www.jugend-forscht.de/index.php?id=262&tx_smsjufoprojects_smsjufprojectdb%5Bproject%5D=7489&tx_smsjufoprojects_smsjufprojectdb%5Baction%5D=show&tx_smsjufoprojects_smsjufprojectdb%5Bcontroller%5D=Project&cHash=57b4509291bae070b6b94e6d017cfc1c,2023,Technik,Hamburg
2023,Technik,2023 | Technik | Nordrhein-Westfalen,L22 FIRE PROTECT – ein automatisches Feuermelde- und Löschsystem,Lauri Wilps,"Lauri Wilps (17), KölnKönigin-Luise-Schule, Köln
3. Preis TechnikPreisstifter: VDI e. V.
L22 FIRE PROTECT – ein automatisches Feuermelde- und Löschsystem
Ein Feuermelder, der einen Brand nicht nur aufspürt, sondern auch löscht – daran tüftelt Lauri Wilps bereits seit einiger Zeit. Jetzt konnte er seine Erfindung deutlich verbessern: Statt eines simplen Flammensensors registriert nun eine Wärmebildkamera den Brandherd. Das funktioniert erheblich genauer und vermindert die Zahl von Fehlalarmen. Die Düse, die anschließend ein Löschmittel versprüht, kann durch einen ausgefeilten Mechanismus in beliebige Richtungen gedreht werden. Dadurch lassen sich auch Brände direkt unter dem Melder bekämpfen. Zudem gelang es dem Jungforscher, das Gerät kompakter zu bauen und die Elektronik kleiner und sparsamer zu realisieren – wichtige Schritte in Richtung Praxistauglichkeit. Als mögliches Einsatzfeld sieht er vor allem Privathaushalte.",https://www.jugend-forscht.de/index.php?id=262&tx_smsjufoprojects_smsjufprojectdb%5Bproject%5D=7503&tx_smsjufoprojects_smsjufprojectdb%5Baction%5D=show&tx_smsjufoprojects_smsjufprojectdb%5Bcontroller%5D=Project&cHash=fa439ef6542f1d24cf1244e03dd555f9,2023,Technik,Nordrhein-Westfalen
2023,Technik,2023 | Technik | Brandenburg,Low-Budget-Polarimetrie – sinnvolle Alternative in Schule und Ausbildung?,Alexander Ilyin,"Alexander Ilyin (18), PotsdamBertha-von-Suttner-Gymnasium Babelsberg, Potsdam
Low-Budget-Polarimetrie – sinnvolle Alternative in Schule und Ausbildung?
Chirale Moleküle sind nahezu identisch, verhalten sich aber wie Bild und Spiegelbild. Ein bekanntes Beispiel dafür sind links- und rechtsdrehende Milchsäure. Untersuchen lassen sie sich mit sogenannten Polarimetern: Mithilfe spezieller Filter misst das Gerät, wie das Licht von den Molekülen gedreht wird. Allerdings sind solche Geräte ziemlich teuer. Mit dem Ziel, sie auch im Schulunterricht einsetzen zu können, entwickelte Alexander Ilyin eine deutlich günstigere Variante. Dabei setzte er auf den 3-D-Druck. Um die Tauglichkeit des Messapparats zu prüfen, analysierte der Jungforscher damit diverse Moleküle, zum Beispiel Glucose und Fructose. Die Ergebnisse waren so genau, dass sich sein Polarimeter aus dem 3-D-Drucker durchaus für die Verwendung im Schulunterricht eignen dürfte.",https://www.jugend-forscht.de/index.php?id=262&tx_smsjufoprojects_smsjufprojectdb%5Bproject%5D=7506&tx_smsjufoprojects_smsjufprojectdb%5Baction%5D=show&tx_smsjufoprojects_smsjufprojectdb%5Bcontroller%5D=Project&cHash=fa9384d4a4140bcf0dc2a1c2fdec878a,2023,Technik,Brandenburg
2023,Technik,2023 | Technik | Thüringen,Messgerät zur Überprüfung der Lebensmittelsicherheit von Spirulina,"Juliane Pätz, 
									
										Jakob Seifert, 
									
										Anna-Lena Munzert","Juliane Pätz (18, rechts), TannaStaatliches Gymnasium “Dr. Konrad Duden” Schleiz
Jakob Seifert (18, links), SchönbergStaatliches Gymnasium “Dr. Konrad Duden” Schleiz
Anna-Lena Munzert (18, Mitte), TannaStaatliches Gymnasium “Dr. Konrad Duden” Schleiz
Preis für eine Arbeit auf dem Gebiet der UmwelttechnikPreisstifter: Deutsche Bundesstiftung Umwelt
Messgerät zur Überprüfung der Lebensmittelsicherheit vonSpirulina
Algen könnten für die Ernährung der Menschheit künftig eine wichtigere Rolle spielen als dies bislang der Fall ist. Denn sie benötigen für ihr Wachstum keinerlei Landflächen und gelten zudem als nährstoffreich und gesund. So gibt es in Kolumbien ein Projekt, das die Zucht vonSpirulina-Algen systematisch erprobt. Hilfreich dafür könnte das Messgerät von Juliane Pätz, Jakob Seifert und Anna-Lena Munzert sein. Es analysiert die Algenkultur und erfasst maßgebliche Größen wie pH-Wert, Temperatur sowie den Gehalt an Nährlösung. Ein Display zeigt die Ergebnisse an und eine Software errechnet aus den Daten, ob die Algen zum Verzehr geeignet sind oder nicht. Erst wenn die Lebensmittelsicherheit gewährleistet ist, gibt das Gerät buchstäblich grünes Licht – eine LED leuchtet dann grün auf.",https://www.jugend-forscht.de/index.php?id=262&tx_smsjufoprojects_smsjufprojectdb%5Bproject%5D=7509&tx_smsjufoprojects_smsjufprojectdb%5Baction%5D=show&tx_smsjufoprojects_smsjufprojectdb%5Bcontroller%5D=Project&cHash=7b9aa2af1e938cde9a7aeb192b5f05c2,2023,Technik,Thüringen
2023,Technik,2023 | Technik | Sachsen,Parameterstudie von Metal Fused Filament Fabrication unter Verwendung von 17-4PH,Franka Bauer,"Franka Bauer (18), LeipzigLandesschule Pforta, Naumburg
Fraunhofer-Institut für Werkstoff- und Strahltechnik IWS, Dresden
Parameterstudie von Metal Fused Filament Fabrication unter Verwendung von 17-4PH
Um mit einem 3-D-Drucker ein Metallteil herzustellen, gibt es verschiedene Verfahren.  Eines ist der sogenannte Metal Fused Filament Fabrication-Prozess, bei dem ein wachsartiges Bindemittel als Ausgangstoff dient, in dem Metallpartikel eingelagert sind. Nach dem Drucken wird das Bindemittel entfernt, anschließend werden die Metallteilchen durch Hitze miteinander verbunden. Franka Bauer nahm dieses Verfahren genauer unter die Lupe. Sie rüstete einen 3-D-Drucker um und versah ihn mit einem anderen Druckkopf sowie einer neuen Düse. Dann überprüfte die Jungforscherin eine Vielzahl von Parametern, darunter Druckgeschwindigkeit und -temperatur. Die Tests ihrer Druckerzeugnisse ergaben, dass es durchaus möglich ist, mit dieser Technik hochwertige Metallkomponenten zu drucken.",https://www.jugend-forscht.de/index.php?id=262&tx_smsjufoprojects_smsjufprojectdb%5Bproject%5D=7519&tx_smsjufoprojects_smsjufprojectdb%5Baction%5D=show&tx_smsjufoprojects_smsjufprojectdb%5Bcontroller%5D=Project&cHash=1798126d17abd8d3ad53e1c888aaae70,2023,Technik,Sachsen
2023,Technik,2023 | Technik | Baden-Württemberg,Photovoltaik on fire!,"Stefanie Eski, 
									
										Florian Brütsch, 
									
										Babett Ludwig","Stefanie Eski (17, links), SpaichingenGymnasium Spaichingen
Florian Brütsch (17, rechts), TuttlingenOtto-Hahn-Gymnasium Tuttlingen
Babett Ludwig (17, Mitte), BalgheimGymnasium Spaichingen
Schülerforschungszentrum Südwürttemberg, Tuttlingen
2. Preis TechnikPreisstifter: VDI e. V.
Preis für eine Arbeit zum Thema ""Energiewende und Klimaschutz""Preisstifter: Bundesminister für Wirtschaft und Klimaschutz Dr. Robert Habeck, MdB
Preis für eine interdisziplinäre Arbeit mit Bezug zur ElektronikPreisstifter: ESD FORUM e. V.
Photovoltaik on fire!
Solaranlagen werden immer effizienter, dennoch gibt es manches Problem. Mit einem befassten sich Stefanie Eski, Florian Brütsch und Babett Ludwig: Ein Solarmodul besteht aus Dutzenden von Zellen. Wenn eine davon verschmutzt oder abgeschattet ist, sinkt die Leistung des gesamten Moduls. Denn dieses richtet sich nach dem schwächsten Glied in der Kette – gegebenenfalls der verschmutzten Zelle. Die drei Jungforschenden lösten das Problem durch einen raffinierten Trick: Ein Minirechner erfasst die Spannungen und Ströme in den Solarzellen. Sinkt die Leistung einer Zelle, etwa weil sie von Laub bedeckt ist, registriert die Software dies und gleicht die Verluste aus. Dadurch verhindert sie, dass die Leistung der übrigen Zellen sinkt – das Modul kann auch in diesem Fall annähernd seine Maximalpower entfalten.",https://www.jugend-forscht.de/index.php?id=262&tx_smsjufoprojects_smsjufprojectdb%5Bproject%5D=7520&tx_smsjufoprojects_smsjufprojectdb%5Baction%5D=show&tx_smsjufoprojects_smsjufprojectdb%5Bcontroller%5D=Project&cHash=897442868094a385f98aa9f6502528cd,2023,Technik,Baden-Württemberg
2023,Technik,2023 | Technik | Hessen,Pocket Luminotektor – macht (Bio)Lumineszenz sichtbar,Lukas Klein,"Lukas Klein (17), Seeheim-JugenheimSchuldorf Bergstraße, Seeheim-Jugenheim
Jugend forscht MakerLab am Schuldorf Bergstraße, Seeheim-Jugenheim
Preis für eine Arbeit auf dem Gebiet der TechnikPreisstifter: Heinz und Gisela Friederichs Stiftung
Pocket Luminotektor – macht (Bio)Lumineszenz sichtbar
Manche Lebewesen sind in der Lage, aktiv zu leuchten. Ein Beispiel ist der Anglerfisch: Mit einem Leuchtorgan lockt er seine Beute an, um sie dann augenblicklich zu verspeisen. Diesem Phänomen der Biolumineszenz ging Lukas Klein in seinem Forschungsprojekt auf den Grund. Er konstruierte einen tragbaren Detektor, mit dem sich das Leuchten bestimmter Biomoleküle nachweisen und analysieren lässt. Die Herausforderung dabei war, dass die Signale in der Regel ziemlich schwach sind, weshalb der Detektor sehr empfindlich sein muss. Der Jungforscher löste das Problem, indem er spezielle Lichtvervielfältiger aus Silizium verwendete. Mehrere Testreihen bestätigten die Empfindlichkeit seines Detektors. Das könnte ihn für neue Anwendungsgebiete interessant machen, etwa das Aufspüren von Mikroplastik in Gewässern.",https://www.jugend-forscht.de/index.php?id=262&tx_smsjufoprojects_smsjufprojectdb%5Bproject%5D=7521&tx_smsjufoprojects_smsjufprojectdb%5Baction%5D=show&tx_smsjufoprojects_smsjufprojectdb%5Bcontroller%5D=Project&cHash=ed938329b280fb0a454b8dcab9364d17,2023,Technik,Hessen
2023,Technik,2023 | Technik | Hessen,PolySelect – sortenreine Trennung von Kunststoffen durch elektrische Felder,Alina Bachmann,"Alina Bachmann (18), MichelbachHumboldtschule, Bad Homburg v. d. Höhe
Kaiserin-Friedrich-Gymnasium, Bad Homburg v. d. Höhe
Preis für eine Arbeit zum Thema ""Zukunftsorientierte Technologien""Preisstifter: Bundesministerin für Bildung und Forschung Bettina Stark-Watzinger, MdB
Preis für eine Arbeit auf dem Gebiet der TechnikPreisstifter: Heinz und Gisela Friederichs Stiftung
PolySelect – sortenreine Trennung von Kunststoffen durch elektrische Felder
Jedes Jahr landen mehr als eine Million Tonnen Plastikmüll in der Gelben Tonne. Doch nach wie vor ist es für die Recyclingunternehmen nicht einfach, verschiedene Kunststoffsorten voneinander zu trennen, um sie anschließend wiederzuverwerten. Aus diesem Grund nahm sich Alina Bachmann vor, die gängigen Trennungsmethoden zu verbessern. Ihrem Ansatz liegt das Prinzip zugrunde, dass Plastik durch Reibung elektrisch aufgeladen wird. Dabei werden manche Sorten stärker elektrisiert als andere, sodass sie sich durch starke elektrische Felder voneinander trennen lassen. Aus einem Magnetrührer, einem Trichter und einer stabförmigen Elektrode konstruierte die Jungforscherin eine Versuchsapparatur. Damit fand sie heraus, dass die Dauer der elektrischen Aufladung eine wichtige Rolle für die Trennung spielt.",https://www.jugend-forscht.de/index.php?id=262&tx_smsjufoprojects_smsjufprojectdb%5Bproject%5D=7522&tx_smsjufoprojects_smsjufprojectdb%5Baction%5D=show&tx_smsjufoprojects_smsjufprojectdb%5Bcontroller%5D=Project&cHash=6284db2ef7070da5172cd5dfd18559e4,2023,Technik,Hessen
2023,Technik,2023 | Technik | Bayern,Rekari – intuitive Plattform für verschiedenartige Drohneneinsätze,"Tim Arnold, 
									
										Felix von Ludowig","Tim Arnold (16, links), HaibachHanns-Seidel-Gymnasium Hösbach
Felix von Ludowig (17, rechts), HösbachStaatliche Fachoberschule Aschaffenburg
Bundessieg1. Preis TechnikPreisstifter: VDI e. V.
SonderpreisEinladung zum European Union Contest for Young Scientists (EUCYS)Preisstifter: European Commission
Europa-Preis für Teilnehmende am European Union Contest for Young Scientists (EUCYS)Preisstifter: Deutsche Forschungsgemeinschaft
Rekari – intuitive Plattform für verschiedenartige Drohneneinsätze
Kameradrohnen lassen sich für unterschiedlichste Zwecke nutzen: In der Landwirtschaft spüren sie gefährdete Rehkitze auf, Rettungsdienste können sie zur Suche vermisster Personen einsetzen. Allerdings ist die Bedienung der kleinen Flieger häufig vergleichsweise umständlich. Hier setzten Tim Arnold und Felix von Ludowig an. Sie programmierten eine Smartphone-App, mit der sich Drohneneinsätze auf unkomplizierte Weise planen und ausführen lassen. Um eine Mission vorzubereiten, wird die Flugroute in das System der Jungforscher eingegeben. Während des Flugs prüft die Software, ob die ferngesteuerten Luftfahrzeuge ihren geplanten Strecken folgen, und wertet die Bilder der Drohnenkameras aus. Der Clou: Die App kann nicht nur die Miniflieger verwalten, sondern ermöglicht auch die Zusammenarbeit im Team.",https://www.jugend-forscht.de/index.php?id=262&tx_smsjufoprojects_smsjufprojectdb%5Bproject%5D=7528&tx_smsjufoprojects_smsjufprojectdb%5Baction%5D=show&tx_smsjufoprojects_smsjufprojectdb%5Bcontroller%5D=Project&cHash=0d95ca861e49786811a23368da50320f,2023,Technik,Bayern
2023,Technik,2023 | Technik | Mecklenburg-Vorpommern,School Universal Chip – SUC,Florian-Stanley Zech,"Florian-Stanley Zech (17), NeubrandenburgAlbert-Einstein-Gymnasium, Neubrandenburg
School Universal Chip – SUC
Warum ein Klassenbuch aus Papier verwenden, wenn es auch digital geht? Florian-Stanley Zech schrieb mithilfe der Programmiersprache Python eine Software, die Schülerdaten verwaltet, die Anwesenheit in der Klasse dokumentiert und weitere Notizen festhält. Die Vorteile seines Ansatzes liegen auf der Hand: Ein digitales Klassenbuch ist übersichtlicher, alle Einträge sind lesbar, Korrekturen sind kinderleicht und es spart Zeit. Mithilfe der personalisierten Chipkarte, die der Jungforscher zusätzlich entwickelte, könnte sich jede Schülerin und jeder Schüler nicht nur zum Unterricht anmelden, sondern auch Schließfächer öffnen oder sich schneller im zentralen Schulcomputer einloggen. Damit die Karte den Bestimmungen des Datenschutzes genügt, müssten die Daten künftig allerdings noch verschlüsselt werden.",https://www.jugend-forscht.de/index.php?id=262&tx_smsjufoprojects_smsjufprojectdb%5Bproject%5D=7530&tx_smsjufoprojects_smsjufprojectdb%5Baction%5D=show&tx_smsjufoprojects_smsjufprojectdb%5Bcontroller%5D=Project&cHash=b4d6ff01d1b38b84317e5a09ebb6145a,2023,Technik,Mecklenburg-Vorpommern
2023,Technik,2023 | Technik | Bremen,Segeln mit dem Flettner-Rotor – ein zukünftiger Schiffsantrieb?,"Jonas Bunkowski, 
									
										Per Garbrecht","Jonas Bunkowski (13), BremenOberschule Rockwinkel, Bremen
Per Garbrecht (13), BremenOberschule Rockwinkel, Bremen
Preis für eine Arbeit auf den Gebieten der Naturwissenschaften und der TechnikPreisstifter: Wilhelm und Else Heraeus-Stiftung
Segeln mit dem Flettner-Rotor – ein zukünftiger Schiffsantrieb?
Es gibt einen wenig bekannten alternativen Schiffsantrieb: Der 100 Jahre alte Flettner-Rotor, der sich jedoch nie gegen den Dieselmotor durchsetzen konnte. Jonas Bunkowski und Per Garbrecht entwickelten einen Katamaran, der mit diesem klimafreundlichen Rotor angetrieben wird. Die Steuerung ihres voll funktionsfähigen Schiffsmodells übernimmt ein selbst programmierter Mikrocontroller. Ein Windmesser ermittelt die Windgeschwindigkeit, um auf dieser Basis die Drehgeschwindigkeit der Rotoren den jeweiligen Bedingungen anzupassen. Aus Sicht der Jungforscher eignet sich der effiziente Flettner-Rotor gut zur Antriebsunterstützung. Da fast jedes Schiffsdeck Platz für diesen Rotor bietet, kann er in Kombination mit anderen umweltfreundlichen Antrieben Schiffe klimaneutral machen.",https://www.jugend-forscht.de/index.php?id=262&tx_smsjufoprojects_smsjufprojectdb%5Bproject%5D=7531&tx_smsjufoprojects_smsjufprojectdb%5Baction%5D=show&tx_smsjufoprojects_smsjufprojectdb%5Bcontroller%5D=Project&cHash=301f986cdd9e92a75c80a22b1c242427,2023,Technik,Bremen
2023,Technik,2023 | Technik | Niedersachsen,VerSander – Entwicklung einer Transportdrohne,"Rupert Ihering, 
									
										Jann Sander","Rupert Ihering (18, rechts), WeenerUbbo-Emmius-Gymnasium, Leer
Jann Sander (19, links), RhauderfehnUbbo-Emmius-Gymnasium, Leer
Preis für eine Arbeit auf dem Gebiet der TechnikPreisstifter: Heinz und Gisela Friederichs Stiftung
VerSander – Entwicklung einer Transportdrohne
Streik, Stau, Corona – fliegende Paketboten wären von all dem unbeeinflusst. Wie jedoch muss eine Versanddrohne aussehen, die sicher und schnell Pakete transportiert? Die Antwort ist schwieriger als gedacht, mussten Rupert Ihering und Jann Sander feststellen. Ihr „Tilt-Rotor-Quad-Plane“ besitzt zwei Tragflächen und schwenkbare Propellermotoren, kombiniert also den stabilen Auftrieb eines Flugzeugs mit dem platzsparenden Senkrechtstart einer Drohne. Entscheidend sind vor allem zahlreiche Details. Die Jungforscher optimierten das Flügelprofil, die Steuerung der zusätzlichen Stützmotoren, die ein Kippen des Fluggeräts verhindern, sowie die Sensoren der Landefüße. Ihre Testflüge zeigten, dass die Drohne noch nicht stabil genug fliegt und dass der Antrieb zu schwach für längere Strecken ist.",https://www.jugend-forscht.de/index.php?id=262&tx_smsjufoprojects_smsjufprojectdb%5Bproject%5D=7546&tx_smsjufoprojects_smsjufprojectdb%5Baction%5D=show&tx_smsjufoprojects_smsjufprojectdb%5Bcontroller%5D=Project&cHash=42e79454a6b407147ccbbd6abe090da3,2023,Technik,Niedersachsen
2023,Mathematik/Informatik,2023 | Mathematik/Informatik | Rheinland-Pfalz,Algorithmische Bewertung von ÖPNV-Netzen,Raphael Gaedtke,"Raphael Gaedtke (18), WinnweilerHohenstaufen-Gymnasium Kaiserslautern
Algorithmische Bewertung von ÖPNV-Netzen
Wer sich die Busnetze verschiedener Städte einmal genauer ansieht, stößt auf deutliche Unterschiede: Während in manchen Orten die Linien sternförmig vom Zentrum nach außen führen, folgen sie in anderen einer Hauptverkehrsachse, oder aber der Plan ähnelt einem Spinnennetz. Doch welches dieser Konzepte bringt die Fahrgäste am schnellsten zum Ziel und welches ist für den Betreiber das kostengünstigste? Um das zu untersuchen, entwickelte Raphael Gaedtke eine Software, mit der sich unterschiedliche Netztypen vergleichen lassen. Zunächst programmierte der Jungforscher mehrere Modellstädte. Dann nutzte er Algorithmen, um die fiktiven Liniennetze auf ihre Effektivität hin zu testen. Das Resultat: Auf spinnennetzähnlichen Linienplänen kommt man tendenziell am schnellsten voran.",https://www.jugend-forscht.de/index.php?id=262&tx_smsjufoprojects_smsjufprojectdb%5Bproject%5D=7443&tx_smsjufoprojects_smsjufprojectdb%5Baction%5D=show&tx_smsjufoprojects_smsjufprojectdb%5Bcontroller%5D=Project&cHash=e6652793ac401e362c01542959dc25d7,2023,Mathematik/Informatik,Rheinland-Pfalz
2023,Mathematik/Informatik,2023 | Mathematik/Informatik | Berlin,Alzheimer-Erkennung durch künstliche Intelligenz,Niklas Bennewiz,"Niklas Bennewiz (17), BerlinRomain-Rolland-Gymnasium, Berlin
BundessiegPreis für die beste interdisziplinäre ArbeitPreisstifter: Bundesministerin für Bildung und Forschung Bettina Stark-Watzinger, MdB
Alzheimer-Erkennung durch künstliche Intelligenz
Mehr als eine Million Menschen leiden in Deutschland an Alzheimer-Demenz, Tendenz steigend. Heilen kann man die Erkrankung bislang nicht, doch wird sie frühzeitig erkannt, lässt sich ihr Fortschreiten verlangsamen. Hier setzt das Forschungsprojekt von Niklas Bennewiz an. Er entwickelte eine KI-App, die die Diagnose von Alzheimer erleichtern soll. Im Gehirn zeigt sich die Erkrankung unter anderem durch die Ablagerung sogenannter Plaques. Mithilfe lernfähiger Algorithmen kann die Software diese Plaques in MRT-Aufnahmen zuverlässig erkennen. Besonderes Augenmerk richtete der Jungforscher darauf, die Entscheidungsprozesse der KI verständlich zu machen. Dadurch muss man dem Ergebnis des Algorithmus nicht einfach Glauben schenken, sondern kann es plausibel nachvollziehen.",https://www.jugend-forscht.de/index.php?id=262&tx_smsjufoprojects_smsjufprojectdb%5Bproject%5D=7445&tx_smsjufoprojects_smsjufprojectdb%5Baction%5D=show&tx_smsjufoprojects_smsjufprojectdb%5Bcontroller%5D=Project&cHash=a85a992e0603eba34d88e6257cf43384,2023,Mathematik/Informatik,Berlin
2023,Mathematik/Informatik,2023 | Mathematik/Informatik | Bayern,Bahn-Vorhersage,Theo Döllmann,"Theo Döllmann (20), AugsburgUniversität Augsburg
Bahn-Vorhersage
Zugverspätungen sind ärgerlich, vor allem wenn man eine Anschlussverbindung verpasst und die Reise umdisponieren muss. Da wäre es praktisch, sich zumindest rechtzeitig über eine drohende Verspätung informieren zu können. Genau das leistet die KI-Software von Theo Döllmann. Der Jungforscher sammelte großen Mengen von Verspätungsdaten vergangener Zugfahrten und an Bahnhöfen erhobene Informationen. Diese Daten bereitete er auf und trainierte damit einen lernfähigen Algorithmus. Das Ergebnis lässt sich auf einer Website nutzen. Gibt man dort eine konkrete Zugverbindung ein, berechnet die Software in kurzer Zeit, wie hoch das Risiko einer Verspätung bei einer künftigen Verbindung ist und ob man womöglich seinen Anschlusszug verpasst – und zwar auch für Zugfahrten, die erst in einigen Tagen starten.",https://www.jugend-forscht.de/index.php?id=262&tx_smsjufoprojects_smsjufprojectdb%5Bproject%5D=7452&tx_smsjufoprojects_smsjufprojectdb%5Baction%5D=show&tx_smsjufoprojects_smsjufprojectdb%5Bcontroller%5D=Project&cHash=f8c77f70286df6fa16cb0ffcec9e27b0,2023,Mathematik/Informatik,Bayern
2023,Mathematik/Informatik,2023 | Mathematik/Informatik | Schleswig-Holstein,Bee a drone – künstliche Bestäubung,"Nicolai Schlüter, 
									
										Moritz Trapp, 
									
										Lewin Raetzell","Nicolai Schlüter (18, links), HeikendorfHeinrich-Heine-Schule, Heikendorf
Moritz Trapp (17, Mitte), HeikendorfHeinrich-Heine-Schule, Heikendorf
Lewin Raetzell (18, rechts), SchönbergHeinrich-Heine-Schule, Heikendorf
5. Preis Mathematik/InformatikPreisstifter: Fraunhofer-Gesellschaft zur Förderung der angewandten Forschung e. V.
Bee a drone – künstliche Bestäubung
Bienen spielen in der Natur eine wichtige Rolle, denn sie helfen bei der Bestäubung von Pflanzen. Doch mancherorts schwinden die Bestände, mit negativen Folgen für die Landwirtschaft. Daher überlegen Fachleute, künftig Drohnen für die Bestäubung einzusetzen. Bei diesem Szenario scannt eine von kleineren Roboterbienen umschwirrte „Mutterdrohne“ ihre Umgebung mit Kameras. Erkennt sie per KI-Algorithmus eine Blüte, schickt sie den künstlichen Schwarm zum Bestäuben los. Vor diesem Hintergrund entwickelten Nicolai Schlüter, Moritz Trapp und Lewin Raetzell in ihrem Forschungsprojekt unter anderem eine Software zur Blütenerkennung sowie ein Programm, das die Kollision von Roboterbienen verhindern kann. Zusätzlich bauten sie einen Prototyp – einen aus zwei Quadrokoptern bestehenden Minischwarm.",https://www.jugend-forscht.de/index.php?id=262&tx_smsjufoprojects_smsjufprojectdb%5Bproject%5D=7454&tx_smsjufoprojects_smsjufprojectdb%5Baction%5D=show&tx_smsjufoprojects_smsjufprojectdb%5Bcontroller%5D=Project&cHash=239a650456e16fdd8842c3f27d576ed6,2023,Mathematik/Informatik,Schleswig-Holstein
2023,Mathematik/Informatik,2023 | Mathematik/Informatik | Niedersachsen,CellAlyse: eine effiziente Automatisierung der Zählung und Klassifizierung von Blutzellen,David Rutkevich,"David Rutkevich (18), LeerUbbo-Emmius-Gymnasium, Leer
Preis für eine Arbeit, die in besonderer Weise den Nutzen der Informatik verdeutlichtPreisstifter: Gesellschaft für Informatik e. V.
CellAlyse: eine effiziente Automatisierung der Zählung und Klassifizierung von Blutzellen
Bei einem Bluttest werden zahlreiche Werte erfasst, darunter die Anzahl der Blutzellen. In Ländern wie Deutschland erledigen das teure Laborautomaten. In ärmeren Weltregionen hingegen werden die Blutzellen häufig von Menschen mithilfe von Mikroskopen gezählt – eine aufwendige und fehleranfällige Prozedur. David Rutkevich entwickelte daher eine Alternative: Dafür nutzte er ein per 3-D-Druck konstruiertes, preisgünstiges, aber leistungsfähiges Spezialmikroskop. Um dessen Bilder automatisch auszuwerten, programmierte der Jungforscher zwei KI-Algorithmen. Diese sind nicht nur in der Lage, Blutzellen verlässlich zu zählen, sondern können verschiedene Zelltypen voneinander unterscheiden. Über eine Website, auf der man Bilder von Blutproben hochladen kann, lassen sich die KIs bereits nutzen.",https://www.jugend-forscht.de/index.php?id=262&tx_smsjufoprojects_smsjufprojectdb%5Bproject%5D=7459&tx_smsjufoprojects_smsjufprojectdb%5Baction%5D=show&tx_smsjufoprojects_smsjufprojectdb%5Bcontroller%5D=Project&cHash=918201fad5b52cd704982d23de3f1303,2023,Mathematik/Informatik,Niedersachsen
2023,Mathematik/Informatik,2023 | Mathematik/Informatik | Niedersachsen,Das Meistern von chinesischem Schach mit autodidaktischem Reinforcement Learning,Simon Ma,"Simon Ma (15), HannoverGymnasium Schillerschule Hannover
Das Meistern von chinesischem Schach mit autodidaktischem Reinforcement Learning
Das chinesische Brettspiel Xiangqi ist eine faszinierende Schach-Version. Die Figuren und Züge sind ähnlich, aber eine erfolgreiche Gewinnstrategie ist mindestens ebenso komplex wie beim Spiel mit König und Dame. Doch während es für Schach mittlerweile viele Computerprogramme gibt, wurde für die chinesische Variante bislang nur wenig Software entwickelt. Simon Ma nahm die Herausforderung an und wagte sich an ein solches Programm. Um einen schlagkräftigen Xiangqi-Computer zu realisieren, kombinierte der Jungforscher verschiedene Verfahren miteinander, darunter auch Algorithmen der künstlichen Intelligenz. Der Methodenmix funktioniert: Trotz der hochkomplexen Spielzüge ist das System in der Lage, in acht Sekunden bis zu fünf Züge in die Zukunft zu schauen.",https://www.jugend-forscht.de/index.php?id=262&tx_smsjufoprojects_smsjufprojectdb%5Bproject%5D=7463&tx_smsjufoprojects_smsjufprojectdb%5Baction%5D=show&tx_smsjufoprojects_smsjufprojectdb%5Bcontroller%5D=Project&cHash=45416a6379f247520e0f3ea426dd82c2,2023,Mathematik/Informatik,Niedersachsen
2023,Mathematik/Informatik,2023 | Mathematik/Informatik | Mecklenburg-Vorpommern,Die Metafunktion,Ole Völzer,"Ole Völzer (17), SchwerinGoethe-Gymnasium, Schwerin
Preis für eine außergewöhnliche mathematische ArbeitPreisstifter: Deutsche Mathematiker-Vereinigung e. V.
Die Metafunktion
Primzahlen zählen zu den Grundelementen der Mathematik – sie lassen sich nur durch sich selbst und durch Eins teilen. Das Faszinierende ist, dass es unendlich viele davon gibt. Während sich kleine Primzahlen recht einfach errechnen lassen, versagt selbst ein Supercomputer, wenn er sehr große Primzahlen ermitteln soll. Ole Völzer versuchte in seinem Forschungsprojekt, mehr Ordnung in die Welt der Primzahlen zu bringen. Er nutzte eine bestimmte Funktion, Metafunktion genannt, um herauszufinden, wie Primzahlen verteilt sind: Wo zum Beispiel könnten sie gehäuft auftreten? Seine Erkenntnisse könnten helfen, ein prominentes Rätsel der Mathematik näher zu beleuchten – die legendäre Goldbach-Vermutung. Sie besagt, dass sich jede gerade Zahl als Summe zweier Primzahlen darstellen lässt.",https://www.jugend-forscht.de/index.php?id=262&tx_smsjufoprojects_smsjufprojectdb%5Bproject%5D=7468&tx_smsjufoprojects_smsjufprojectdb%5Baction%5D=show&tx_smsjufoprojects_smsjufprojectdb%5Bcontroller%5D=Project&cHash=bca61908e667401e80e3364146dbeb7f,2023,Mathematik/Informatik,Mecklenburg-Vorpommern
2023,Mathematik/Informatik,2023 | Mathematik/Informatik | Saarland,Dragon-4 – ein auf Logikebene selbst entwickelter Prozessor,Alexander Bach,"Alexander Bach (19), NalbachOberstufenverbund Saarlouis
Dragon-4 – ein auf Logikebene selbst entwickelter Prozessor
Ob im Smartphone, Laptop oder Auto: In den meisten technischen Geräten stecken heute leistungsfähige Mikrochips, sie bilden die Grundlage der Digitalisierung. Wie aber funktionieren diese kleinen Wunderwerke im Detail? Um das herauszufinden, schlug Alexander Bach einen originellen Weg ein. Er entwarf einen eigenen Prozessor, und zwar von Grund auf. Zunächst entwickelte er den Chip per Software und versah ihn mit den nötigen Basisfunktionen, etwa für das Zusammenspiel mit dem Speicher. Dann folgte eine Computersimulation, mit der sich der Chip virtuell testen ließ. Als der Entwurf diese Prüfung bestanden hatte, kam die praktische Umsetzung. Per Lötkolben fügte der Jungforscher zahlreiche Elektronikbauteile auf einer Platine zusammen. Das Resultat: „Dragon-4“, ein kleiner, aber funktionsfähiger Prozessor.",https://www.jugend-forscht.de/index.php?id=262&tx_smsjufoprojects_smsjufprojectdb%5Bproject%5D=7470&tx_smsjufoprojects_smsjufprojectdb%5Baction%5D=show&tx_smsjufoprojects_smsjufprojectdb%5Bcontroller%5D=Project&cHash=8397daeb09a39a9dad538d268b0dc521,2023,Mathematik/Informatik,Saarland
2023,Mathematik/Informatik,2023 | Mathematik/Informatik | Brandenburg,Entwicklung eines Sensor-Arrays zur automatischen Geruchserkennung,Jakob Zöphel,"Jakob Zöphel (17), Neue MühleMusikbetonte Gesamtschule ""Paul Dessau"", Zeuthen
SonderpreisForschungsaufenthalt an der University of Rhode Island in den USAPreisstifter: University of Rhode Island und Ernst A. C. Lange-Stiftung
Konrad-Zuse-Jugendpreis für Informatik der Eduard-Rhein-StiftungPreisstifter: Eduard-Rhein-Stiftung
Entwicklung eines Sensor-Arrays zur automatischen Geruchserkennung
Die menschliche Nase ist ein Wunderwerk der Natur. Fachleute schätzen, dass sie Abermilliarden Düfte auseinanderhalten kann. Nicht alle Gerüche und Gase jedoch vermag sie zu riechen. Hier setzte das Forschungsprojekt von Jakob Zöphel an. Er entwickelte eine Art elektronische Nase, indem er 17 verschiedene Gassensoren zusammenschaltete und in ein Gehäuse integrierte. Dabei schicken die Messfühler ihre Signale an einen Rechner, in dem eine selbst geschriebene Software die Daten auswertet, auch mithilfe von KI-Algorithmen. Im Ergebnis kann die „E-Nase“ verschiedenste Gerüche zuverlässig erkennen, darunter Essig, Nagellackentferner oder Whiskey. Im Prinzip könnte man die innovative Geruchserkennung in der Industrie einsetzen, etwa zur Qualitätskontrolle in der Lebensmittelproduktion.",https://www.jugend-forscht.de/index.php?id=262&tx_smsjufoprojects_smsjufprojectdb%5Bproject%5D=7481&tx_smsjufoprojects_smsjufprojectdb%5Baction%5D=show&tx_smsjufoprojects_smsjufprojectdb%5Bcontroller%5D=Project&cHash=ee780560bc90fddc52aa988b70445235,2023,Mathematik/Informatik,Brandenburg
2023,Mathematik/Informatik,2023 | Mathematik/Informatik | Bayern,Ganganalyse im Eigenbau,Matthias Fuchs,"Matthias Fuchs (19), WaldkraiburgGymnasium Waldkraiburg
Eduard-Rhein-Jugendpreis für Rundfunk-, Fernseh- und InformationstechnikPreisstifter: Eduard-Rhein-Stiftung
Ganganalyse im Eigenbau
In manchen Kliniken und Sanitätshäusern gibt es ein sogenanntes Ganglabor. Darin läuft man über eine spezielle Matte, während Sensoren und Kameras die individuelle Gehbewegung aufzeichnen. Anschließend analysiert eine Software den Gang und gibt Hinweise etwa für eine passende Schuheinlage. Allerdings sind solche Ganglabore teuer, weshalb sich Matthias Fuchs dazu entschloss, in seinem Forschungsprojekt ein deutlich günstigeres Konzept zu entwickeln. Die Basis bilden ein Mikrocomputer sowie zwei kleine Kameras zur Aufzeichnung der Gehbewegung. Den Rechner programmierte der Jungforscher so, dass er vor allem die Bewegungen der Gelenke beim Gehen analysiert. Der Vergleich mit einem professionellen Ganglabor ergab, dass auch der kostengünstige Eigenbau brauchbare Ergebnisse liefert.",https://www.jugend-forscht.de/index.php?id=262&tx_smsjufoprojects_smsjufprojectdb%5Bproject%5D=7488&tx_smsjufoprojects_smsjufprojectdb%5Baction%5D=show&tx_smsjufoprojects_smsjufprojectdb%5Bcontroller%5D=Project&cHash=9677b08caeb5793e455cbf9ce05ffe38,2023,Mathematik/Informatik,Bayern
2023,Mathematik/Informatik,2023 | Mathematik/Informatik | Berlin,Integration von Folgen,Emma Rüter,"Emma Rüter (17), BerlinLeibniz-Gymnasium Berlin
2. Preis Mathematik/InformatikPreisstifter: Fraunhofer-Gesellschaft zur Förderung der angewandten Forschung e. V.
Integration von Folgen
Es ist eine beliebte Art von Mathematikrätseln: Genannt wird dabei der Beginn einer Zahlenfolge – zum Beispiel 1, 2, 4, 8. Dann gilt es herauszufinden, welche Gesetzmäßigkeit dahintersteckt und welche Zahl als nächste folgen müsste – in diesem Fall wäre es die 16. Mit solchen mathematischen Folgen befasste sich Emma Rüter. Konkret ging sie der Frage nach, wie sich solche Folgen integrieren lassen – so heißt es in der Fachsprache, wenn man die Fläche unter einer Kurve ausrechnen möchte. Insbesondere untersuchte die Jungforscherin, welche Folgen sich überhaupt integrieren lassen und welche nicht. Dabei stieß sie unter anderem auf eine Faustregel, wie sich die Bedingungen für das Integrieren von Folgen relativ einfach analysieren lassen.",https://www.jugend-forscht.de/index.php?id=262&tx_smsjufoprojects_smsjufprojectdb%5Bproject%5D=7495&tx_smsjufoprojects_smsjufprojectdb%5Baction%5D=show&tx_smsjufoprojects_smsjufprojectdb%5Bcontroller%5D=Project&cHash=1f3b8fd819506cb5cd8470139efe6868,2023,Mathematik/Informatik,Berlin
2023,Mathematik/Informatik,2023 | Mathematik/Informatik | Saarland,Interpretation neuronaler Netze im Bereich der Bildklassifizierung,Bennet Meyer,"Bennet Meyer (20), LüneburgUniversität des Saarlandes, Saarbrücken
Preis für eine Arbeit auf dem Gebiet Qualitätssicherung durch Zerstörungsfreie PrüfungPreisstifter: Deutsche Gesellschaft für Zerstörungsfreie Prüfung e. V.
Interpretation neuronaler Netze im Bereich der Bildklassifizierung
Heutige Smartphones können Gesichter und Fingerabdrücke erkennen – zweifellos ein bequemes Sicherheitsfeature. Dahinter stecken lernfähige Algorithmen, die immer stärker auch in anderen Bereichen eingesetzt werden, so etwa in Kliniken bei der Auswertung von Röntgenaufnahmen. Doch wie eine solche KI-Software dabei im Detail vorgeht, ist oftmals kaum nachvollziehbar. In gewisser Weise ist sie eine Art Blackbox, was in manchen Fällen zu unzuverlässigen Ergebnissen führt. Diesem Problem widmete sich Bennet Meyer in seinem Projekt. Er entwickelte ein Programm, das – bildlich gesprochen – feststellen kann, welche „Vorstellungen“ sich ein Mustererkennungs-Algorithmus macht, wenn er ein Bild einer bestimmten Kategorie zuordnet. Auf diese Weise lässt sich der Algorithmus verbessern, sodass die Erkennungsrate steigt.",https://www.jugend-forscht.de/index.php?id=262&tx_smsjufoprojects_smsjufprojectdb%5Bproject%5D=7496&tx_smsjufoprojects_smsjufprojectdb%5Baction%5D=show&tx_smsjufoprojects_smsjufprojectdb%5Bcontroller%5D=Project&cHash=0b7dcc865f4a147702fa1feedf5179e5,2023,Mathematik/Informatik,Saarland
2023,Mathematik/Informatik,2023 | Mathematik/Informatik | Baden-Württemberg,"Mein Hut, der hat n Farben ...","Chiara Cimino, 
									
										Alisa Schmid","Chiara Cimino (16, links), FridingenOtto-Hahn-Gymnasium Tuttlingen
Alisa Schmid (17, rechts), BlumbergImmanuel-Kant-Gymnasium, Tuttlingen
Schülerforschungszentrum Südwürttemberg, Tuttlingen
Mein Hut, der hat n Farben ...
Jedes Jahr vor Weihnachten bietet der Mathe-Adventskalender ein tägliches Rätsel für interessierte Schülerinnen und Schüler. Eine der Aufgaben hatte es Chiara Cimino und Alisa Schmid besonders angetan – die Sache mit den Wichteln und den Mützen: Drei Wichtel bekommen verschiedenfarbige Mützen aufgesetzt, können jedoch nur die Mützenfarben der beiden anderen sehen. Nun sollen sie erraten, welche Farbe ihre eigene Mütze besitzt. Um das herauszufinden, gibt es unterschiedliche Ratestrategien. In ihrem Forschungsprojekt wollten die Jungforscherinnen herausfinden, welche dieser Strategien die höchsten Gewinnchancen bietet. Dazu entwickelten sie eine mathematische Formulierung des Problems und stießen letztlich auf eine Formel, die über die vielversprechendsten Gewinnaussichten Auskunft gibt.",https://www.jugend-forscht.de/index.php?id=262&tx_smsjufoprojects_smsjufprojectdb%5Bproject%5D=7508&tx_smsjufoprojects_smsjufprojectdb%5Baction%5D=show&tx_smsjufoprojects_smsjufprojectdb%5Bcontroller%5D=Project&cHash=be2aa125a88b8ecbcb7d211e0c0fab75,2023,Mathematik/Informatik,Baden-Württemberg
2023,Mathematik/Informatik,2023 | Mathematik/Informatik | Berlin,orch_ai_d,"Elora Marx, 
									
										Alois Bachmann","Elora Marx (17), BerlinCanisius-Kolleg, Berlin
Alois Bachmann (16), BerlinHumboldt-Gymnasium Berlin
4. Preis Mathematik/InformatikPreisstifter: Fraunhofer-Gesellschaft zur Förderung der angewandten Forschung e. V.
SonderpreisEinladung zum London International Youth Science ForumPreisstifter: Ernst A. C. Lange-Stiftung
orch_ai_d
Auch Zimmerpflanzen können krank werden, dann gehen sie oftmals ein. Praktisch wäre daher ein System, das Mangelerscheinungen und Krankheitssymptome frühzeitig erkennt. Dann ließe sich schnell genug gegensteuern. Elora Marx und Alois Bachmann widmeten sich dieser Herausforderung mithilfe künstlicher Intelligenz. Auf Grundlage zahlreicher Fotos trainierten sie einen lernfähigen Algorithmus und brachten ihm bei, kranke und verkümmerte Orchideen von gesunden zu unterscheiden. Dabei kann die Software auch die Ursachen eines kritischen Zustands analysieren: Ist die Pflanze von der Wolllaus befallen oder wurde sie schlicht zu wenig gegossen? Das System könnte im nächsten Schritt in eine App integriert werden und wäre dadurch dann selbst für solche Menschen leicht zu bedienen, die keinen grünen Daumen haben.",https://www.jugend-forscht.de/index.php?id=262&tx_smsjufoprojects_smsjufprojectdb%5Bproject%5D=7517&tx_smsjufoprojects_smsjufprojectdb%5Baction%5D=show&tx_smsjufoprojects_smsjufprojectdb%5Bcontroller%5D=Project&cHash=20eec31d6b1a10f7a30ce7dcb4391c24,2023,Mathematik/Informatik,Berlin
2023,Mathematik/Informatik,2023 | Mathematik/Informatik | Nordrhein-Westfalen,Project Eagle – Echtzeitanalyse antisemitischer Verschwörungsmythen im Netz,"Simon Rulle, 
									
										Arthur Achilles","Simon Rulle (16, rechts), PaderbornGymnasium St. Michael, Paderborn
Arthur Achilles (17, links), PaderbornGymnasium St. Michael, Paderborn
Bundessieg1. Preis Mathematik/InformatikPreisstifter: Fraunhofer-Gesellschaft zur Förderung der angewandten Forschung e. V.
SonderpreisStipendium für einen Studienplatz an einer Universität der BundeswehrPreisstifter: Bundesminister der Verteidigung Boris Pistorius
Project Eagle – Echtzeitanalyse antisemitischer Verschwörungsmythen im Netz
In den sozialen Netzwerken finden sich unzählige antisemitische Kommentare und Hassreden. Viele davon basieren auf bekannten Verschwörungsmythen. Derartige Tweets und Postings schnell und zielgerichtet zu identifizieren, ist aufgrund der schieren Datenmenge eine große Herausforderung. Daher entwickelten Simon Rulle und Arthur Achilles eine Software, die diesen Vorgang automatisch erledigt und antisemitische Inhalte so zuverlässig aus dem Internet herausfiltern kann. Die Jungforscher setzten dafür unter anderem aktuelle KI-Chatbots ein, die ähnlich wie ChatGPT funktionieren. Die Suchergebnisse zeigt das Programm als anschauliche Grafiken an. Mit dem Programm lässt sich auch rekonstruieren, wie die Zahl antisemitischer Tweets eines Accounts mit der Zeit zugenommen hat.",https://www.jugend-forscht.de/index.php?id=262&tx_smsjufoprojects_smsjufprojectdb%5Bproject%5D=7524&tx_smsjufoprojects_smsjufprojectdb%5Baction%5D=show&tx_smsjufoprojects_smsjufprojectdb%5Bcontroller%5D=Project&cHash=bd3037407e6c67de5579ae2d781a1cc3,2023,Mathematik/Informatik,Nordrhein-Westfalen
2023,Mathematik/Informatik,2023 | Mathematik/Informatik | Hessen,TERRAsim – Simulations- und Vorwarnsystem zur Vermeidung von Hochwasserereignissen,"David Maul, 
									
										Leon Bohnwagner, 
									
										Ruben Otto","David Maul (19, links), NeuhofHochschule Fulda
Leon Bohnwagner (19, Mitte), GersfeldHochschule Fulda
Ruben Otto (18, rechts), HofbieberHochschule Fulda
Konrad-Zuse-Schule Hünfeld
3. Preis Mathematik/InformatikPreisstifter: Fraunhofer-Gesellschaft zur Förderung der angewandten Forschung e. V.
TERRAsim – Simulations- und Vorwarnsystem zur Vermeidung von Hochwasserereignissen
Im Juli 2021 brach eine Sturzflut über das Ahrtal herein. Mehr als 130 Menschen starben, Hunderte Gebäude wurden zerstört. Wie lassen sich solche Katastrophen in Zukunft verhindern oder zumindest abmildern? Hier könnte die Simulationssoftware helfen, die David Maul, Leon Bohnwagner und Ruben Otto entwickelten. Das Programm der Jungforscher basiert auf öffentlich zugänglichen digitalen Geländemodellen – das ist eine Art 3-D-Landkarte. Auf Grundlage dieser Daten kann die Software errechnen, welchen Weg sich das Wasser bei einem Starkregen im Gelände sucht. Auf diese Weise lassen sich Risikostellen ermitteln: Wo könnte sich Wasser stauen, wo droht eine Überschwemmung? Diese neuralgischen Punkte ließen sich dann gezielt entschärfen, etwas durch das Anlegen von Rückhaltebecken.",https://www.jugend-forscht.de/index.php?id=262&tx_smsjufoprojects_smsjufprojectdb%5Bproject%5D=7537&tx_smsjufoprojects_smsjufprojectdb%5Baction%5D=show&tx_smsjufoprojects_smsjufprojectdb%5Bcontroller%5D=Project&cHash=a0f9d96555916cf089a11b30d25e234c,2023,Mathematik/Informatik,Hessen
2023,Mathematik/Informatik,2023 | Mathematik/Informatik | Sachsen-Anhalt,Textklassifikation zur Untersuchung der Entwicklung geschlechtergerechter Sprache,Lorenz Thieroff,"Lorenz Thieroff (18), NaumburgLandesschule Pforta, Naumburg
Textklassifikation zur Untersuchung der Entwicklung geschlechtergerechter Sprache
Seit einigen Jahren hält gendergerechte Sprache Einzug in den Alltag, etwa in den Medien. Allerdings gibt es mehrere Arten zu gendern, zum Beispiel per Sternchen, per Doppelpunkt oder durch die gleichzeitige Nennung von männlicher und weiblicher Form. Lorenz Thieroff wollte herausfinden, welche Genderformen am häufigsten genutzt werden und wie sich die Gesamtmenge in den letzten Jahren verändert hat. Dafür schrieb der Jungforscher eine Software, die Nachrichtentexte aus einem Newsfeed klassifiziert. Das Gendersternchen in einem Artikel aufzustöbern, ist für das Programm kein Problem. Mehr Schwierigkeiten bereitet das Erkennen jener Variante, die auf geschlechtsneutrale Begriffe setzt – zum Beispiel „niemand“ statt „keiner“. Dafür verwendet die Software eine Datenbank mit rund 2 000 gängigen neutralen Begriffen.",https://www.jugend-forscht.de/index.php?id=262&tx_smsjufoprojects_smsjufprojectdb%5Bproject%5D=7538&tx_smsjufoprojects_smsjufprojectdb%5Baction%5D=show&tx_smsjufoprojects_smsjufprojectdb%5Bcontroller%5D=Project&cHash=96303d3b97a33cbbea903ac34ef01616,2023,Mathematik/Informatik,Sachsen-Anhalt
2023,Mathematik/Informatik,2023 | Mathematik/Informatik | Thüringen,Vorteile auf unterschiedlichen Feldgrößen im Strategiespiel „Dodgem“,Jos Constantin Heinemann,"Jos Constantin Heinemann (15), IlmenauGoetheschule Ilmenau
Vorteile auf unterschiedlichen Feldgrößen im Strategiespiel „Dodgem“
Dodgem ist ein wenig bekanntes Strategiespiel. Es geht darum, die Spielsteine möglichst rasch vom Brett zu entfernen, wobei nur bestimmte Züge erlaubt sind. Das Besondere ist, das sich Dodgem auf unterschiedlich großen Brettern spielen lässt. Als Standard gelten 3x3 Felder, doch genauso gut funktioniert es mit 4x4 oder 5x5 Feldern. Auch rechteckige Spielfelder sind möglich, etwa mit 2x3 Feldern. Gibt es eine perfekte Strategie, mit der man immer gewinnt? Um das zu beantworten, schrieb Jos Constantin Heinemann ein Computerprogramm, das alle möglichen Spielzüge systematisch durchgeht und den jeweils besten Zug findet. Er fand heraus, dass für das übliche 3x3-Brett tatsächlich eine optimale Zugfolge existiert. Bei rechteckigen Brettern ist fast immer der im Vorteil, der auf der längeren Seite spielt.",https://www.jugend-forscht.de/index.php?id=262&tx_smsjufoprojects_smsjufprojectdb%5Bproject%5D=7547&tx_smsjufoprojects_smsjufprojectdb%5Baction%5D=show&tx_smsjufoprojects_smsjufprojectdb%5Bcontroller%5D=Project&cHash=c84bea0fb6aa39218e96cdd78fe2672a,2023,Mathematik/Informatik,Thüringen
2023,Mathematik/Informatik,2023 | Mathematik/Informatik | Hamburg,Wie findet man Nullstellen am schnellsten?,"Nedim Srkalovic, 
									
										Oscar Scherz","Nedim Srkalovic (17, rechts), HamburgWichern-Schule, Hamburg
Oscar Scherz (17, links), HamburgMarion Dönhoff Gymnasium, Hamburg
Wie findet man Nullstellen am schnellsten?
Bei der Kurvendiskussion geht es darum, die Eigenschaften einer mathematischen Funktion zu analysieren. Eine dieser Eigenschaften sind die Nullstellen, wenn also als Wert der Funktion die Zahl Null herauskommt. Für quadratische Gleichungen lassen sich die Nullstellen, falls vorhanden, relativ einfach finden. Für komplexere Funktionen, beispielsweise Polynomen, ist das dagegen deutlich schwieriger. Man kann sie häufig nicht mehr mit Bleistift und Papier berechnen, stattdessen braucht es eine ausgefeilte Software. Vor dem Hintergrund verglichen Nedim Srkalovic und Oscar Scherz unterschiedliche Computerverfahren zum Aufspüren von Nullstellen. Dabei fanden sie heraus, dass eine bislang unterschätzte Methode – das Newton-Verfahren – tendenziell am schnellsten zu einem Ergebnis kommt.",https://www.jugend-forscht.de/index.php?id=262&tx_smsjufoprojects_smsjufprojectdb%5Bproject%5D=7548&tx_smsjufoprojects_smsjufprojectdb%5Baction%5D=show&tx_smsjufoprojects_smsjufprojectdb%5Bcontroller%5D=Project&cHash=b20e5d706382c519074f285905e97e1e,2023,Mathematik/Informatik,Hamburg
2023,Mathematik/Informatik,2023 | Mathematik/Informatik | Nordrhein-Westfalen,Zukunft berechnen? Ist die Ausprägung von Merkmalen zukünftiger Generationen simulierbar?,Anna Miller,"Anna Miller (16), LüdinghausenGymnasium Canisianum, Lüdinghausen
Zukunft berechnen? Ist die Ausprägung von Merkmalen zukünftiger Generationen simulierbar?
Analysiert man die Gene mehrerer Exemplare einer Tiergattung, lassen sich Erkenntnisse über deren Vergangenheit aufspüren: beispielsweise über gemeinsame Vorfahren und bestimmte Mutationen. Anna Miller interessierte sich in ihrem Forschungsprojekt allerdings für die umgekehrte Richtung auf der Zeitachse: Auf welche Weise lässt sich herausfinden, wie sich die Gene von Tieren künftiger Generationen entwickeln werden? Um das herauszufinden, schrieb sie ein Computerprogramm. Es kann die genetische Entwicklung mehrerer Taufliegengenerationen simulieren und auf diese Weise prognostizieren. Um ihre Software mit der Realität abzugleichen, züchtete die Jungforscherin mehrere Generationen der Insekten. Das Ergebnis des Vergleichs: Die Vorhersagen des Rechenprogramms erwiesen sich als ziemlich treffsicher.",https://www.jugend-forscht.de/index.php?id=262&tx_smsjufoprojects_smsjufprojectdb%5Bproject%5D=7549&tx_smsjufoprojects_smsjufprojectdb%5Baction%5D=show&tx_smsjufoprojects_smsjufprojectdb%5Bcontroller%5D=Project&cHash=c0966967737cb1f9b90b7e0674fce735,2023,Mathematik/Informatik,Nordrhein-Westfalen
2023,Geo- und Raumwissenschaften,2023 | Geo- und Raumwissenschaften | Hamburg,Auf den Spuren des marinen Lebens im Tethys-Ozean,Leona Bekteshi,"Leona Bekteshi (18), HamburgGymnasium Heidberg, Hamburg
Schülerforschungszentrum Hamburg
Auf den Spuren des marinen Lebens im Tethys-Ozean
Die Kalksteine der Insel Malta sind mitunter reich an Fossilien. Diese stammen aus der Zeit der Tethys, eines erdgeschichtlichen Ozeans. Leona Bekteshi nahm an zwei Standorten Gesteinsproben, um diese im Labor zu untersuchen. In Dünnschliffen und unter dem Rasterelektronenmikroskop konnte sie vor allem Mikrofossilien nachweisen. Die Vielfalt reichte von den einzelligen Foraminiferen bis zu Schwämmen, Rotalgen und Seeigeln. Das führte die Jungforscherin zu dem Schluss, dass es sich um Lebensräume gehandelt haben muss, die relativ küstennah waren. Denn nur in lichtdurchfluteten und gut mit Sauerstoff versorgten Wasserschichten ist eine solche Artenvielfalt und Individuenanzahl möglich. Die Fossilien können also helfen, die Erdgeschichte der Mittelmeerinsel zu rekonstruieren.",https://www.jugend-forscht.de/index.php?id=262&tx_smsjufoprojects_smsjufprojectdb%5Bproject%5D=7450&tx_smsjufoprojects_smsjufprojectdb%5Baction%5D=show&tx_smsjufoprojects_smsjufprojectdb%5Bcontroller%5D=Project&cHash=e1bf609cd07173b9f93d2426a63e2133,2023,Geo- und Raumwissenschaften,Hamburg
2023,Geo- und Raumwissenschaften,2023 | Geo- und Raumwissenschaften | Bremen,Auswirkungen von Feinsedimenten auf die Entwicklung von Bachforellenlaich 2.0,Leonie Prillwitz,"Leonie Prillwitz (19), BremerhavenAlfred-Wegener-Institut, Helmholtz-Zentrum für Polar- und Meeresforschung, Bremerhaven
SonderpreisTeilnahme am Stockholm Junior Water Prize in SchwedenPreisstifter: Stockholm International Water Institute
Auswirkungen von Feinsedimenten auf die Entwicklung von Bachforellenlaich 2.0
Feine Sedimentpartikel schädigen den Laich der Bachforelle, indem sie die Schlupfrate verringern. Das ist ein Problem, weil in vielen Flüssen die Sedimentfracht zunimmt. Daher untersuchte Leonie Prillwitz diesen Prozess der Schädigung im Detail. Die Jungforscherin ging der Frage nach, welche Auswirkung die Größe der Sedimentpartikel auf die Entwicklung der Eier hat. So konnte sie in Laborversuchen nachweisen, dass die Mortalitätsrate mit sinkender Korngröße steigt. Zudem waren negative Effekte eines hohen organischen Anteils im Sediment erkennbar und es zeigte sich die Tendenz, dass der Laich vor allem in der frühen Entwicklungsstufe durch Feinsedimente geschädigt wird. Diese Erkenntnisse sollen künftig helfen, den Einsatz sogenannter Brutboxen zu optimieren.",https://www.jugend-forscht.de/index.php?id=262&tx_smsjufoprojects_smsjufprojectdb%5Bproject%5D=7451&tx_smsjufoprojects_smsjufprojectdb%5Baction%5D=show&tx_smsjufoprojects_smsjufprojectdb%5Bcontroller%5D=Project&cHash=87ffc6c346d69c2b81dbfff63c483dce,2023,Geo- und Raumwissenschaften,Bremen
2023,Geo- und Raumwissenschaften,2023 | Geo- und Raumwissenschaften | Nordrhein-Westfalen,Das Doppelsternsystem CSS080502 – Analyse anhand eigener Beobachtungen und Recherchen,Anna Köster,"Anna Köster (18), MünsterKardinal-von-Galen-Gymnasium Hiltrup, Münster
Das Doppelsternsystem CSS080502 – Analyse anhand eigener Beobachtungen und Recherchen
Anna Köster analysierte das Doppelsternsystem CSS080502 mittels selbst erstellter Hochleistungsteleskopaufnahmen. Ihre Daten weisen auf die Existenz zweier Exoplaneten hin, also von Planeten außerhalb unseres Sonnensystems. Das erforschte Doppelsternsystem liegt im Sternbild der Wasserschlange an der Grenze zum Krebs. Durch Recherchen und eigene Beobachtungen konnte sich die Jungforscherin ein Bild von CSS080502 machen. Dafür wertete sie mehr als 1 400 Fotos aus, die sie mithilfe des Las Cumbres Observatory (LCO) aufnahm. Dieses Netzwerk besteht aus 13 robotergesteuerten Teleskopen. Ihre Auswertungen lassen zwei Exoplaneten im Doppelsternsystem vermuten: einen Exoplaneten mit nahezu kreisförmiger Umlaufbahn und einen weiteren, vermutlich sehr massereichen Planeten, mit stark elliptischer Umlaufbahn.",https://www.jugend-forscht.de/index.php?id=262&tx_smsjufoprojects_smsjufprojectdb%5Bproject%5D=7462&tx_smsjufoprojects_smsjufprojectdb%5Baction%5D=show&tx_smsjufoprojects_smsjufprojectdb%5Bcontroller%5D=Project&cHash=bf7ffb430ab3d5b6a7b1c9d92f07a03f,2023,Geo- und Raumwissenschaften,Nordrhein-Westfalen
2023,Geo- und Raumwissenschaften,2023 | Geo- und Raumwissenschaften | Brandenburg,Erforschung des HD189733-Systems,Anna Maria Weiß,"Anna Maria Weiß (17), VogelsdorfEinstein-Gymnasium, Neuenhagen bei Berlin
4. Preis Geo- und RaumwissenschaftenPreisstifter: stern
Erforschung des HD189733-Systems
Wie sehen Planeten außerhalb unseres Sonnensystems aus und kann auf diesen Exoplaneten potenziell Leben existieren? Diese spannenden Fragen der Astronomie beschäftigten auch Anna Maria Weiß. Sie erforschte von der Erde aus den Stern HD189733 und seinen Planeten HD189733b. Es gelang ihr, die Existenz des Exoplaneten mit einem erdgebundenen Teleskop nachzuweisen und einzelne Parameter des Sonnensystems zu berechnen. Die Datenreihen dafür nahm die Jungforscherin in der Schulsternwarte auf. Sie verglich ihre Ergebnisse mit den Daten anderer Wissenschaftler und spezieller Lichtkurven des Weltraumteleskops TESS. Aus der geringen Entfernung von Stern und Planet lässt sich schließen, dass die hochenergetische Strahlung des Sterns möglicherweise einen Masseverlust des Exoplaneten bewirkt.",https://www.jugend-forscht.de/index.php?id=262&tx_smsjufoprojects_smsjufprojectdb%5Bproject%5D=7482&tx_smsjufoprojects_smsjufprojectdb%5Baction%5D=show&tx_smsjufoprojects_smsjufprojectdb%5Bcontroller%5D=Project&cHash=a1cce995de7dfcccb12dec063054688e,2023,Geo- und Raumwissenschaften,Brandenburg
2023,Geo- und Raumwissenschaften,2023 | Geo- und Raumwissenschaften | Bayern,Ermittlung der mikrobiellen Aktivität ausgewählter Böden anhand des Katalasetests,Leonie Fuchs,"Leonie Fuchs (17), Bad Neustadt a. d. SaaleRhön Gymnasium Bad Neustadt a. d. Saale
Ermittlung der mikrobiellen Aktivität ausgewählter Böden anhand des Katalasetests
Die Aktivität von Mikroben im Boden wird durch die Vegetation und andere Umweltbedingungen beeinflusst. Leonie Fuchs nahm Bodenproben an neun verschiedenen Standorten und untersuchte in diesen die Konzentration des Enzyms Katalase, das ein gutes Indiz für die Aktivität des Bodenlebens ist. So konnte die Jungforscherin zum Beispiel bei Böden im Laubwald eine deutlich höhere mikrobielle Aktivität feststellen, verglichen mit den Böden eines Nadelwaldes. Bei den Ackerböden zeigte sich, dass es eine Vielzahl von Parametern gibt, die auf das Bodenleben einwirken. Analysen zu unterschiedlichen Jahreszeiten konnten beispielsweise belegen, dass Trockenheit zur Abnahme der Aktivität führt. Weitere Erkenntnisse könnten nun eine genauere Analyse der Böden wie auch des Mikrobengehalts bringen.",https://www.jugend-forscht.de/index.php?id=262&tx_smsjufoprojects_smsjufprojectdb%5Bproject%5D=7485&tx_smsjufoprojects_smsjufprojectdb%5Baction%5D=show&tx_smsjufoprojects_smsjufprojectdb%5Bcontroller%5D=Project&cHash=dff67a820a5827c6d5f05b190ec4e0bc,2023,Geo- und Raumwissenschaften,Bayern
2023,Geo- und Raumwissenschaften,2023 | Geo- und Raumwissenschaften | Sachsen-Anhalt,Fossile Hölzer vom Lago Omodeo – Rekonstruktion eines autochthonen Tertiärwaldes,Inga Lovisa Endtmann,"Inga Lovisa Endtmann (17), Halle (Saale)Georg-Cantor-Gymnasium Halle (Saale)
3. Preis Geo- und RaumwissenschaftenPreisstifter: stern
Fossile Hölzer vom Lago Omodeo – Rekonstruktion eines autochthonen Tertiärwaldes
Der Lago Omodeo in Zentralsardinien ist als Fundort fossiler Hölzer bekannt. Ob die Bäume einst tatsächlich in der Gegend des Stausees standen, war hingegen lange Zeit unklar. Inga Lovisa Endtmann untersuchte das Gebiet und entdeckte Fundstellen, die in der Literatur noch nicht erwähnt waren. So gelang ihr der Nachweis von insgesamt 37 fossilen Hölzern, darunter Laubhölzer, Nadelhölzer und Palmen. Eine signifikante Anzahl wurde in aufrechter Position gefunden, was als Indiz für einen autochthonen, also einen einst vor Ort existierenden Wald gilt. Da das örtliche Gestein aus vulkanischen Aschen aus dem Erdzeitalter des Miozäns besteht, schließt die Jungforscherin, dass es dort in der betreffenden Epoche Wald gab. Das wäre damit deutlich länger der Fall als bislang angenommen.",https://www.jugend-forscht.de/index.php?id=262&tx_smsjufoprojects_smsjufprojectdb%5Bproject%5D=7487&tx_smsjufoprojects_smsjufprojectdb%5Baction%5D=show&tx_smsjufoprojects_smsjufprojectdb%5Bcontroller%5D=Project&cHash=96178f6f6b1fc59505e4b1b0a3405951,2023,Geo- und Raumwissenschaften,Sachsen-Anhalt
2023,Geo- und Raumwissenschaften,2023 | Geo- und Raumwissenschaften | Mecklenburg-Vorpommern,Implikationen eines Exoplaneten auf die Spin-Evolution eines isolierten Pulsars,"Bent Gröschner, 
									
										Emilia Lucia Träger Artigas, 
									
										Weda Zeug","Bent Gröschner (18, rechts), RostockJenaplanschule Rostock
Emilia Lucia Träger Artigas (18, Mitte), RostockJenaplanschule Rostock
Weda Zeug (18, links), RostockJenaplanschule Rostock
Implikationen eines Exoplaneten auf die Spin-Evolution eines isolierten Pulsars
Bent Gröschner, Emilia Lucia Träger Artigas und Weda Zeug untersuchten Exoplaneten, das sind Planeten außerhalb unseres Sonnensystems. Die ersten Exoplaneten wurden um einen Pulsar gefunden. Ein Pulsar ist ein schnell rotierender Neutronenstern, der nach einer Supernova entsteht und einen charakteristischen Eigendrehimpuls zeigt. Dieser Spin ist von der Erde aus als Blinken zu erkennen. Die Jungforschenden gingen der Frage nach, ob Exoplaneten zur Untersuchung des Spins genutzt werden können. Dabei fanden sie einen Zusammenhang zwischen der Evolution des Spins und der Bahn des Exoplaneten. Da sich die Bedingungen in einem Pulsar mit seinen starken Magnetfeldern und hohen Dichten auf der Erde nicht nachstellen lassen, können ihre Beobachtungen helfen, unser Wissen über die Funktionsweise des Universums zu erweitern.",https://www.jugend-forscht.de/index.php?id=262&tx_smsjufoprojects_smsjufprojectdb%5Bproject%5D=7494&tx_smsjufoprojects_smsjufprojectdb%5Baction%5D=show&tx_smsjufoprojects_smsjufprojectdb%5Bcontroller%5D=Project&cHash=afd5bea44721ca94429d7c46e5b602ce,2023,Geo- und Raumwissenschaften,Mecklenburg-Vorpommern
2023,Geo- und Raumwissenschaften,2023 | Geo- und Raumwissenschaften | Bremen,KI-unterstützte Fernerkundung – ein Verfahren hoher Genauigkeit?,Jasper Eggert,"Jasper Eggert (18), BremenÖkumenisches Gymnasium zu Bremen
Preis für eine originelle Arbeit auf dem Gebiet der InformatikPreisstifter: Konrad-Zuse-Gesellschaft e. V.
KI-unterstützte Fernerkundung – ein Verfahren hoher Genauigkeit?
Bei der Fernerkundung der Erde per Satellit entstehen riesige Datenmengen, die durch den Menschen nicht mehr vollumfänglich ausgewertet werden können. Hier müssen folglich Algorithmen helfen, die die Teilflächen der Bilder klassifizieren. Jasper Eggert nutzte Verfahren der künstlichen Intelligenz, um die einzelnen Pixel der Satellitenbilder seines Untersuchungsgebiets im Bereich der Weser- und Elbmündung nach Land-, Wasser- und Wattflächen zu differenzieren. Die Unterscheidung ist dabei möglich, weil jede Art von Fläche eine eigene Spektralsignatur aufweist, also eine charakteristische Art, die Wellenlängen zu reflektieren. Mit seinen Verfahren gelang dem Jungforscher eine automatisierte Flächenanalyse, auch wenn bei kleinen Objekten noch gelegentlich Fehlinterpretationen auftraten.",https://www.jugend-forscht.de/index.php?id=262&tx_smsjufoprojects_smsjufprojectdb%5Bproject%5D=7500&tx_smsjufoprojects_smsjufprojectdb%5Baction%5D=show&tx_smsjufoprojects_smsjufprojectdb%5Bcontroller%5D=Project&cHash=e59f8f7baa5c41f9670fa4e0009f5869,2023,Geo- und Raumwissenschaften,Bremen
2023,Geo- und Raumwissenschaften,2023 | Geo- und Raumwissenschaften | Berlin,Künstliche Huminstoffe – als ökologischer Dünger geeignet?,"Anabel Richter, 
									
										Estella Lützen","Anabel Richter (15, links), BerlinRomain-Rolland-Gymnasium, Berlin
Estella Lützen (16, rechts), BerlinRomain-Rolland-Gymnasium, Berlin
Preis für eine Arbeit zum Thema ""Nachwachsende Rohstoffe""Preisstifter: Bundesminister für Ernährung und Landwirtschaft Cem Özdemir, MdB
Künstliche Huminstoffe – als ökologischer Dünger geeignet?
Zur Verbesserung der Erträge im Gartenbau wird häufig Torf eingesetzt. Bei dessen Abbau werden jedoch ökologisch wertvolle Hochmoore zerstört. Anabel Richter und Estella Lützen setzten daher auf künstliche Huminstoffe als Alternative. Diese erzeugten sie im Labor, indem sie Bioabfälle, zum Beispiel Kartoffelschalen, in einem Reaktor zersetzten. Anschließend konnten die Jungforscherinnen in Experimenten belegen, dass ihre selbst hergestellten Huminsäuren die Wasserspeicherkapazität des Bodens deutlich erhöhten, was zudem bei Starkregen das Risiko von Hochwasser mindern kann. Versuche mit Kräutern, die verbessertes Pflanzenwachstum durch den Zusatz von Huminstoffen im Boden belegen sollten, brachten allerdings nicht das gewünschte Ergebnis, weshalb weitere Analysen erforderlich sind.",https://www.jugend-forscht.de/index.php?id=262&tx_smsjufoprojects_smsjufprojectdb%5Bproject%5D=7502&tx_smsjufoprojects_smsjufprojectdb%5Baction%5D=show&tx_smsjufoprojects_smsjufprojectdb%5Bcontroller%5D=Project&cHash=c07666ff2f14339ff0a51cd719dc6f21,2023,Geo- und Raumwissenschaften,Berlin
2023,Geo- und Raumwissenschaften,2023 | Geo- und Raumwissenschaften | Baden-Württemberg,Meteore – Vergleich des Verlaufs ihrer Video- und Radiosignale,Linus Sorg,"Linus Sorg (16), GeislingenGymnasium Balingen
Progymnasium Rosenfeld
Preis für eine Arbeit auf dem Gebiet der Luft- und RaumfahrtPreisstifter: Deutsches Zentrum für Luft- und Raumfahrt
Meteore – Vergleich des Verlaufs ihrer Video- und Radiosignale
Jedes Jahr gehen unzählige Meteore auf die Erde nieder. Um sie zu erfassen, sind an manchen Orten Videokameras in den Himmel gerichtet. Das Auswerten ihrer Bilder mit bloßem Auge ist allerdings eine mühselige Angelegenheit. Um solche Aufnahmen automatisch analysieren zu können, entwickelte Linus Sorg in seinem Forschungsprojekt eine KI-Software. Bei einem Test konnte er damit mehr als 80 Prozent aller per Auge erkennbaren Sternschnuppen aufspüren. Darüber hinaus nahm der Jungforscher das Phänomen unter die Lupe, dass Meteore die Signale von irdischen Radiosendern reflektieren können. Diese „Radioechos“ nahm er mit einer Antenne auf und glich sie mit gleichzeitig aufgenommenen Videobildern ab. Im Ergebnis machten sich bis zu 30 Prozent der Meteore auch per Radiosignal bemerkbar.",https://www.jugend-forscht.de/index.php?id=262&tx_smsjufoprojects_smsjufprojectdb%5Bproject%5D=7510&tx_smsjufoprojects_smsjufprojectdb%5Baction%5D=show&tx_smsjufoprojects_smsjufprojectdb%5Bcontroller%5D=Project&cHash=2be8e5be5e4117e57c09439437f705bb,2023,Geo- und Raumwissenschaften,Baden-Württemberg
2023,Geo- und Raumwissenschaften,2023 | Geo- und Raumwissenschaften | Thüringen,Mit QR-Codes durch Stadtroda,"Maike Gräfenstein, 
									
										Emilie Gräfe, 
									
										Charlize Opitz","Maike Gräfenstein (18, links), OberbodnitzStaatliches Gymnasium ""Johann Heinrich Pestalozzi"" Stadtroda
Emilie Gräfe (18, Mitte), StadtrodaStaatliches Gymnasium ""Johann Heinrich Pestalozzi"" Stadtroda
Charlize Opitz (18, rechts), QuirlaStaatliches Gymnasium ""Johann Heinrich Pestalozzi"" Stadtroda
Mit QR-Codes durch Stadtroda
Digitale Stadtführungen müssen sich nicht auf Großstädte beschränken. Maike Gräfenstein, Emilie Gräfe und Charlize Opitz erstellten ein solches Angebot für die Kleinstadt Stadtroda. An zwölf Sehenswürdigkeiten brachten sie Tafeln mit QR-Codes an, mit denen die Besuchenden bei Interesse jeweils auf eine Internetseite geleitet werden, auf der der Standort und seine Historie beschrieben sind. Um ein möglichst spezifisches Angebot für Touristinnen und Touristen zu schaffen, bereiteten die Jungforscherinnen die Informationen jeweils für vier verschiedene Altersklassen auf, vom Kind bis zu älteren Menschen. Dabei stützten sie sich auf Umfragen, mit denen sie zuvor das Interesse der betreffenden Zielgruppen analysiert hatten. Das Angebot könnte künftig in Stadtroda das Interesse an der Stadtgeschichte fördern.",https://www.jugend-forscht.de/index.php?id=262&tx_smsjufoprojects_smsjufprojectdb%5Bproject%5D=7512&tx_smsjufoprojects_smsjufprojectdb%5Baction%5D=show&tx_smsjufoprojects_smsjufprojectdb%5Bcontroller%5D=Project&cHash=dd436fc78c00022ed21f6e6d3dc45851,2023,Geo- und Raumwissenschaften,Thüringen
2023,Geo- und Raumwissenschaften,2023 | Geo- und Raumwissenschaften | Niedersachsen,Modellierung eines innovativen Nahverkehrsnetzes für Osnabrück,Tim Kiebert,"Tim Kiebert (15), OsnabrückErnst-Moritz-Arndt-Gymnasium, Osnabrück
2. Preis Geo- und RaumwissenschaftenPreisstifter: stern
Modellierung eines innovativen Nahverkehrsnetzes für Osnabrück
Der innerstädtische Nahverkehr kann sehr unterschiedlich organisiert sein. Buslinien können sternförmig ins Zentrum führen oder die Stadt durch konzentrische Ringe erschließen. Möglich ist zudem die Schaffung von Stadtteillinien, die wiederum miteinander vernetzt sind. Auch vielfältige Mischformen sind denkbar. Tim Kiebert simulierte mit einer Software das Osnabrücker Straßennetz, um eine optimale Linienstruktur zu finden, die die Fahrzeiten kurz hält und eine hohe Auslastung der Fahrzeuge sicherstellt. Am besten schnitt sein Konzept „Stadtteilsammelmodell mit Plus“ ab. Dabei werden die Stadtteile miteinander vernetzt und über Umsteigepunkte an eine plusförmige Schnellverbindung in die Stadtmitte angebunden. Die Analysen können nun helfen, den Nahverkehr in Osnabrück attraktiver zu gestalten.",https://www.jugend-forscht.de/index.php?id=262&tx_smsjufoprojects_smsjufprojectdb%5Bproject%5D=7514&tx_smsjufoprojects_smsjufprojectdb%5Baction%5D=show&tx_smsjufoprojects_smsjufprojectdb%5Bcontroller%5D=Project&cHash=861b3fa58df8ae24f48629af3e1b3fc1,2023,Geo- und Raumwissenschaften,Niedersachsen
2023,Geo- und Raumwissenschaften,2023 | Geo- und Raumwissenschaften | Baden-Württemberg,Realisierung eines Geodatenerfassungs- und Auswertungssystems am Beispiel Feinstaub,"Felix Hörner, 
									
										Felix Makartsev, 
									
										Michel Weber","Felix Hörner (17, rechts), KarlsruheLessing-Gymnasium, Karlsruhe
Felix Makartsev (18, Mitte), KarlsruheLessing-Gymnasium, Karlsruhe
Michel Weber (17, links), KarlsruheLessing-Gymnasium, Karlsruhe
Bundessieg1. Preis Geo- und RaumwissenschaftenPreisstifter: stern
Realisierung eines Geodatenerfassungs- und Auswertungssystems am Beispiel Feinstaub
Das Fahrrad kann bei der täglichen Fahrt durch die Stadt auch zur Erfassung von Geodaten eingesetzt werden. Felix Hörner, Felix Makartsev und Michel Weber konstruierten ein kompaktes Messsystem, das kontinuierlich Daten zur Luftqualität ermittelt und diese zusammen mit weiteren Parametern und den jeweiligen GPS-Koordinaten an einen Server sendet. Dort stehen sie zur weiteren Auswertung über ein geografisches Informationssystem unmittelbar zur Verfügung. Die Jungforscher testeten ihr Gerät exemplarisch an Feinstaubdaten, die sie während ihrer Fahrradfahrten durch Karlsruhe sammelten. Das System ist so konstruiert, dass auch Laien es ohne Probleme am Rad befestigen und einsetzen können. Die erhobenen Daten stehen dann als Grundlage für künftige stadtplanerische Entscheidungen zur Verfügung.",https://www.jugend-forscht.de/index.php?id=262&tx_smsjufoprojects_smsjufprojectdb%5Bproject%5D=7527&tx_smsjufoprojects_smsjufprojectdb%5Baction%5D=show&tx_smsjufoprojects_smsjufprojectdb%5Bcontroller%5D=Project&cHash=4abc356a98a2ec22335ae5c4ca954548,2023,Geo- und Raumwissenschaften,Baden-Württemberg
2023,Geo- und Raumwissenschaften,2023 | Geo- und Raumwissenschaften | Berlin,Seilbahnen in Berlin – ein Vorschlagsalgorithmus für sinnvolle ÖPNV-Erweiterungen,"Aleksander Pabis, 
									
										Mohammad Ali Hassani","Aleksander Pabis (17, links), BerlinEckener-Gymnasium, Berlin
Mohammad Ali Hassani (18, rechts), BerlinEckener-Gymnasium, Berlin
Preis für eine Arbeit auf dem Gebiet der GeographiePreisstifter: Deutsche Gesellschaft für Geographie e. V.
Seilbahnen in Berlin – ein Vorschlagsalgorithmus für sinnvolle ÖPNV-Erweiterungen
Seilbahnen können in Stadtzentren Straßen und Bahnverbindungen entlasten. Vor diesem Hintergrund befassten sich Aleksander Pabis und Mohammad Ali Hassani mit dem öffentlichen Verkehrsnetz der Metropolregion Berlin und analysierten es mit bekannten statistischen Verfahren. Dabei ergaben sich für die einzelnen S- und U-Bahn-Stationen jeweils Kennwerte, die für die Bedeutung der Haltestellen im komplexen Liniensystem stehen. So konnten die Jungforscher unter anderem wichtige S- und U-Bahn-Knotenpunkte ermitteln. Auf dieser Grundlage gewannen sie fundierte Einblicke in die Komplexität der städtischen Verkehrsinfrastruktur in Berlin. Diese Ergebnisse könnten im nächsten Schritt als Ausgangspunkt für einen konkreten Vorschlag einer Trasse dienen, die sich in Berlin für eine Seilbahn eignet.",https://www.jugend-forscht.de/index.php?id=262&tx_smsjufoprojects_smsjufprojectdb%5Bproject%5D=7532&tx_smsjufoprojects_smsjufprojectdb%5Baction%5D=show&tx_smsjufoprojects_smsjufprojectdb%5Bcontroller%5D=Project&cHash=5ded81f9355f8148245fffbcc387777c,2023,Geo- und Raumwissenschaften,Berlin
2023,Geo- und Raumwissenschaften,2023 | Geo- und Raumwissenschaften | Sachsen,Untersuchung der horizontalen Ausrichtung des Erdmagnetfeldes,Kai Richard Probst,"Kai Richard Probst (16), RadebergHumboldt-Gymnasium Radeberg
Preis für eine originelle Arbeit auf dem Gebiet der GeowissenschaftenPreisstifter: Deutsche Geologische GesellschaftGeologische Vereinigung
Untersuchung der horizontalen Ausrichtung des Erdmagnetfeldes
Das Erdmagnetfeld ist der Bereich um die Erde, in dem magnetische Kräfte wirken. Kai Richard Probst gelang es mit einem simplen und geländetauglichen Messaufbau, die Horizontalkomponente, also die horizontale Ausrichtung des Erdmagnetfeldes zu ermitteln. Er nahm Messungen an zwei Orten in den Alpen vor. Seine Daten aus dem Öztal zeigten tatsächlich eine starke, bislang unbekannte magnetische Anomalie. Sie ist auf die geologische Beschaffenheit des Bodens zurückzuführen. Chemische Analysen einer Gesteinsprobe bestätigten einen hohen Eisengehalt. Daraus schließt der Jungforscher, dass örtliche geologische Verhältnisse einen großen Einfluss auf das Erdmagnetfeld haben können. Informationen zu Abweichungen im Magnetfeld sind auch für Wanderer wichtig, denn sie können zu Fehlern bei der Kompassanzeige führen.",https://www.jugend-forscht.de/index.php?id=262&tx_smsjufoprojects_smsjufprojectdb%5Bproject%5D=7542&tx_smsjufoprojects_smsjufprojectdb%5Baction%5D=show&tx_smsjufoprojects_smsjufprojectdb%5Bcontroller%5D=Project&cHash=8a70c3587a4fc3cafa14c41abe182317,2023,Geo- und Raumwissenschaften,Sachsen
2023,Geo- und Raumwissenschaften,2023 | Geo- und Raumwissenschaften | Rheinland-Pfalz,Untersuchung von Wassermäandern,Matthis Straßer,"Matthis Straßer (15), BannBurggymnasium Kaiserslautern
Preis für eine Arbeit auf dem Gebiet des geowissenschaftlichen UnterrichtsPreisstifter: Verband Deutscher Schulgeographen e. V.
Untersuchung von Wassermäandern
Nicht nur natürliche Flussläufe sind durch Schlingen gekennzeichnet. Auch auf einer glatten Glasscheibe nimmt Wasser häufig nicht den direkten Weg nach unten, sondern bildet gewundene Mäander aus, wie Matthis Straßer  beobachtete. Um diesem Phänomen auf den Grund zu gehen, untersuchte er den Wasserfluss auf einer Plexiglasplatte in Abhängigkeit von deren Neigung und von der Wassermenge. Durch Einfärben des Wassers konnte der Jungforscher auch Teilströmungen innerhalb des Wasserflusses nachweisen. So kam er zu dem Ergebnis, dass es mikroskopische Unebenheiten und Verschmutzungen auf der Glasplatte sind, die Mäander auslösen, was im physikalischen Sinne ein chaotischer Prozess ist. Die Rolle konkreter Verschmutzungen – etwa von Fingerabdrücken – soll noch weiter untersucht werden.",https://www.jugend-forscht.de/index.php?id=262&tx_smsjufoprojects_smsjufprojectdb%5Bproject%5D=7544&tx_smsjufoprojects_smsjufprojectdb%5Baction%5D=show&tx_smsjufoprojects_smsjufprojectdb%5Bcontroller%5D=Project&cHash=889aa11bc568f3b1b8f29ad585b9d377,2023,Geo- und Raumwissenschaften,Rheinland-Pfalz
2023,Geo- und Raumwissenschaften,2023 | Geo- und Raumwissenschaften | Hessen,Variable Klimasimulationen mit Deep Learning,Lilly Schwarz,"Lilly Schwarz (15), FritzlarSchülerForschungsZentrum Nordhessen der Universität Kassel
5. Preis Geo- und RaumwissenschaftenPreisstifter: stern
Variable Klimasimulationen mit Deep Learning
Bei neuronalen Netzen handelt es sich um Programme, die anhand vorhandener Daten selbstständig lernen. Sie sind ein Zweig der künstlichen Intelligenz. Lilly Schwarz schrieb eine Simulation in der Programmiersprache Python, die das Weltklima vorausberechnet, nachdem es mit historischen Daten der vergangenen Jahrhunderte trainiert wurde. Basis der Algorithmen ist die globale Strahlungsbilanz, die sich durch Treibhausgase wie CO2verändert. Das System prognostiziert abhängig von den angenommenen CO2-Werten die globalen Temperaturen oder auch das Niveau des Meeresspiegels. Die Ergebnisse stimmen recht gut mit den Simulationen des Weltklimarats IPCC überein, wobei die Jungforscherin darauf verweist, dass ihr System ohne viel Aufwand flexibel an veränderte CO2-Emissionen angepasst werden kann.",https://www.jugend-forscht.de/index.php?id=262&tx_smsjufoprojects_smsjufprojectdb%5Bproject%5D=7545&tx_smsjufoprojects_smsjufprojectdb%5Baction%5D=show&tx_smsjufoprojects_smsjufprojectdb%5Bcontroller%5D=Project&cHash=2085024d5b21c3f25a317f4f8cf59eb2,2023,Geo- und Raumwissenschaften,Hessen
2022,Physik,2022 | Physik | Berlin,Boycott Effect,"Antonia Macha, 
									
										Katharina Jane Horn-Phenix","Antonia Macha (16, links), BerlinHerder-Gymnasium Berlin, Berlin
Katharina Jane Horn-Phenix (16, rechts), BerlinHerder-Gymnasium Berlin, Berlin
Boycott Effect
Ist ein Reagenzglas mit Wasser gefüllt, in dem kleine Partikel schwimmen, lässt sich ein erstaunlicher Effekt beobachten. Wird das Glas nämlich schräg gehalten, sinken die Partikel schneller zu Boden, als wenn es senkrecht steht. Der britische Naturforscher Arthur Boycott hatte dieses Phänomen als Erster entdeckt – doch erklären konnte er es damals nicht. Genau das gelang nun Antonia Macha und Katharina Jane Horn-Phenix. Sie entwickelten eine theoretische Beschreibung, die sie anschließend durch ein Experiment mit gelöster Speisestärke überprüften. Demnach ist der Effekt unter anderem dadurch begründet, dass sich einige der Partikel relativ rasch an der schräg stehenden Glaswand absetzen und andere Partikel dadurch nicht mehr beim Absinken behindern können.",https://www.jugend-forscht.de/index.php?id=262&tx_smsjufoprojects_smsjufprojectdb%5Bproject%5D=7344&tx_smsjufoprojects_smsjufprojectdb%5Baction%5D=show&tx_smsjufoprojects_smsjufprojectdb%5Bcontroller%5D=Project&cHash=7f0131ee3879c870cc92636e0bb16cd4,2022,Physik,Berlin
2022,Physik,2022 | Physik | Sachsen,Die energetische Effizienz von unterschiedlichen Elektroheizungen,Yara Oberender,"Yara Oberender (16), NiederwürschnitzCarl-von-Bach-Gymnasium, Stollberg
Die energetische Effizienz von unterschiedlichen Elektroheizungen
Bislang sind in den meisten Gebäuden Öl- oder Gasheizungen eingebaut. Doch im Zuge der Energiewende werden elektrische Heizungen immer interessanter, denn sie lassen sich emissionsfrei mit Strom aus erneuerbaren Energiequellen betreiben. Doch welche Art von Elektroheizung ist am effizientesten? Dieser Frage widmete sich Yara Oberender in ihrem Forschungsprojekt. In mehreren Versuchsreihen verglich sie einen Heizlüfter, einen Radiator sowie eine Infrarotheizung miteinander und analysierte dabei Energieverbrauch und Aufheizverhalten. Zu ihrer Überraschung schnitt nicht etwa der Radiator am besten ab, sondern der Infrarotstrahler. Er verbrauchte im Vergleich zu den beiden anderen Heizmethoden rund 20 Prozent weniger Energie, um in einem Raum die gewünschte Temperatur zu halten.",https://www.jugend-forscht.de/index.php?id=262&tx_smsjufoprojects_smsjufprojectdb%5Bproject%5D=7355&tx_smsjufoprojects_smsjufprojectdb%5Baction%5D=show&tx_smsjufoprojects_smsjufprojectdb%5Bcontroller%5D=Project&cHash=6d347ec06a539b66c10e417d956ca9b6,2022,Physik,Sachsen
2022,Physik,2022 | Physik | Niedersachsen,Die weiße LED: Weiß ist nicht gleich weiß,Nele Drüner,"Nele Drüner (16), EmdenJohannes-Althusius-Gymnasium Emden
Hochschule Emden/Leer, Emden
SonderpreisEinladung zum London International Youth Science ForumPreisstifter: Ernst A. C. Lange-Stiftung
Preis für eine Arbeit auf dem Gebiet der Elektronik, Energie- oder InformationstechnikPreisstifter: VDE Verband der Elektrotechnik Elektronik Informationstechnik e. V.
Die weiße LED: Weiß ist nicht gleich weiß
Die äußerst haltbare und effiziente Leuchtdiode (LED) hat sich heute als Leuchtmittel weitgehend durchgesetzt. Mittlerweile stehen unterschiedliche Farbtöne zur Verfügung – von einem relativ warmen bis hin zu einem kalten, blaustichigen Weiß. Um dieses Farbspiel systematisch zu untersuchen, stellte sich Nele Drüner ihre eigenen weißen LEDs her, indem sie das Licht von blauen LEDs durch ein Glasplättchen schickte, das mit Leuchtstoffen beschichtet war. Diese wandelten das blaue Licht in weißes um, das anschließend mit einem Spezialsensor analysiert wurde. Die Jungforscherin untersuchte verschiedene Kombinationen aus Farbstoffen und blauen LEDs. Dabei stellte sie fest, dass viel kleinere Farbtemperaturschritte zwischen Warmweiß und Kaltweiß möglich sind, als sie bei handelsüblichen LEDs zu finden sind.",https://www.jugend-forscht.de/index.php?id=262&tx_smsjufoprojects_smsjufprojectdb%5Bproject%5D=7359&tx_smsjufoprojects_smsjufprojectdb%5Baction%5D=show&tx_smsjufoprojects_smsjufprojectdb%5Bcontroller%5D=Project&cHash=76b468b383149b5c61ba3d1e8f1c7a85,2022,Physik,Niedersachsen
2022,Physik,2022 | Physik | Saarland,"Effizienter, unkomplizierter Luftwärmetauscher","Sophie Weber, 
									
										Hannah Kutsch","Sophie Weber (16, links), SchmelzGeschwister-Scholl-Gymnasium, Lebach
Hannah Kutsch (16, rechts), HeusweilerGeschwister-Scholl-Gymnasium, Lebach
Effizienter, unkomplizierter Luftwärmetauscher
In der Coronapandemie wurde es zur Pflicht, in Schulen regelmäßig zu lüften. Gerade im Winter kann das jedoch lästig sein, weil das Klassenzimmer wegen der offenen Fenster auskühlt. Hier könnte die Konstruktion helfen, die Sophie Weber und Hannah Kutsch entwickelten: Ein Ventilator befördert dabei Frischluft durch ein Rohr, eine Heizlampe erwärmt diese Luft, die dann in den Raum gepustet wird. Gleichzeitig wird die Abluft aus dem Raum entfernt, sodass tatsächlich ein Luftaustausch stattfindet. Um zu zeigen, dass das Prinzip funktioniert, bauten die Jungforscherinnen ein Modell aus Messing- und Abflussrohren sowie einem simplen Handventilator. Die anschließenden Tests zeigten, dass sich ein Klassenzimmer mit ihrer Technik durchaus energieeffizient lüften lassen sollte.",https://www.jugend-forscht.de/index.php?id=262&tx_smsjufoprojects_smsjufprojectdb%5Bproject%5D=7362&tx_smsjufoprojects_smsjufprojectdb%5Baction%5D=show&tx_smsjufoprojects_smsjufprojectdb%5Bcontroller%5D=Project&cHash=44e5e1e7a47454a8bc6a6324cabbab98,2022,Physik,Saarland
2022,Physik,2022 | Physik | Bremen,Entwicklung eines Prüfstands zur Raketentreibsatz-Schubrichtungs-Abweichungsanalyse,Jannik Hedel,"Jannik Hedel (18), GeestlandSchulzentrum Carl von Ossietzky, Bremerhaven
Preis für eine Arbeit auf den Gebieten der Naturwissenschaften und der TechnikPreisstifter: Wilhelm und Else Heraeus-Stiftung
Entwicklung eines Prüfstands zur Raketentreibsatz-Schubrichtungs-Abweichungsanalyse
Bevor ein neuer Raketentyp starten kann, muss er zunächst am Boden getestet werden. Insbesondere die Triebwerke werden dabei auf Testständen geprüft, bei denen die Rakete zwar zündet, aber nicht abhebt, weil sie festgehalten wird. Jannik Hedel konstruierte einen solchen Prüfstand, um damit Modellraketen zu testen. Die Baupläne entwickelte er am Computer und stellte die wesentlichen Teile per 3-D-Druck her. Als Sensoren dienten ihm drei elektronische Miniwaagen, zusätzlich beobachteten zwei Kameras die Tests in Zeitlupe. Der Jungforscher zündete drei kleine Raketentreibsätze und stellte fest, dass deren Schub nicht etwa senkrecht nach unten zielte, sondern einen seitlichen Drall von bis zu zwei Grad aufwies. Bei einem richtigen Start hätte die Modellrakete daher leicht schräg abgehoben.",https://www.jugend-forscht.de/index.php?id=262&tx_smsjufoprojects_smsjufprojectdb%5Bproject%5D=7366&tx_smsjufoprojects_smsjufprojectdb%5Baction%5D=show&tx_smsjufoprojects_smsjufprojectdb%5Bcontroller%5D=Project&cHash=65d93a9a0eafb63770decc66c1416da1,2022,Physik,Bremen
2022,Physik,2022 | Physik | Hessen,Fraktale Dimension chaotischer Attraktoren,Jason Luke von Juterczenka,"Jason Luke von Juterczenka (16), CaldenSchülerForschungsZentrum Nordhessen, Kassel
5. Preis PhysikPreisstifter: Max-Planck-Gesellschaft zur Förderung der Wissenschaften e. V.
Fraktale Dimension chaotischer Attraktoren
In der Physik versteht man unter Chaos etwas ganz Bestimmtes: Systeme, bei denen schon kleinste Ursachen ausreichen können, um enorme Wirkungen zu erzielen. Viel zitiertes Beispiel ist der Schmetterling in Brasilien, der durch seinen Flügelschlag in Texas einen Wirbelsturm auslösen kann. Diese Art chaotischer Prozesse nahm Jason Luke von Juterczenka in seinem Forschungsprojekt unter die Lupe. Zunächst untersuchte er das Phänomen theoretisch. Dann analysierte er es mithilfe eines speziellen Drehpendels, das unter bestimmten Umständen begann, ganz und gar regellos auszuschlagen. Dadurch gelang es dem Jungforscher, den Weg ins Chaos mathematisch präzise nachzuzeichnen und typische Bedingungen zu identifizieren, unter denen ein System chaotisch wird – buchstäblich also unberechenbar.",https://www.jugend-forscht.de/index.php?id=262&tx_smsjufoprojects_smsjufprojectdb%5Bproject%5D=7376&tx_smsjufoprojects_smsjufprojectdb%5Baction%5D=show&tx_smsjufoprojects_smsjufprojectdb%5Bcontroller%5D=Project&cHash=1b818dfbf256a4116712c6c63fcee27f,2022,Physik,Hessen
2022,Physik,2022 | Physik | Mecklenburg-Vorpommern,Gesetze und Anwendungen von optischen Abbildungen von zwei oder mehreren Planspiegeln,Chengshang Liu,"Chengshang Liu (16), Torgelow am SeeSchloss Torgelow
Gesetze und Anwendungen von optischen Abbildungen von zwei oder mehreren Planspiegeln
Ein Spiegelkabinett ermöglicht verblüffende optische Eindrücke: Je nach Standort sieht man sich selbst doppelt, drei- oder vierfach – oder unendlich viele Male hintereinander. Chengshang Liu nahm dieses Phänomen genauer unter die Lupe: Zunächst entwickelte er eine mathematische Theorie, die beschreibt, welche Wege das Licht nimmt, wenn es von mehreren Spiegeln reflektiert wird. Um herauszufinden, wie man die Spiegel konkret aufstellen muss, um einen bestimmten Effekt zu erzielen, nutzte der Jungforscher eine Computersimulation. Seine Ergebnisse setzte er anschließend in die Praxis um und schuf dabei Spiegelkonstellationen, die Zwillings- und Drillingsbilder erzeugen, aber auch Dutzende von „Klonbildern“. Verwenden ließen sich solche optischen Gimmicks zum Beispiel in Museen oder Theatern.",https://www.jugend-forscht.de/index.php?id=262&tx_smsjufoprojects_smsjufprojectdb%5Bproject%5D=7378&tx_smsjufoprojects_smsjufprojectdb%5Baction%5D=show&tx_smsjufoprojects_smsjufprojectdb%5Bcontroller%5D=Project&cHash=dad864dbed1647632b45291cedd89acc,2022,Physik,Mecklenburg-Vorpommern
2022,Physik,2022 | Physik | Brandenburg,Gesteuerte Wasserrakete,"Moritz Erbe, 
									
										Marvin Waldmann","Moritz Erbe (18, links), BriesenMax-Steenbeck-Gymnasium, Cottbus
Marvin Waldmann (18, rechts), GroßräschenMax-Steenbeck-Gymnasium, Cottbus
Gesteuerte Wasserrakete
Wasserraketen sind faszinierende Flugobjekte. Durch Druckluft stoßen sie einen nach unten gerichteten Wasserstrahl aus und können durch den entstehenden Rückstoß erstaunliche Höhen erreichen. Moritz Erbe und Marvin Waldmann bauten ein besonders raffiniertes Exemplar eines solchen Flugkörpers. Zum einen statteten sie ihre Rakete mit einer Lenkung aus, bei der motorbetriebene Finnen für eine senkrechte Flugbahn sorgen. Zum anderen konstruierten die beiden Jungforscher einen sensorgesteuerten Fallschirm, der sich während des Herabfallens der Rakete automatisch öffnet, ausgelöst durch einen Messfühler, der den Luftdruck erfasst. Der Test ihrer Rakete war ein voller Erfolg. Sie erreichte eine Flughöhe von nahezu 55 Metern – und kehrte anschließend am Fallschirm unbeschadet zum Erdboden zurück.",https://www.jugend-forscht.de/index.php?id=262&tx_smsjufoprojects_smsjufprojectdb%5Bproject%5D=7379&tx_smsjufoprojects_smsjufprojectdb%5Baction%5D=show&tx_smsjufoprojects_smsjufprojectdb%5Bcontroller%5D=Project&cHash=927a2a6622684ebbac533f3aae1a46d9,2022,Physik,Brandenburg
2022,Physik,2022 | Physik | Rheinland-Pfalz,Gravitation in der Praxis: das Swing-by-Manöver,Viola Weiskopf,"Viola Weiskopf (16), GuntersblumOtto-Schott-Gymnasium Mainz-Gonsenheim
Preis für eine Arbeit auf den Gebieten der Naturwissenschaften und der TechnikPreisstifter: Wilhelm und Else Heraeus-Stiftung
Gravitation in der Praxis: das Swing-by-Manöver
Raumsonden, die bestimme Planeten oder Monde in unserem Sonnensystem erkunden sollen, nutzen häufig ein besonderes Manöver, um auf ihrem Weg zu beschleunigen oder abzubremsen. Die Bodencrew lässt sie dabei gezielt in das Gravitationsfeld eines anderen Planeten eindringen, um dadurch entweder Schwung zu holen oder zu verlieren. Allerdings sind solche Swing-by-Manöver hochkomplex und daher schwierig zu berechnen. Doch Viola Weiskopf ließ sich nicht abschrecken. Sie errechnete die Flugbahn einer hypothetischen Raumsonde, die das äußere Sonnensystem erreichen und dabei im Schwerefeld von Jupiter Schwung holen soll. Trotz einiger mathematischer Vereinfachungen gerieten die Kalkulationen erstaunlich genau – das zeigte der Vergleich mit den Flugdaten realer Raumsonden.",https://www.jugend-forscht.de/index.php?id=262&tx_smsjufoprojects_smsjufprojectdb%5Bproject%5D=7382&tx_smsjufoprojects_smsjufprojectdb%5Baction%5D=show&tx_smsjufoprojects_smsjufprojectdb%5Bcontroller%5D=Project&cHash=2d56b6a8f1f61290649fe4b39265acd9,2022,Physik,Rheinland-Pfalz
2022,Physik,2022 | Physik | Baden-Württemberg,Let's Twist Again – die Physik des Rotationspendels,"Verona Miftari, 
									
										Florian Bauer","Verona Miftari (16), LörrachHans-Thoma-Gymnasium, Lörrach
Florian Bauer (15), LörrachHans-Thoma-Gymnasium, Lörrach
phaenovum Schülerforschungszentrum Lörrach-Dreiländereck
3. Preis PhysikPreisstifter: Max-Planck-Gesellschaft zur Förderung der Wissenschaften e. V.
Let's Twist Again – die Physik des Rotationspendels
Verbindet man zwei Metallkugeln mit einem verdrillten Gummiband, setzt sie auf eine flache Platte und lässt die Kugeln dann los, ist ein bemerkenswerter Effekt zu beobachten: In einer Pendelbewegung drehen sich beide Kugeln abwechselnd erst in die eine, dann in die andere Richtung. Verona Miftari und Florian Bauer nahmen das Phänomen genauestens unter die Lupe. Es gelang ihnen, die Bewegung dieses sogenannten Rotationspendels mathematisch zu beschreiben und auszurechnen, wie schnell die Pendelbewegung abläuft und wohin sich die Kugeln bewegen. Um ihre Theorie zu überprüfen, entwarfen die beiden einen Versuchsaufbau, bei dem sie das Hin- und Herrollen der Kugeln filmten und die Bilder dann per Software auswerteten – mit dem Resultat, dass Theorie und Experiment gut übereinstimmten.",https://www.jugend-forscht.de/index.php?id=262&tx_smsjufoprojects_smsjufprojectdb%5Bproject%5D=7390&tx_smsjufoprojects_smsjufprojectdb%5Baction%5D=show&tx_smsjufoprojects_smsjufprojectdb%5Bcontroller%5D=Project&cHash=aed614e5378d2a3faeeae59f2ff25da0,2022,Physik,Baden-Württemberg
2022,Physik,2022 | Physik | Sachsen-Anhalt,Optimierung der Oberflächenprofile von Helix-Rotoren für Stand-Alone-Straßenlaternen,Anne Marie Bobes,"Anne Marie Bobes (15), Seehausen (Altmark)Markgraf-Albrecht-Gymnasium, Osterburg
Preis für eine Arbeit zum Thema ""Klimaschutz""Preisstifter: Bundesminister für Wirtschaft und Klimaschutz Dr. Robert Habeck, MdB
Optimierung der Oberflächenprofile von Helix-Rotoren für Stand-Alone-Straßenlaternen
Manche Straßenlaternen werden mit Solarenergie betrieben, die in einer Batterie gespeichert wird, sodass die Lampe nachts leuchten kann. Doch wenn im Winter die Tage kurz sind, reicht der Solarstrom häufig nicht aus und die Laterne muss zeitweise heruntergeregelt werden. Um dieses Manko zu beheben, verfolgte Anne Marie Bobes in ihrem Forschungsprojekt ein interessantes Konzept. Dabei wird die Solarlaterne zusätzlich mit einem schraubenförmigen Windrotor bestückt, der im Winter die fehlende Energie liefern soll. Um eine effiziente Form für diesen Helix-Rotor zu finden, simulierte die Jungforscherin verschiedene Rotorprofile im Computer und erprobte sie an einem selbst gebauten Teststand. Als vielversprechend erwies sich dabei ein Rotor, dessen Unterseite mit kleinen Schuppen besetzt war.",https://www.jugend-forscht.de/index.php?id=262&tx_smsjufoprojects_smsjufprojectdb%5Bproject%5D=7397&tx_smsjufoprojects_smsjufprojectdb%5Baction%5D=show&tx_smsjufoprojects_smsjufprojectdb%5Bcontroller%5D=Project&cHash=f5136a8669a4faba8010e8096b002998,2022,Physik,Sachsen-Anhalt
2022,Physik,2022 | Physik | Thüringen,Quantenpunkte aus der Küche,Julianna Marie Sierka,"Julianna Marie Sierka (16), JenaCarl-Zeiss-Gymnasium Jena
Quantenpunkte aus der Küche
Sie gelten als wichtige Bauelemente der Nanotechnologie: Quantenpunkte. Dabei handelt es sich um winzige Partikel aus Kohlenstoff oder Halbleitern, die in manchen Displays Verwendung finden und künftig Solarzellen und Laser verbessern könnten. Julianna Marie Sierka stellte sich ihre Quantenpunkte mithilfe von Küchenutensilien wie einem Mikrowellenherd selbst her. Aus Ameisensäure und Harnstoff konnte sie durch kurzes Erhitzen Quantenpunkte verschiedener Größe produzieren. Als die Jungforscherin die in Wasser aufgelösten Teilchen mit einer UV-Lampe bestrahlte, begannen die Punkte grün oder blau zu leuchten. Das intensivste Leuchten ging von Kohlenstoff-Quantenpunkten aus, die mit ein wenig Stickstoff gespickt waren. Nützlich sein könnte dieser Effekt für das Aufspüren versteckter Lecks in Wasserleitungen.",https://www.jugend-forscht.de/index.php?id=262&tx_smsjufoprojects_smsjufprojectdb%5Bproject%5D=7403&tx_smsjufoprojects_smsjufprojectdb%5Baction%5D=show&tx_smsjufoprojects_smsjufprojectdb%5Bcontroller%5D=Project&cHash=0c0b31a07bb3b9dcf31b04376bac96ee,2022,Physik,Thüringen
2022,Physik,2022 | Physik | Bayern,Synchronisierte Kerzen – Modellierung von thermofluiden gekoppelten Oszillatoren,"Rohan Walia, 
									
										Miro Joensuu","Rohan Walia (17, links), MünchenTechnische Universität München
Miro Joensuu (19, rechts), HeidelbergUniversität Heidelberg
Österreichisches Kompetenzzentrum für Didaktik der Physik, Universität Wien
2. Preis PhysikPreisstifter: Max-Planck-Gesellschaft zur Förderung der Wissenschaften e. V.
Synchronisierte Kerzen – Modellierung von thermofluiden gekoppelten Oszillatoren
Stehen mehrere brennende Kerzen dicht genug nebeneinander, kommt es zu einem bemerkenswerten Phänomen. Die Flammen synchronisieren sich – wird die eine größer, schrumpft die Flamme der Nachbarkerze. Rohan Walia und Miro Joensuu wollten diesen Effekt möglichst genau verstehen. Dazu leiteten sie die physikalischen Gleichungen her und simulierten das Geschehen am Computer. Anschließend überprüften die beiden Jungforscher ihre Berechnungen mithilfe eines Experiments, bei dem sie die Kerzenflammen mit einer Hochgeschwindigkeitskamera überwachten und den Wachsverbrauch per Waage ermittelten. Offenbar kommt das Wechselspiel der Kerzen vor allem dadurch zustande, dass eine wachsende Flamme ihrer Nachbarin kurzzeitig den Sauerstoff raubt und sie dadurch zum Schrumpfen bringt, so das Ergebnis der beiden.",https://www.jugend-forscht.de/index.php?id=262&tx_smsjufoprojects_smsjufprojectdb%5Bproject%5D=7417&tx_smsjufoprojects_smsjufprojectdb%5Baction%5D=show&tx_smsjufoprojects_smsjufprojectdb%5Bcontroller%5D=Project&cHash=7bf2ec3bc093cae1ca2f7c36e0e73455,2022,Physik,Bayern
2022,Physik,2022 | Physik | Schleswig-Holstein,Thermovoltaik neu überDacht,"Amelie Foshag, 
									
										Melina Isabel Blanco Lopez","Amelie Foshag (19, rechts), MünchenStiftung Louisenlund, Güby
Melina Isabel Blanco Lopez (19, links), Bad HonnefStiftung Louisenlund, Güby
Preis für eine Arbeit auf dem Gebiet der UmwelttechnikPreisstifter: Deutsche Bundesstiftung Umwelt
Thermovoltaik neu überDacht
Solarmodule auf dem Dach, die Licht in Strom verwandeln – Fachleute bezeichnen dieses Konzept als Fotovoltaik. Weniger bekannt ist die Thermovoltaik: Hier wandeln spezielle Zellen Wärme in elektrische Energie um. Amelie Foshag und Melina Isabel Blanco Lopez entwickelten ihre eigenen Thermovoltaik-Zellen, sogenannte Peltier-Elemente. Mithilfe eines Ofens und spezieller Gussformen stellten sie mehrere Thermoelemente von unterschiedlicher Materialzusammensetzung her. Bei Tests auf einem eigens konstruierten Prüfstand kam heraus, dass mit Aluminium bzw. Phosphat versetztes Silizium die besten Ergebnisse liefert. Nun wollen die beiden Jungforscherinnen ihre Zellen weiterentwickeln und an einen Pkw-Auspuff anbringen. Damit ließe sich dessen Abwärme clever nutzen, um Strom für die Autobatterie zu gewinnen.",https://www.jugend-forscht.de/index.php?id=262&tx_smsjufoprojects_smsjufprojectdb%5Bproject%5D=7418&tx_smsjufoprojects_smsjufprojectdb%5Baction%5D=show&tx_smsjufoprojects_smsjufprojectdb%5Bcontroller%5D=Project&cHash=7aac088cbc2258d8eab366d913395d1e,2022,Physik,Schleswig-Holstein
2022,Physik,2022 | Physik | Nordrhein-Westfalen,Untersuchung der waagerechten und vertikalen diamagnetischen Levitation,Carlos Steiner Navarro,"Carlos Steiner Navarro (18), SevillaDeutsche Schule Sevilla ""Albrecht Dürer""
Bundessieg1. Preis PhysikPreisstifter: Max-Planck-Gesellschaft zur Förderung der Wissenschaften e. V.
Untersuchung der waagerechten und vertikalen diamagnetischen Levitation
Magnete können sich bekanntlich kräftig anziehen und auch abstoßen. Diese Kräfte lassen sich für einen verblüffenden Effekt nutzen – das magnetische Schweben. Die große Herausforderung besteht allerdings darin, den schwebenden Magneten so in der Balance zu halten, dass er nicht herunterfällt. Carlos Steiner Navarro konnte diese Herausforderung durch einen raffinierten Trick meistern. Er verwendete eine Grafitplatte und setzte sie dem Feld starker Dauermagneten aus. Das rief in der Platte ein spezielles Magnetfeld hervor, mit dessen Hilfe sich ein kleiner Magnet zum beständigen Schweben bringen ließ – je nach Aufbau über oder neben der Platte. Darüber hinaus gelang es dem Jungforscher, diesen Effekt präzise zu berechnen und so vorherzusagen, an welchen Positionen stabiles Schweben möglich ist.",https://www.jugend-forscht.de/index.php?id=262&tx_smsjufoprojects_smsjufprojectdb%5Bproject%5D=7421&tx_smsjufoprojects_smsjufprojectdb%5Baction%5D=show&tx_smsjufoprojects_smsjufprojectdb%5Bcontroller%5D=Project&cHash=f6665943a8cbfbef71a37d584e0a3859,2022,Physik,Nordrhein-Westfalen
2022,Physik,2022 | Physik | Berlin,Vektormonitor-Steuereinheit,Mykolas Bamberg,"Mykolas Bamberg (16), BerlinSophie-Scholl-Schule, Berlin
Vektormonitor-Steuereinheit
Moderne Bildschirme auf LCD- oder OLED-Basis liefern zwar tolle Bilder. Doch genau betrachtet lässt sich bei schräg verlaufenden Linien ein Treppeneffekt erkennen – denn die Linie ist keine richtige Linie, sondern eine Abfolge winziger Stufen. Diesen Nachteil hat ein anderer Bildschirmtyp nicht, der Vektormonitor. Bei ihm wird das Bild nicht durch winzige Pixel erzeugt, sondern von Elektronenstrahlen auf einen Leuchtschirm geschrieben – und zwar glatt und stufenlos. Mykolas Bamberg entwickelte eine Steuereinheit mitsamt Software für solch einen Vektormonitor. Über USB empfängt das Gerät von einem Computer die Linienkoordinaten und wandelt sie in analoge Signale um. Diese dienen dann als Eingangssignal für ein Oszilloskop, das die Koordinaten als glatte Linien darstellen kann.",https://www.jugend-forscht.de/index.php?id=262&tx_smsjufoprojects_smsjufprojectdb%5Bproject%5D=7427&tx_smsjufoprojects_smsjufprojectdb%5Baction%5D=show&tx_smsjufoprojects_smsjufprojectdb%5Bcontroller%5D=Project&cHash=7476d0bebf78b6ec19a04bcc7a46bd9c,2022,Physik,Berlin
2022,Physik,2022 | Physik | Baden-Württemberg,Wasserflaschenmusik – Flaschen stimmen leicht gemacht!,Stefanie Hövermann,"Stefanie Hövermann (18), NeckargemündSRH Stephen-Hawking-Schule, Neckargemünd
4. Preis PhysikPreisstifter: Max-Planck-Gesellschaft zur Förderung der Wissenschaften e. V.
SonderpreisTeilnahme am Stockholm International Youth Science Seminar mit Besuch der NobelpreisverleihungPreisstifter: SIYSS Unga Forskare und Ernst A. C. Lange-Stiftung
Wasserflaschenmusik – Flaschen stimmen leicht gemacht!
Wer im richtigen Winkel in einen Flaschenhals pustet, kann dem Gefäß einen charakteristischen Ton entlocken. Dabei hängt die Tonhöhe davon ab, wie viel Flüssigkeit sich in der Flasche befindet. Ist sie eher voll, erklingt ein hoher Ton. Ist sie weitgehend leer, fällt der Ton deutlich tiefer aus. Doch wie genau bedingen sich Füllstand und Tonfrequenz? Um das herauszufinden, füllte Stefanie Hövermann diverse Flaschen so mit Wasser, dass beim Pusten jeweils ganz bestimmte Tonhöhen erklangen. Dann ermittelte sie die genauen Höhen der Luft- und Wassersäulen und stieß so auf eine Formel, mit der sich eine „Flaschenorgel“ präzise stimmen lässt. Zu ihrer Überraschung entdeckte die Jungforscherin, dass der Durchmesser einer Flasche kaum Einfluss auf die Klangfarbe des jeweiligen Pustetons hat.",https://www.jugend-forscht.de/index.php?id=262&tx_smsjufoprojects_smsjufprojectdb%5Bproject%5D=7433&tx_smsjufoprojects_smsjufprojectdb%5Baction%5D=show&tx_smsjufoprojects_smsjufprojectdb%5Bcontroller%5D=Project&cHash=9ba06f8135dbee1bf56e770a9b54c747,2022,Physik,Baden-Württemberg
2022,Technik,2022 | Technik | Mecklenburg-Vorpommern,3-D-Sensoren auf Stoff,"Johann Elias Stoetzer, 
									
										Steven Gurgel","Johann Elias Stoetzer (17, rechts), PeenemündeSchülerforschungsnetzwerk Pankow e.V., Berlin
Steven Gurgel (17, links), BerlinSchülerforschungsnetzwerk Pankow e.V., Berlin
Bundessieg1. Preis TechnikPreisstifter: Verein Deutscher Ingenieure e. V.
SonderpreisEinladung zum European Union Contest for Young Scientists (EUCYS)Preisstifter: European Commission
Europa-Preis für Teilnehmende am European Union Contest for Young Scientists (EUCYS)Preisstifter: Deutsche Forschungsgemeinschaft
3-D-Sensoren auf Stoff
3-D-Drucker gewinnen weiter an Bedeutung: Die Geräte werden immer günstiger und können zum Beispiel maßgefertigte Gehäuseteile aus Kunststoff produzieren. Johann Elias Stoetzer und Steven Gurgel erweiterten das Fähigkeitsspektrum ihres 3-D-Druckers: Indem sie dem Kunststoff eine Prise Industrieruß beifügten, konnten sie elektrisch leitfähige Schaltkreise herstellen. Diese lassen sich als Sensoren nutzen, etwa um Kräfte, Berührungen oder Biegeprozesse zu messen. Die Jungforscher konnten ihre 3-D-Sensoren sogar auf Textil drucken, was eine Reihe interessanter Anwendungen ermöglicht: So könnte ein auf ein Hemd aufgedruckter Touchsensor die Musik-App in einem Smartphone steuern. Und Druck- und Biegesensoren, aufgebracht auf eine Schutzkleidung, wären in der Lage, vor allzu großen Beanspruchungen zu warnen.",https://www.jugend-forscht.de/index.php?id=262&tx_smsjufoprojects_smsjufprojectdb%5Bproject%5D=7335&tx_smsjufoprojects_smsjufprojectdb%5Baction%5D=show&tx_smsjufoprojects_smsjufprojectdb%5Bcontroller%5D=Project&cHash=1b3cac4eb2cd4f459df22cf2108e78a2,2022,Technik,Mecklenburg-Vorpommern
2022,Technik,2022 | Technik | Hamburg,360-Grad-Lenkung – ein 3-D-gedrucktes Modellauto mit einem alternativen Lenksystem,"Jules Häger, 
									
										Nik Gröller","Jules Häger (17, rechts), HamburgGymnasium Oberalster, Hamburg
Nik Gröller (17, links), HamburgGymnasium Oberalster, Hamburg
4. Preis TechnikPreisstifter: Verein Deutscher Ingenieure e. V.
360-Grad-Lenkung – ein 3-D-gedrucktes Modellauto mit einem alternativen Lenksystem
Gewöhnliche Autos besitzen ein Lenkrad, mit dem sich die Räder der Vorderachse in unterschiedliche Richtungen steuern lassen. Allerdings ist der Aktionsradius begrenzt, was das Einparken zur Geduldsprobe machen kann. Die Erfindung von Jules Häger und Nik Gröller löst dieses Problem. Die beiden entwickelten ein Modellauto mit eingebauter Rundumlenkung. Die Teile dafür stellten sie selbst per 3-D-Drucker her. Jedes der vier Räder lässt sich autonom per Elektromotor drehen und antreiben. Gesteuert wird das Fahrzeug mit dem Controller einer Spielekonsole sowie einem selbst programmierten Minicomputer. Bei Tests bewährte sich das Gefährt. Seitliches Einparken war ebenso möglich wie enge Kurvenfahrten. Nach Ansicht der Jungforscher lässt sich die Technik künftig in Elektroautos einsetzen.",https://www.jugend-forscht.de/index.php?id=262&tx_smsjufoprojects_smsjufprojectdb%5Bproject%5D=7334&tx_smsjufoprojects_smsjufprojectdb%5Baction%5D=show&tx_smsjufoprojects_smsjufprojectdb%5Bcontroller%5D=Project&cHash=100da8cc5d187a9824ce8185f81e8d98,2022,Technik,Hamburg
2022,Technik,2022 | Technik | Baden-Württemberg,Aus der Ferne zu den Sternen – die Remote-stærnwarte Gersbach,Nicholas Dahlke,"Nicholas Dahlke (15), LörrachHans-Thoma-Gymnasium, Lörrach
phaenovum Schülerforschungszentrum Lörrach-Dreiländereck
Aus der Ferne zu den Sternen – die Remote-stærnwarte Gersbach
Nicholas Dahlkes Leidenschaft sind ferne Planeten. Was aber tun, wenn wegen Corona die Sternwarte im 33 Kilometer entfernten Gersbach nicht nutzbar ist? Seine Problemlösung war eine Fernsteuerung. Der Jungforscher baute einen Schaltschrank, mit dem sich das Rolldach der Sternwarte öffnen wie auch schließen lässt, und konstruierte einen motorisierten Deckel für das Teleskop. Er schrieb zudem die erforderliche Software: ein Programm für die Steuerung von Dach, Teleskop, Teleskopdeckel, Wettersensoren und Kameras. Ein zweites für die Nutzung, das sicherstellt, dass nur autorisierte Personen Zugriff haben und zugleich mehrere Schulprojekte die Sternwarte nutzen können. Seit Ende 2021 kann er von Lörrach aus den Blick ins All richten. Fotos vom Hantelnebel im Sternbild Fuchs hat er so bereits erstellt.",https://www.jugend-forscht.de/index.php?id=262&tx_smsjufoprojects_smsjufprojectdb%5Bproject%5D=7338&tx_smsjufoprojects_smsjufprojectdb%5Baction%5D=show&tx_smsjufoprojects_smsjufprojectdb%5Bcontroller%5D=Project&cHash=839a529a6f223d0d7896e15e10e6a631,2022,Technik,Baden-Württemberg
2022,Technik,2022 | Technik | Sachsen-Anhalt,Bilanzoptimierende Fotovoltaik-Raffstores,"Chris Julian Erdmann, 
									
										Finja Alpert","Chris Julian Erdmann (19), StendalWinckelmann-Gymnasium Stendal
Finja Alpert (17), StendalWinckelmann-Gymnasium Stendal
Preis für eine Arbeit zum Thema ""Energiewende""Preisstifter: Bundesminister für Wirtschaft und Klimaschutz Dr. Robert Habeck, MdB
Bilanzoptimierende Fotovoltaik-Raffstores
Niedrigenergiehäuser haben meist große Fenster. Dadurch kann auch im Winter die Sonne das Gebäude wirkungsvoll erwärmen, sodass weniger geheizt werden muss. Im Sommer dagegen droht es im Haus zu heiß zu werden. Daher müssen die Fenster oft verdunkelt werden, etwa durch Raffstores. Das sind mit Führungsschienen versehene Außenjalousien. Chris Julian Erdmann und Finja Alpert entwickelten vor diesem Hintergrund eine originelle Idee: einen Raffstore, der in ausgefahrenem Zustand Solarstrom erzeugt. Sie konstruierten einen Prototyp, bei dem sie die Lamellen des Raffstores durch streifenförmige Solarzellen ersetzten. Eine Beispielkalkulation lieferte als Ergebnis, dass sich mit dieser Technik der Strombedarf bestimmter Niedrigenergiehäuser zu einem großen Teil decken lassen sollte.",https://www.jugend-forscht.de/index.php?id=262&tx_smsjufoprojects_smsjufprojectdb%5Bproject%5D=7342&tx_smsjufoprojects_smsjufprojectdb%5Baction%5D=show&tx_smsjufoprojects_smsjufprojectdb%5Bcontroller%5D=Project&cHash=53a8af4550def4cfe5da9f9cb6d232a3,2022,Technik,Sachsen-Anhalt
2022,Technik,2022 | Technik | Brandenburg,Die coolste Klimaanlage der Welt – Entwicklung eines umweltfreundlicheren Kühlsystems,"Lukas Ralf Eitner, 
									
										Edgar Lennard Feodor Bennemann, 
									
										Björn Nikolas Rathgeber","Lukas Ralf Eitner (17, rechts), WerneuchenPaulus-Praetorius-Gymnasium, Bernau bei Berlin
Edgar Lennard Feodor Bennemann (16, links), PanketalPaulus-Praetorius-Gymnasium, Bernau bei Berlin
Björn Nikolas Rathgeber (16, Mitte), AhrensfeldePaulus-Praetorius-Gymnasium, Bernau bei Berlin
Preis für eine Arbeit auf dem Gebiet der TechnikPreisstifter: Heinz und Gisela Friederichs Stiftung
Die coolste Klimaanlage der Welt – Entwicklung eines umweltfreundlicheren Kühlsystems
Lukas Ralf Eitner, Edgar Lennard Feodor Bennemann und Björn Nikolas Rathgeber bauten ein Kühlsystem, das im Gegensatz zu herkömmlichen Klimaanlagen ohne umweltschädliche Chemikalien auskommt. Es besteht aus zwei Rohren: In dem inneren strömt die warme Zimmerluft, im äußeren kaltes, von Düsen fein zerstäubtes Wasser. Die Wärme der Luft aus dem inneren Rohr wird vom Wassernebel aufgenommen und abtransportiert. Innerhalb von 15 Minuten sank die Temperatur der Zimmerluft um etwa vier Grad Celsius. Die tatsächliche Kühlung zu messen, ist allerdings gar nicht so einfach, denn Luftwirbel und die Motoren der Lüfter an den Einlässen beeinflussen die Temperatur. Die Jungforscher kamen zu dem Schluss, dass für eine gute Kühlleistung vor allem das optimale Größenverhältnis von Außen- und Innenrohr entscheidend ist.",https://www.jugend-forscht.de/index.php?id=262&tx_smsjufoprojects_smsjufprojectdb%5Bproject%5D=7354&tx_smsjufoprojects_smsjufprojectdb%5Baction%5D=show&tx_smsjufoprojects_smsjufprojectdb%5Bcontroller%5D=Project&cHash=d25e69ac786dd6a4767f5b21f8cdda56,2022,Technik,Brandenburg
2022,Technik,2022 | Technik | Saarland,Die Origamibatterie,"Tim Hoffmann, 
									
										Florian Fries","Tim Hoffmann (17, rechts), RoschbergArnold-Janssen-Gymnasium, Sankt Wendel
Florian Fries (17, links), HirsteinArnold-Janssen-Gymnasium, Sankt Wendel
Die Origamibatterie
Leistungsstarke Batterien sind aus unserem Alltag nicht mehr wegzudenken. Ohne sie würden weder Laptops und Smartphones funktionieren noch Elektroautos und E-Bikes. Die Industrie ist stetig darum bemüht, die Akkus immer weiter zu optimieren, damit sie Strom effizienter speichern können und zudem noch länger halten. Auch Tim Hoffmann und Florian Fries machten sich dazu Gedanken und entwarfen ein neues Batteriekonzept: Würde man die Grundelemente eines jeden Akkus – die Anoden und die Kathoden – ähnlich geschickt ineinanderfalten wie beim japanischen Origami, müsste sich die Speicherkapazität der Batterie deutlich erhöhen lassen, so die Vermutung der beiden Jungforscher. Und auch für die Herstellung eines solchen Origami-Akkus haben sie bereits eine Lösung – nämlich den 3-D-Druck.",https://www.jugend-forscht.de/index.php?id=262&tx_smsjufoprojects_smsjufprojectdb%5Bproject%5D=7358&tx_smsjufoprojects_smsjufprojectdb%5Baction%5D=show&tx_smsjufoprojects_smsjufprojectdb%5Bcontroller%5D=Project&cHash=2c09f51ce2d8b4b9495aec5f6f50a891,2022,Technik,Saarland
2022,Technik,2022 | Technik | Thüringen,Entwicklung einer optischen Varroamilbenerkennung auf Bienen und anschließende Bekämpfung,"Daniel Cermann, 
									
										Richard Ueltzen, 
									
										Albert Dehne","Daniel Cermann (17, rechts), ErfurtStaatliches Gymnasium “Albert Schweitzer” Erfurt
Richard Ueltzen (17, links), ErfurtStaatliches Gymnasium “Albert Schweitzer” Erfurt
Albert Dehne (18, Mitte), GothaStaatliches Gymnasium “Albert Schweitzer” Erfurt
Preis für eine Arbeit auf dem Gebiet der UmwelttechnikPreisstifter: Deutsche Bundesstiftung Umwelt
Entwicklung einer optischen Varroamilbenerkennung auf Bienen und anschließende Bekämpfung
Daniel Cermann, Richard Ueltzen und Albert Dehne entwickelten eine optische Einlasskontrolle, die tödliche Varroamilben bereits am Eingang zum Bienenstock erkennt. Zwei Kameras filmen jede einzelne Biene, wenn sie auf dem mit Infrarot bestrahlten Flugbrett landet. Um Bienen und Milben blitzschnell unterscheiden zu können, trainierten die Jungforscher ein neuronales Netz mit Videos gesunder und befallener Tiere. Bei einem Testlauf wurden 95 Prozent der einzelnen Bienen erkannt. In 40 Minuten langem Filmmaterial fand das neuronale Netz 30 Milben, alle befallenen Tiere wurden richtig identifiziert. Diese Bienen, so empfehlen die drei, sollten bereits außerhalb des Stocks behandelt werden. Noch wirksamer wäre ein beweglicher Laser direkt am Flugbrett, der identifizierte Milben durch Hitze abtötet.",https://www.jugend-forscht.de/index.php?id=262&tx_smsjufoprojects_smsjufprojectdb%5Bproject%5D=7364&tx_smsjufoprojects_smsjufprojectdb%5Baction%5D=show&tx_smsjufoprojects_smsjufprojectdb%5Bcontroller%5D=Project&cHash=eb5b90c22e0c815a9f09da8bb9fd2997,2022,Technik,Thüringen
2022,Technik,2022 | Technik | Schleswig-Holstein,Entwicklung von einem Coaxial Swirl Injector,Falko Rank,"Falko Rank (17), TorneschKlaus-Groth-Schule, Tornesch
Preis für eine Arbeit auf dem Gebiet der TechnikPreisstifter: Heinz und Gisela Friederichs Stiftung
Entwicklung von einem Coaxial Swirl Injector
In der Raketentechnik unterliegen manche Konstruktionsdetails der Geheimhaltung, über sie gibt es kaum öffentlich zugängliche Informationen. Das gilt auch für Vorrichtungen, die in bestimmten Raketentypen den Treibstoff in die Brennkammer einspritzen. Falko Rank sah das als Herausforderung und setzte sich zum Ziel, selbst ein solches Einspritzelement zu konstruieren. Zunächst experimentierte er mit Computersimulationen, dann baute er mittels 3-D-Druck das Modell eines Raketeneinspritzelements. Um dessen prinzipielle Tauglichkeit zu überprüfen, entwickelte der Jungforscher einen Teststand, der den Einspritzvorgang mithilfe von Wasser simuliert. Im Ergebnis zeigten die ersten Entwürfe noch einige Makel, nachfolgende Versionen funktionierten jedoch schon deutlich besser.",https://www.jugend-forscht.de/index.php?id=262&tx_smsjufoprojects_smsjufprojectdb%5Bproject%5D=7368&tx_smsjufoprojects_smsjufprojectdb%5Baction%5D=show&tx_smsjufoprojects_smsjufprojectdb%5Bcontroller%5D=Project&cHash=0b5aa1db297d76ca4d450b0d613b7d60,2022,Technik,Schleswig-Holstein
2022,Technik,2022 | Technik | Nordrhein-Westfalen,Feuermelder mit Löschfunktion,Lauri Wilps,"Lauri Wilps (16), KölnKönigin-Luise-Schule, Köln
Feuermelder mit Löschfunktion
Beginnt es in einem Raum zu brennen, warnen Feuermelder zuverlässig, indem sie durchdringende Töne aussenden. In den meisten Gebäuden gehören die Geräte mittlerweile zum Standard. Doch wie wäre es, wenn dieselben Melder den Brand auch noch bekämpfen und bestenfalls sogar löschen könnten? Diese originelle Idee verfolgte Lauri Wilps in seinem Forschungsprojekt. Ein Hitze- und ein Rauchsensor detektieren dabei gemeinsam den entstehenden Brand. Ein Flammensensor lokalisiert das Feuer, woraufhin ein Schrittmotor über ein Zahnradgetriebe zielsicher eine Düse positioniert. In der Folge wird ein Schussbolzen ausgelöst, der eine Glasphiole zerstört, sodass ein Löschmittel auf die Flamme sprüht. Erste Versuche verliefen vielversprechend, jetzt gilt es, den automatischen Brandbekämpfer weiter zu verbessern.",https://www.jugend-forscht.de/index.php?id=262&tx_smsjufoprojects_smsjufprojectdb%5Bproject%5D=7375&tx_smsjufoprojects_smsjufprojectdb%5Baction%5D=show&tx_smsjufoprojects_smsjufprojectdb%5Bcontroller%5D=Project&cHash=1c5aef2c0201baeca1b10f009a76bc1a,2022,Technik,Nordrhein-Westfalen
2022,Technik,2022 | Technik | Niedersachsen,Interpflanzenkommunikation am Beispiel der Venusfliegenfalle und der Mimose,"Sebastian Schütze, 
									
										Jannik Reimann","Sebastian Schütze (16, rechts), CelleHölty-Gymnasium Celle
Jannik Reimann (17, links), CelleHölty-Gymnasium Celle
Preis für eine interdisziplinäre Arbeit mit Bezug zur ElektronikPreisstifter: ESD FORUM e. V.
Interpflanzenkommunikation am Beispiel der Venusfliegenfalle und der Mimose
Nicht nur im menschlichen Gehirn fließen schwache Ströme, auch Pflanzen sind durchaus „elektrisch“. Schnappt sich zum Beispiel die Venusfliegenfalle ein Insekt, ist stets ein kurzer Spannungsreiz im Spiel. In der Forschung benötigt man recht aufwendige Instrumente, um solche Signale zu messen und zu analysieren. Sebastian Schütze und Jannik Reimann gelang dies jedoch mit einer ungleich einfacheren, selbst gebauten Apparatur basierend auf einem Mikrocomputer und diversen Elektronikbauteilen. Damit konnten die beiden Jungforscher die elektrischen Pflanzenimpulse zuverlässig detektieren. Darüber hinaus waren sie in der Lage, mit dem Signal einer Venusfliegenfalle eine Mimose zu beeinflussen, woraufhin diese ihre Blätter bewegte.",https://www.jugend-forscht.de/index.php?id=262&tx_smsjufoprojects_smsjufprojectdb%5Bproject%5D=7384&tx_smsjufoprojects_smsjufprojectdb%5Baction%5D=show&tx_smsjufoprojects_smsjufprojectdb%5Bcontroller%5D=Project&cHash=78267f12100643cd8808d31e5e625e9a,2022,Technik,Niedersachsen
2022,Technik,2022 | Technik | Sachsen,Komplexe Robotersysteme zur intelligenten Beseitigung von Straßenmüll,Jann Wawerek,"Jann Wawerek (18), MarkranstädtGymnasium Markranstädt
Komplexe Robotersysteme zur intelligenten Beseitigung von Straßenmüll
Müll am Straßenrand aufzusammeln ist eine mühsame Arbeit. Daher konstruierte Jann Wawerek den Prototyp eines Roboters, der diese Aufgabe übernimmt. Das Fahrzeug orientiert sich mit GPS und kann so definierte Areale abfahren. Es erkennt mittels des Laserscanners „Lidar“ Hindernisse und identifiziert mit einer Kamera herumliegende Müllstücke. Das geschieht, indem eine Software die erkannten Objekte mit einer Bilddatenbank abgleicht, wobei auch die Technik neuronaler Netze, eine Art künstliche Intelligenz, eingesetzt wird. Ist ein Objekt als Müll identifiziert, wird es über einen Greifarm aufgenommen und an Bord des Fahrzeugs deponiert. Im ersten Praxistest bewies das System, dass es grundsätzlich funktionsfähig ist. Der Jungforscher hat bereits viele Ideen, wie es weiter optimiert werden kann.",https://www.jugend-forscht.de/index.php?id=262&tx_smsjufoprojects_smsjufprojectdb%5Bproject%5D=7386&tx_smsjufoprojects_smsjufprojectdb%5Baction%5D=show&tx_smsjufoprojects_smsjufprojectdb%5Bcontroller%5D=Project&cHash=fe1c05361987b6d23eef02326836f401,2022,Technik,Sachsen
2022,Technik,2022 | Technik | Bremen,Laufen ist kein Kinderspiel,Linus Preußer,"Linus Preußer (17), BremenOberschule Findorff, Bremen
3. Preis TechnikPreisstifter: Verein Deutscher Ingenieure e. V.
Laufen ist kein Kinderspiel
Für mobile Roboter gibt es eine Vielzahl von Anwendungen, zum Beispiel den Transport von Waren in Lagerhallen oder die Vor-Ort-Erkundung erdnaher Planeten. Die meisten dieser Systeme fahren auf Rädern, sind damit aber beim Überwinden von Treppen oder Hindernissen eingeschränkt. Linus Preußer entwickelte daher einen mobilen vierbeinigen Roboter, der anhand des sogenannten Reinforcement Learning Laufen lernt. Eine programmierte Trainingssoftware befähigt den Roboter dabei zum selbstständigen Erlernen von Bewegungsmustern. Ein komplexer Vorgang, denn jedes seiner vier Beine hat drei Gelenke. Mithilfe von zwölf Servomotoren werden die Beine bewegt. Das simulierte Modell des Roboters ist bereits in der Lage, Laufmuster zur effektiven Fortbewegung auf geradem Untergrund zu erlernen.",https://www.jugend-forscht.de/index.php?id=262&tx_smsjufoprojects_smsjufprojectdb%5Bproject%5D=7388&tx_smsjufoprojects_smsjufprojectdb%5Baction%5D=show&tx_smsjufoprojects_smsjufprojectdb%5Bcontroller%5D=Project&cHash=cbfe4a5246990a35ae826cf23ea816a2,2022,Technik,Bremen
2022,Technik,2022 | Technik | Baden-Württemberg,Recycling von OP-Masken,"Jonathan Freiwald, 
									
										Florian Papsdorf, 
									
										Jonas Nothhelfer","Jonathan Freiwald (17, rechts), AspergFriedrich-List-Gymnasium Asperg
Florian Papsdorf (17, Mitte), TammFriedrich-List-Gymnasium Asperg
Jonas Nothhelfer (17, links), AspergFriedrich-List-Gymnasium Asperg
Recycling von OP-Masken
In der Coronapandemie sind OP-Masken zu einem Massenprodukt geworden, das nach kurzer Nutzung im Hausmüll landet. Jonathan Freiwald, Florian Papsdorf und Jonas Nothhelfer bauten ein Gerät, um das Polypropylen, aus dem das Vlies der Masken besteht, zu recyceln. Sie zerkleinerten das Gewebe und reinigten das entstandene Granulat chemisch und biologisch in einer halbautomatischen Apparatur. Anschließend mischten die Jungforscher ihr Recyclingmaterial mit gekauften Polypropylen-Pellets und schmolzen den Kunststoff in einem selbst gebauten Gerät ein. Presst dieses die flüssige Masse durch eine Düse, bevor das Material an der Luft erkaltet, entsteht Filament für 3-D-Drucker. Dieses erwies sich im Test als nutzbar. So leistet das Forschungsprojekt einen wertvollen Beitrag, Rohstoffkreisläufe zu schließen.",https://www.jugend-forscht.de/index.php?id=262&tx_smsjufoprojects_smsjufprojectdb%5Bproject%5D=7405&tx_smsjufoprojects_smsjufprojectdb%5Baction%5D=show&tx_smsjufoprojects_smsjufprojectdb%5Bcontroller%5D=Project&cHash=ab3e87b0a8329d36c853643aae720964,2022,Technik,Baden-Württemberg
2022,Technik,2022 | Technik | Rheinland-Pfalz,Selbstbau eines digitalen Messinstruments mit verschiedenen Sensoren,Clemens Czuprin,"Clemens Czuprin (19), Ingelheim am RheinKarlsruher Institut für Technologie
2. Preis TechnikPreisstifter: Verein Deutscher Ingenieure e. V.
Selbstbau eines digitalen Messinstruments mit verschiedenen Sensoren
Im Physikunterricht und in Techniklaboren wird viel gemessen: Licht, Spannung, Temperatur oder Beschleunigung. Mit dem schnurlosen Messinstrument von Clemens Czuprin ist das ebenfalls möglich – und zwar schnell und günstig. Der Jungforscher programmierte die Software, entwarf Gehäuse und Platine und integrierte vier unterschiedliche Sensoren. Für eine lange Lebensdauer des Geräts und eine hohe Zuverlässigkeit der Ergebnisse ließ er die Platine nach seinen Plänen bei einem professionellen Hersteller fertigen. Das stabile Gehäuse konstruierte er mit seinem 3-D-Drucker selbst. Auch für Anfängerinnen und Anfänger ist das Instrument geeignet. Es kann über das große Display oder einen Browser leicht programmiert werden. Zudem können die Nutzerinnen und Nutzer jederzeit weitere Sensoren einbauen, um zusätzliche Messungen vorzunehmen.",https://www.jugend-forscht.de/index.php?id=262&tx_smsjufoprojects_smsjufprojectdb%5Bproject%5D=7410&tx_smsjufoprojects_smsjufprojectdb%5Baction%5D=show&tx_smsjufoprojects_smsjufprojectdb%5Bcontroller%5D=Project&cHash=62292ed6ef7268252315f6b919c16be9,2022,Technik,Rheinland-Pfalz
2022,Technik,2022 | Technik | Hessen,Sentry Bot,"Ilias Zempelin, 
									
										Hannes Specht, 
									
										Marco Leipnitz","Ilias Zempelin (18, links), MichelstadtGymnasium Michelstadt
Hannes Specht (18, Mitte), MichelstadtGymnasium Michelstadt
Marco Leipnitz (16, rechts), MichelstadtGymnasium Michelstadt
5. Preis TechnikPreisstifter: Verein Deutscher Ingenieure e. V.
Preis für eine Arbeit auf dem Gebiet der RobotikPreisstifter: Deutsches Zentrum für Luft- und Raumfahrt
Sentry Bot
Für schwer zugängliche Bereiche in Industrieanlagen oder Gebäuden konstruierten Ilias Zempelin, Hannes Specht und Marco Leipnitz einen fahrbaren ferngesteuerten Überwachungsroboter. Seine Beobachtungskamera sitzt in einer Acrylglaskugel von zehn Zentimetern Durchmesser und kann sich mittels Mikromotoren und Gummireifen fortbewegen. Platine, mechanische Teile und Fernsteuerung entwickelten und bauten die Jungforscher selbst. Die fahrbare Grundplatte aus Kunststoff fertigten sie mit einem 3-D-Drucker. Mithilfe der Kamera lässt sich ein Bereich mit einem Radius von bis zu 300 Metern überwachen, wobei das Bild durch ein System übertragen wird, das aus Drohnen bekannt ist. Die drei wollen ihre Software weiter optimieren, damit sich der Roboter jederzeit präzise und stabil fortbewegen kann.",https://www.jugend-forscht.de/index.php?id=262&tx_smsjufoprojects_smsjufprojectdb%5Bproject%5D=7412&tx_smsjufoprojects_smsjufprojectdb%5Baction%5D=show&tx_smsjufoprojects_smsjufprojectdb%5Bcontroller%5D=Project&cHash=caa94ba62cd9d066f7e3ed4e39fbf017,2022,Technik,Hessen
2022,Technik,2022 | Technik | Baden-Württemberg,Training mit 3G,Felix Buchta,"Felix Buchta (17), SindelfingenStiftsgymnasium Sindelfingen
Jugendforschungszentrum Energie und Umwelt Landkreis Böblingen, Sindelfingen
Training mit 3G
Wegen der Coronapandemie konnten Patientinnen und Patienten nach Schulter-, Hüft- oder Knie-OPs individuell angepasste Rehabilitationsmaßnahmen oft nicht zeitnah durchführen, da eine Vor-Ort-Physiotherapie kaum möglich war. Das innovative, digitale Muskeltraining von Felix Buchta ermöglicht eine Reha von zu Hause. Wichtig sind dem Jungforscher diese 3Gs: gemeinsam, gezielt und genau. Ein Handy ist bereits ausreichend, um das System zu betreiben. Dieses erfasst mit Sensoren die Bewegung des zu trainierenden Körperbereichs, misst den Puls und überträgt die Daten anhand eines virtuellen 3-D-Modells in Echtzeit an die Ärztin oder den Therapeuten. Das Training kann so virtuell gemeinsam durchgeführt, gezielt abgestimmt und genau an die Patientin oder den Patienten angepasst werden.",https://www.jugend-forscht.de/index.php?id=262&tx_smsjufoprojects_smsjufprojectdb%5Bproject%5D=7419&tx_smsjufoprojects_smsjufprojectdb%5Baction%5D=show&tx_smsjufoprojects_smsjufprojectdb%5Bcontroller%5D=Project&cHash=e92cb48ddde010a1f0c400caf266a151,2022,Technik,Baden-Württemberg
2022,Technik,2022 | Technik | Bremen,"Vollautomatische Raketenabschussstation (mit App-Steuerung, Wetterstation und Live-Video)",Hendrik Ridder,"Hendrik Ridder (16), BremenGymnasium Vegesack, Bremen
BundessiegPreis für eine außergewöhnliche ArbeitPreisstifter: Bundespräsident Frank-Walter Steinmeier
Vollautomatische Raketenabschussstation (mit App-Steuerung, Wetterstation und Live-Video)
Hendrik Ridder baute in zweijähriger Entwicklungszeit eine 2,5 Meter lange Wasserrakete, die bis in eine Höhe von 270 Metern fliegen kann. Sie wird von einer eigens konstruierten Startrampe abgeschossen und mittels eines dazugehörigen Servers sowie durch ein zusätzliches Steuerboard vollautomatisch betankt und gesteuert. Der gesamte Vorgang lässt sich über eine selbst programmierte App einsehen und überwachen. Die Wasserrakete des Jungforschers dient als fliegende Wetterstation. An der Raketenspitze werden Daten wie Höhe, Temperatur, Luftqualität, Position, Ausrichtung und Drehung gesammelt. Diese werden in Echtzeit über ein richtfunkbasiertes Antennensystem, das sich per GPS ausrichtet, an die Bodenstation übermittelt. Der gesamte Flug kann über eine Kamera in der Raketenspitze live mitverfolgt werden.",https://www.jugend-forscht.de/index.php?id=262&tx_smsjufoprojects_smsjufprojectdb%5Bproject%5D=7431&tx_smsjufoprojects_smsjufprojectdb%5Baction%5D=show&tx_smsjufoprojects_smsjufprojectdb%5Bcontroller%5D=Project&cHash=f7c21242613cc2995516533f8d1e1b17,2022,Technik,Bremen
2022,Technik,2022 | Technik | Bayern,Weckerbett,"Ben Walter, 
									
										Benedikt Wolf","Ben Walter (17, links), SchnaittenbachJohann-Andreas-Schmeller-Gymnasium, Nabburg
Benedikt Wolf (17, rechts), SchnaittenbachJohann-Andreas-Schmeller-Gymnasium, Nabburg
Weckerbett
Manche Menschen kommen morgens einfach nicht aus den Federn. Für sie ließen sich Ben Walter und Benedikt Wolf eine passende Vorrichtung einfallen. Sie entwickelten den Prototyp eines Betts, das Morgenmuffeln auf die Sprünge hilft: Zunächst lässt es angenehme Musik ertönen. Reagiert der Schlafende darauf, bereitet ihm ein Roboter zur Belohnung ein kleines Frühstück. Bleibt er dagegen liegen, fällt das Frühstück aus und die Musik wird lauter, das Kissen vibriert, eine Hupe ertönt, die Bettdecke rollt sich ein und am Ende kippt ein aufblasbarer Ball die Person von der Matratze. Besonderes Augenmerk richteten die Jungforscher bei ihrem Forschungsprojekt auf eine ausgefeilte Sprachsteuerung für eine möglichst intuitive Bedienung ihres „Weckerbetts“.",https://www.jugend-forscht.de/index.php?id=262&tx_smsjufoprojects_smsjufprojectdb%5Bproject%5D=7435&tx_smsjufoprojects_smsjufprojectdb%5Baction%5D=show&tx_smsjufoprojects_smsjufprojectdb%5Bcontroller%5D=Project&cHash=be911ae3b151df84027274ef3d83d4a2,2022,Technik,Bayern
2022,Technik,2022 | Technik | Hessen,Wie lassen sich Roboter in der Zukunft günstig und vielseitig einsetzen?,Samuel Gorelikov,"Samuel Gorelikov (16), Frankfurt am MainGymnasium Riedberg, Frankfurt am Main
Wie lassen sich Roboter in der Zukunft günstig und vielseitig einsetzen?
Angelehnt an den Mars-Rover „Perseverence“ setzte sich Samuel Gorelikov zum Ziel, ein Fahrzeug mit ähnlichen Fähigkeiten zu bauen – jedoch deutlich kostengünstiger. Er konstruierte zwei Roboter auf Rädern, die mittels eines Arduino-Mikrocontrollers gesteuert werden und sich mit Ultraschallsensoren orientieren. Dabei musste er zahlreiche Detailfragen klären. Es galt etwa, den besten Elektromotor zu finden oder die Energieversorgung sicherzustellen, was mit dem Akku einer Bohrmaschine gelang. Auch ein Greifarm war zu entwickeln und so zu integrieren, dass er vom Nutzenden betätigt werden kann. Dies realisierte der Jungforscher mit einer RC-Fernsteuerung aus dem Modellbau. Noch ist nicht alles optimiert, so ist die Ultraschallsensorik zu unpräzise, aber der Anfang für einen günstigen Mars-Roboter ist gemacht.",https://www.jugend-forscht.de/index.php?id=262&tx_smsjufoprojects_smsjufprojectdb%5Bproject%5D=7438&tx_smsjufoprojects_smsjufprojectdb%5Baction%5D=show&tx_smsjufoprojects_smsjufprojectdb%5Bcontroller%5D=Project&cHash=698ea44ce7ffe5f369c3f5fdee3504cc,2022,Technik,Hessen
2022,Mathematik/Informatik,2022 | Mathematik/Informatik | Bayern,Analyse der Korrelation zwischen konventioneller und dynamischer UHF-MRT-Rekonstruktion,Shizhe He,"Shizhe He (18), KarlsfeldOtto-von-Taube-Gymnasium Gauting
Preis für eine Arbeit auf dem Gebiet Qualitätssicherung durch Zerstörungsfreie PrüfungPreisstifter: Deutsche Gesellschaft für Zerstörungsfreie Prüfung e. V.
Analyse der Korrelation zwischen konventioneller und dynamischer UHF-MRT-Rekonstruktion
Die Magnetresonanztomografie (MRT) zählt zu den wichtigsten Bildgebungsverfahren der Medizin. Sie liefert Aufnahmen aus dem Körperinneren, ohne den Menschen dabei mit Röntgenstrahlung zu belasten. Allerdings braucht es aufwendige Computerprogramme, um die Messdaten in diagnostisch brauchbare Bilder umzurechnen. Immer häufiger kommen dabei Methoden der künstlichen Intelligenz (KI) zum Einsatz. Genau hier setzte Shizhe He mit seinem Forschungsprojekt an. Er analysierte verschiedene KI-Techniken und verglich ihr Leistungsvermögen bezüglich bestimmter Details. Darüber hinaus entwickelte er ein Konzept, mit dem sich diese Algorithmen auch auf MRT-Scanner übertragen lassen, die mit extrem starken Magneten arbeiten. So könnten künftig schärfere Aufnahmen etwa vom schlagenden Herzen möglich sein.",https://www.jugend-forscht.de/index.php?id=262&tx_smsjufoprojects_smsjufprojectdb%5Bproject%5D=7336&tx_smsjufoprojects_smsjufprojectdb%5Baction%5D=show&tx_smsjufoprojects_smsjufprojectdb%5Bcontroller%5D=Project&cHash=1bb6ee570a422bc4abd2dfd0901fd6cf,2022,Mathematik/Informatik,Bayern
2022,Mathematik/Informatik,2022 | Mathematik/Informatik | Berlin,Analyse des Würfelspiels „Zehntausend“,"Emil Dahms, 
									
										Luca Achilles, 
									
										Tillmann Wehner","Emil Dahms (15, links), BerlinKäthe-Kollwitz-Gymnasium, Berlin
Luca Achilles (15, Mitte), BerlinKäthe-Kollwitz-Gymnasium, Berlin
Tillmann Wehner (16, rechts), BerlinKäthe-Kollwitz-Gymnasium, Berlin
Analyse des Würfelspiels „Zehntausend“
Das Würfelspiel „Zehntausend“ ist dem „Kniffel“-Spiel ähnlich: Man spielt mit fünf Würfeln und kann gewisse Augenzahlen unterschiedlich kombinieren, um dadurch Punkte zu sammeln. Allerdings gibt es dafür während einer Partie ziemlich viele Möglichkeiten. In ihrem Forschungsprojekt interessierte Emil Dahms, Luca Achilles und Tillmann Wehner die Frage, welche Würfel aus dem Spiel genommen werden sollten, um letztlich eine gute Punktzahl zu erreichen. Dafür rechneten sie zunächst aus, mit welcher Wahrscheinlichkeit die maßgeblichen Würfelkombinationen, also beispielsweise ein Dreierpasch, vorkommen. Dann schrieben sie ein Computerprogramm, das Tausende von Spielzügen gleichzeitig berechnet und dadurch helfen kann, eine gute Punktausbeute zu erzielen.",https://www.jugend-forscht.de/index.php?id=262&tx_smsjufoprojects_smsjufprojectdb%5Bproject%5D=7337&tx_smsjufoprojects_smsjufprojectdb%5Baction%5D=show&tx_smsjufoprojects_smsjufprojectdb%5Bcontroller%5D=Project&cHash=12ad83363db402ff6452c4d867c5832a,2022,Mathematik/Informatik,Berlin
2022,Mathematik/Informatik,2022 | Mathematik/Informatik | Niedersachsen,Covid in Coville,Noel Friedrich,"Noel Friedrich (17), PeineRatsgymnasium Peine
SonderpreisStipendium für einen Studienplatz an einer Universität der BundeswehrPreisstifter: Bundesministerin der Verteidigung Christine Lambrecht
Konrad-Zuse-Jugendpreis für Informatik der Eduard-Rhein-StiftungPreisstifter: Eduard-Rhein-Stiftung
Covid in Coville
Die Coronapandemie dauert bereits mehr als zwei Jahre an. Um sie zu bekämpfen, griff die Politik zu verschiedenen Maßnahmen – von Kontaktbeschränkungen über Schulschließungen bis hin zu Impfkampagnen. Doch was haben diese Maßnahmen im Einzelnen betrachtet bewirkt? Um dieser Frage nachzugehen, entwickelte Noel Friedrich eine umfassende Computersimulation: Dabei ließ er das Coronavirus in einer fiktiven Kleinstadt namens Coville grassieren. Per Mausklick spielte er verschiedene Maßnahmenszenarien durch, zum Beispiel einen Homeoffice-Zwang in Verbindung mit Schulschließungen bei einer Impfquote von 50 Prozent. Das Resultat der Rechnersimulationen: Den besten Effekt bei der fiktiven Pandemiebekämpfung erzielte eine hohe Impfquote – ein Ergebnis, das sich durchaus mit den Erkenntnissen aus der Realität deckt.",https://www.jugend-forscht.de/index.php?id=262&tx_smsjufoprojects_smsjufprojectdb%5Bproject%5D=7347&tx_smsjufoprojects_smsjufprojectdb%5Baction%5D=show&tx_smsjufoprojects_smsjufprojectdb%5Bcontroller%5D=Project&cHash=d7f48d5cd5f17c2cd2aa9c378b3ea6ed,2022,Mathematik/Informatik,Niedersachsen
2022,Mathematik/Informatik,2022 | Mathematik/Informatik | Niedersachsen,Erkennung ereigniskorrelierter Potenziale eines Elektroenzephalogramms durch eine KI,"Matteo Friedrich, 
									
										Alexander Reimer","Matteo Friedrich (14, links), OldenburgGymnasium Eversten Oldenburg
Alexander Reimer (15, rechts), OldenburgGymnasium Eversten Oldenburg
Preis für eine originelle Arbeit auf dem Gebiet der InformatikPreisstifter: Konrad-Zuse-Gesellschaft e. V.
Erkennung ereigniskorrelierter Potenziale eines Elektroenzephalogramms durch eine KI
Ein Roboter, der durch einfaches Schließen der Augen gesteuert wird – das ist das ehrgeizige Projekt von Matteo Friedrich und Alexander Reimer. Als Ausgangspunkt dienten Elektroenzephalografie-Signale, im Gehirn hervorgerufen durch das Schließen der Augen. Um diese Signale zu erfassen, befestigten die beiden vier Elektroden am Hinterkopf, und übertrugen sie an einen Rechner mit einer speziellen selbst geschriebenen Software – einem lernfähigen Programm. Mit einem kurzen Training brachten die Jungforscher ihrer Software bei, zuverlässig zu erkennen, wenn eine Testperson die Augen schloss. Ferner programmierten sie ihren Rechner so, dass er bei geschlossenen Augen einen Steuerimpuls ausgab, der einen Lego-Roboter vorwärtsfahren ließ. So gelang es ihnen, den kleinen Automaten per Lidschluss verlässlich zu steuern.",https://www.jugend-forscht.de/index.php?id=262&tx_smsjufoprojects_smsjufprojectdb%5Bproject%5D=7371&tx_smsjufoprojects_smsjufprojectdb%5Baction%5D=show&tx_smsjufoprojects_smsjufprojectdb%5Bcontroller%5D=Project&cHash=d5f5be959efc709718f7fedb20d2fbf4,2022,Mathematik/Informatik,Niedersachsen
2022,Mathematik/Informatik,2022 | Mathematik/Informatik | Bremen,Feststellung einer Coronavirus-Infektion durch maschinelles Lernen,Ben Blenkle,"Ben Blenkle (18), BremenAltes Gymnasium, Bremen
Feststellung einer Coronavirus-Infektion durch maschinelles Lernen
Algorithmen der künstlichen Intelligenz (KI) bestimmen immer stärker unseren Alltag. Internetsuchmaschinen nutzen sie ebenso wie Übersetzungsprogramme und Navigations-Apps. Ben Blenkle entwickelte in seiner Forschungsarbeit eine eigene KI. Sie basiert auf einem sogenannten neuronalen Netzwerk, das der Funktionsweise des menschlichen Gehirns nachempfunden ist. Dieses Netzwerk ist lernfähig und kann, wenn es ausreichend trainiert wird, automatisch Muster in digitalen Bildern erkennen. Als Anwendungsbeispiel ließ der Jungforscher seinen Algorithmus die Lungenröntgenbilder von Menschen analysieren, die zum Teil an Covid-19 erkrankt waren. Das Ergebnis konnte überzeugen: Von insgesamt 542 durch das Coronavirus geschädigten Lungen erkannte die Software 530.",https://www.jugend-forscht.de/index.php?id=262&tx_smsjufoprojects_smsjufprojectdb%5Bproject%5D=7374&tx_smsjufoprojects_smsjufprojectdb%5Baction%5D=show&tx_smsjufoprojects_smsjufprojectdb%5Bcontroller%5D=Project&cHash=ef39753a13da5b543f6713241176083a,2022,Mathematik/Informatik,Bremen
2022,Mathematik/Informatik,2022 | Mathematik/Informatik | Saarland,Grafischer Vergleich des Spike-Proteins des Coronavirus,Lara Hombrecher,"Lara Hombrecher (17), EppelbornGeschwister-Scholl-Gymnasium, Lebach
3. Preis Mathematik/InformatikPreisstifter: Fraunhofer-Gesellschaft zur Förderung der angewandten Forschung e. V.
SonderpreisForschungsaufenthalt an der University of Rhode Island in den USAPreisstifter: University of Rhode Island und Ernst A. C. Lange-Stiftung
Grafischer Vergleich des Spike-Proteins des Coronavirus
Als Ende 2019 das Coronavirus erstmals auftrat, gelang es der Wissenschaft rasch, den genetischen Bauplan des neuen Erregers zu entschlüsseln. Als besonders relevant stellte sich die Gensequenz des Spike-Proteins heraus. Dieses ermöglicht es dem Virus, in menschliche Zellen einzudringen. Genau um diese Gensequenz geht es auch im Forschungsprojekt von Lara Hombrecher. Sie wollte herausfinden, inwieweit sich die Spike-Protein-Sequenzen bei Menschen in Deutschland und in Frankreich unterscheiden. Sie besorgte sich die Gendaten und schrieb eine Software, mit der sich die Daten aus beiden Ländern detailliert vergleichen ließen. Im Ergebnis fand die Jungforscherin zwar feine Unterschiede, stellte jedoch fest, dass die Genabschnitte, die die Funktion des Virus besonders prägen, weitgehend identisch sind.",https://www.jugend-forscht.de/index.php?id=262&tx_smsjufoprojects_smsjufprojectdb%5Bproject%5D=7380&tx_smsjufoprojects_smsjufprojectdb%5Baction%5D=show&tx_smsjufoprojects_smsjufprojectdb%5Bcontroller%5D=Project&cHash=93218f447bd807b6e8c36f7c81993e74,2022,Mathematik/Informatik,Saarland
2022,Mathematik/Informatik,2022 | Mathematik/Informatik | Nordrhein-Westfalen,Hardwarebeschleunigtes Path Tracing zur Generierung realitätsnaher Bilder,Friedrich Vock,"Friedrich Vock (17), HaanWilhelm-Dörpfeld-Gymnasium, Wuppertal
Hardwarebeschleunigtes Path Tracing zur Generierung realitätsnaher Bilder
Computeranimierte Bilder zeigen mittlerweile eine erstaunliche Qualität. Davon profitieren nicht zuletzt Computerspiele. Auf dem Monitor wirken Szenen aus längst vergangenen Zeiten oder imaginäre Fantasy-Welten überraschend realistisch. Dahinter stecken ausgefeilte Rechnerprogramme. Eine solche Software entwickelte Friedrich Vock in seinem Forschungsprojekt. Sie kann den Weg einzelner Lichtstrahlen sehr detailliert simulieren. Damit ist es zum Beispiel möglich, den Schattenwurf eines Gegenstands realitätsgetreu nachzubilden, oder auch jene Reflexionen, die auf der Oberfläche einer Metallkugel zu erkennen sind. Damit die Rechenzeiten nicht zu lang werden, griff der Jungforscher zu einem Trick. Statt auf dem Hauptprozessor seines Computers ließ er seinen Algorithmus auf einer Grafikkarte laufen.",https://www.jugend-forscht.de/index.php?id=262&tx_smsjufoprojects_smsjufprojectdb%5Bproject%5D=7383&tx_smsjufoprojects_smsjufprojectdb%5Baction%5D=show&tx_smsjufoprojects_smsjufprojectdb%5Bcontroller%5D=Project&cHash=6c631050ab4f73fe98eea7ffe3b10c26,2022,Mathematik/Informatik,Nordrhein-Westfalen
2022,Mathematik/Informatik,2022 | Mathematik/Informatik | Berlin,Klimawandel und Epidemie – auf der Suche nach dem Zusammenhang,"Anna Gutmann, 
									
										Ina Gutmann","Anna Gutmann (17, rechts), BerlinHildegard-Wegscheider-Gymnasium, Berlin
Ina Gutmann (19, links), BerlinJüdisches Gymnasium Moses Mendelssohn, Berlin
Hildegard-Wegscheider-Gymnasium, Berlin
SonderpreisEinladung zum London International Youth Science ForumPreisstifter: Ernst A. C. Lange-Stiftung
Klimawandel und Epidemie – auf der Suche nach dem Zusammenhang
Zwei Themen beschäftigen unsere Gesellschaft derzeit besonders – Corona und die globale Erwärmung. Aber besteht zwischen dem Klima und dem Auftreten von Massenepidemien ein Zusammenhang? Dieser Frage gingen Anna und Ina Gutmann nach. Dazu sammelten sie statistische Daten von zahlreichen Epidemien wie Pest, Grippe und Corona. Per Computer schufen sie ein mathematisches Modell der Epidemieverläufe und rekonstruierten die Reproduktionszahlen. Diese Werte verknüpften sie mit den zum Zeitpunkt des Auftretens der Epidemien herrschenden Temperaturen. Auf diese Weise fanden die beiden interessante Zusammenhänge zwischen Epidemieverlauf und Temperatur. So wütete die Pest besonders stark in außergewöhnlich kalten Jahren, wohingegen überdurchschnittlich warme Jahre die Ausbreitung von Grippe und Corona begünstigten.",https://www.jugend-forscht.de/index.php?id=262&tx_smsjufoprojects_smsjufprojectdb%5Bproject%5D=7385&tx_smsjufoprojects_smsjufprojectdb%5Baction%5D=show&tx_smsjufoprojects_smsjufprojectdb%5Bcontroller%5D=Project&cHash=0a132e420cadf3f03cd1d8c820b508c6,2022,Mathematik/Informatik,Berlin
2022,Mathematik/Informatik,2022 | Mathematik/Informatik | Sachsen,Konstruktion und Selbstähnlichkeit von Penrose-Parkettierungen,Alexander Droste,"Alexander Droste (19), LeipzigFakultät für Mathematik und Informatik, Universität Leipzig
Wilhelm-Ostwald-Schule, Leipzig
2. Preis Mathematik/InformatikPreisstifter: Fraunhofer-Gesellschaft zur Förderung der angewandten Forschung e. V.
Konstruktion und Selbstähnlichkeit von Penrose-Parkettierungen
1974 entdeckte der spätere Physiknobelpreisträger Roger Penrose ein verblüffendes mathematisches Verfahren. Dieses ermöglicht, eine Fläche lückenlos mit seltsam geformten Kacheln zu parkettieren, ohne dabei ein Grundschema zu wiederholen. Dennoch finden sich Muster, denn die Parkette sind unter anderem selbstähnlich – bestimmte Strukturen finden sich im Großen ebenso wie im Kleinen. Darüber hinaus ist jedes Penrose-Parkett als eine Folge von Nullen und Einsen darstellbar. Alexander Droste kehrte diesen Ansatz um. Er konnte mathematisch beweisen, dass sich aus jeder Folge, in der keine zwei Einsen direkt aufeinanderfolgen, ein Penrose-Parkett konstruieren lässt. Außerdem fand er heraus, dass es bei den ungewöhnlichen Kachelmustern genau fünf Arten der Selbstähnlichkeit gibt.",https://www.jugend-forscht.de/index.php?id=262&tx_smsjufoprojects_smsjufprojectdb%5Bproject%5D=7387&tx_smsjufoprojects_smsjufprojectdb%5Baction%5D=show&tx_smsjufoprojects_smsjufprojectdb%5Bcontroller%5D=Project&cHash=532131479c1a603a78c3b4739ea6cfa9,2022,Mathematik/Informatik,Sachsen
2022,Mathematik/Informatik,2022 | Mathematik/Informatik | Bayern,Lot-Lösungsverfahren für quadratische Funktionen,Tom Bauer,"Tom Bauer (18), BergrheinfeldWalther-Rathenau-Gymnasium, Schweinfurt
Lot-Lösungsverfahren für quadratische Funktionen
Das Lösen einer quadratischen Gleichung zählt im Matheunterricht zu den Standardübungen – in manchem Hinterkopf dürfte die bekannte pq-Formel noch präsent sein. Tom Bauer entwickelte eine alternative, durchaus originelle Lösungsmethode, die er auch mathematisch bewies. Er ist dazu in der Lage, die Gleichungen geometrisch zu lösen, also im Prinzip mit Bleistift, Zirkel und Papier. Im Vergleich zu den gängigen Methoden hat dieses sogenannte Lot-Lösungsverfahren sogar einige Vorteile. Zum Beispiel lässt sich damit recht anschaulich erkennen, ob eine quadratische Gleichung überhaupt eine Lösung besitzt. Allgemein ist es möglich, quadratische Funktionen mit dem neuen geometrischen Verfahren aus einer anderen Perspektive zu betrachten und womöglich auch intuitiver zu verstehen.",https://www.jugend-forscht.de/index.php?id=262&tx_smsjufoprojects_smsjufprojectdb%5Bproject%5D=7391&tx_smsjufoprojects_smsjufprojectdb%5Baction%5D=show&tx_smsjufoprojects_smsjufprojectdb%5Bcontroller%5D=Project&cHash=f673a8e4b39c03fbc2e877711ccf4bda,2022,Mathematik/Informatik,Bayern
2022,Mathematik/Informatik,2022 | Mathematik/Informatik | Rheinland-Pfalz,Low-Cost-Instant-Replay-System für den professionellen Einsatz,Elian Terelle,"Elian Terelle (18), MainzOtto-Schott-Gymnasium Mainz-Gonsenheim
Bundessieg1. Preis Mathematik/InformatikPreisstifter: Fraunhofer-Gesellschaft zur Förderung der angewandten Forschung e. V.
Eduard-Rhein-Jugendpreis für Rundfunk-, Fernseh- und InformationstechnikPreisstifter: Eduard-Rhein-Stiftung
Low-Cost-Instant-Replay-System für den professionellen Einsatz
Seit einiger Zeit organisiert Elian Terelle gemeinsam mit einem Freund die Liveübertragungen der Spiele eines Bundesliga-Volleyballteams im Internet. Was dabei bislang fehlte, waren Wiederholungen von spannenden Spielszenen, auf Wunsch auch in Zeitlupe. Zwar gibt es Systeme zu kaufen, mit denen sich das realisieren lässt – nur sind sie ziemlich teuer. Daher wurde der Jungforscher selbst aktiv und entwickelte ein eigenes System mitsamt der nötigen Steuerungssoftware. Damit lässt sich das Bild mit etwas Übung innerhalb von drei Sekunden zurückspulen und eine Wiederholung aufrufen – entweder in Originalgeschwindigkeit oder in Zeitlupe. Sein Selbstbausystem kam bereits bei mehreren Volleyballspielen zum Einsatz und wertete die Liveübertragungen dabei deutlich auf.",https://www.jugend-forscht.de/index.php?id=262&tx_smsjufoprojects_smsjufprojectdb%5Bproject%5D=7392&tx_smsjufoprojects_smsjufprojectdb%5Baction%5D=show&tx_smsjufoprojects_smsjufprojectdb%5Bcontroller%5D=Project&cHash=40126bae43bd141bfcca8729bf3c4ea7,2022,Mathematik/Informatik,Rheinland-Pfalz
2022,Mathematik/Informatik,2022 | Mathematik/Informatik | Baden-Württemberg,Neue algebraische und topologische Strukturen auf den multiplikativen Funktionen,Ritvij Singh,"Ritvij Singh (15), GrafenauGymnasium Unterrieden, Sindelfingen
Preis für eine außergewöhnliche mathematische ArbeitPreisstifter: Deutsche Mathematiker-Vereinigung e. V.
Neue algebraische und topologische Strukturen auf den multiplikativen Funktionen
Zahlen gehören zur Mathematik wie Buchstaben zur Sprache. Allerdings gibt es unterschiedliche Kategorien von Zahlen. Manche lassen sich als Teiler anderer Zahlen darstellen, andere haben unendlich viele Stellen hinter dem Komma, etwa die Kreiszahl ?. Ritvij Singh beschäftigte sich mit den Zahlen, mit denen wir regelmäßig im Alltag zu tun haben – den ganzen Zahlen. Er untersuchte eine bestimmte Klasse von Funktionen, die in der Zahlentheorie eine wichtige Rolle spielen und über die es Tausende mathematischer Sätze und Beweise gibt. Der Jungforscher ordnete und vereinfachte diese Ergebnisse. Zudem gelang es ihm, durch einen raffinierten Kunstgriff mehrere mathematische Beweise, die sich bislang über eine Reihe von Seiten erstreckten, auf ein paar Zeilen zu reduzieren.",https://www.jugend-forscht.de/index.php?id=262&tx_smsjufoprojects_smsjufprojectdb%5Bproject%5D=7395&tx_smsjufoprojects_smsjufprojectdb%5Baction%5D=show&tx_smsjufoprojects_smsjufprojectdb%5Bcontroller%5D=Project&cHash=d577269f74a4983a7e68cbe4bbb7d681,2022,Mathematik/Informatik,Baden-Württemberg
2022,Mathematik/Informatik,2022 | Mathematik/Informatik | Brandenburg,Prototypische Entwicklung eines Liefersystems mit autonomen Luftfahrzeugen,"Jan Berndt, 
									
										Alexander Lowa","Jan Berndt (17, rechts), CottbusMax-Steenbeck-Gymnasium, Cottbus
Alexander Lowa (17, links), SchönwaldeMax-Steenbeck-Gymnasium, Cottbus
4. Preis Mathematik/InformatikPreisstifter: Fraunhofer-Gesellschaft zur Förderung der angewandten Forschung e. V.
Preis für eine Arbeit auf dem Gebiet der Luft- und RaumfahrtPreisstifter: Deutsches Zentrum für Luft- und Raumfahrt
Prototypische Entwicklung eines Liefersystems mit autonomen Luftfahrzeugen
In den USA werden Minidrohnen bereits heute von Logistikunternehmen eingesetzt, um beispielsweise Blutproben rasch und sicher ins Labor zu bringen. Ließe sich etwas Derartiges auch in Deutschland realisieren, etwa für den schnellen Transport von Covid-19-Tests? Dieser Frage gingen Jan Berndt und Alexander Lowa in ihrem Forschungsprojekt nach. Sie entwickelten ein System, bei dem sich über eine leicht zu bedienende Software eine Lieferung per Drohne in Auftrag geben lässt. Als besondere Herausforderung erwies sich die sichere Landung des Minifliegers an seinem Zielort. Dafür konstruierten die beiden Jungforscher eine spezielle Landeplattform und brachten ihrer Drohne mittels eines KI-Algorithmus bei, Objekte und Hindernisse verlässlich zu erkennen.",https://www.jugend-forscht.de/index.php?id=262&tx_smsjufoprojects_smsjufprojectdb%5Bproject%5D=7401&tx_smsjufoprojects_smsjufprojectdb%5Baction%5D=show&tx_smsjufoprojects_smsjufprojectdb%5Bcontroller%5D=Project&cHash=a1b942c5751176a59bd1cc21cae303ad,2022,Mathematik/Informatik,Brandenburg
2022,Mathematik/Informatik,2022 | Mathematik/Informatik | Sachsen-Anhalt,Simulation falscher Erinnerungen in Suchanfragen,Eric Oliver Schmidt,"Eric Oliver Schmidt (19), Halle (Saale)Institut für Informatik, Martin-Luther-Universität Halle-Wittenberg, Halle (Saale)
Simulation falscher Erinnerungen in Suchanfragen
Wie hieß der Film noch gleich, den ich als Kind so gut fand? Wer dann im Internet nach dem Titel sucht, sich aber falsch an den Namen der Hauptdarstellerin erinnert, kommt oft nicht zum Ziel. Solche mit falschen Erinnerungen verbundene Suchmaschinenanfragen untersuchte Eric Oliver Schmidt. Um herauszufinden, welche Muster von Fehlerinnerungen besonders häufig auftreten, analysierte er rund 180 Millionen Einträge eines beliebten Internetforums. Auf dieser Datengrundlage entwickelte der Jungforscher im Anschluss einen Algorithmus, mit dem sich typische Falschanfragen realistisch simulieren lassen. Seine Ergebnisse sollen helfen, die derzeitigen Suchmaschinen zu optimieren, sodass sie typische Fehlerinnerungen besser erkennen und dann dennoch die gewünschten Antworten finden.",https://www.jugend-forscht.de/index.php?id=262&tx_smsjufoprojects_smsjufprojectdb%5Bproject%5D=7414&tx_smsjufoprojects_smsjufprojectdb%5Baction%5D=show&tx_smsjufoprojects_smsjufprojectdb%5Bcontroller%5D=Project&cHash=493e6a0de5e9bf61a36d6b561952eb23,2022,Mathematik/Informatik,Sachsen-Anhalt
2022,Mathematik/Informatik,2022 | Mathematik/Informatik | Schleswig-Holstein,Verschlüsselter Massenspeicher,Veit Eysholdt,"Veit Eysholdt (18), GrandeGymnasium Trittau
Verschlüsselter Massenspeicher
Nach wie vor sind USB-Sticks von großem Nutzen, etwa um größere Datenmengen zu speichern oder sie von Computer zu Computer zu übertragen. Doch wer diese Daten verschlüsseln möchte, muss bislang zu einer Software greifen, die die Daten mit einem Passwort schützt. Das Problem dabei ist: Gerät dieses Passwort in falsche Hände, ist der Schutz hinfällig. Daher entwickelte Veit Eysholdt in seinem Forschungsprojekt eine clevere Alternative: Er integrierte das Verschlüsselungsprogramm als Hardware in einen USB-Stecker. Das eigentliche Speichermedium – eine SD-Karte wie für Digitalkameras – ist davon getrennt. Erst wenn USB-Stick und Karte zusammengesteckt sind, werden die Daten entschlüsselt und sind so lesbar. Dadurch bietet das Konzept sicheren Datenschutz ganz ohne Passwort.",https://www.jugend-forscht.de/index.php?id=262&tx_smsjufoprojects_smsjufprojectdb%5Bproject%5D=7428&tx_smsjufoprojects_smsjufprojectdb%5Baction%5D=show&tx_smsjufoprojects_smsjufprojectdb%5Bcontroller%5D=Project&cHash=f8b3e430050103006bc54025f95a5841,2022,Mathematik/Informatik,Schleswig-Holstein
2022,Mathematik/Informatik,2022 | Mathematik/Informatik | Hessen,Virusausbreitung mit Schwerpunkt auf Corona,"Bosko van Andel, 
									
										Benedikt Leonard Kayser","Bosko van Andel (19, rechts), FronhausenMartin Luther Schule, Marburg
Benedikt Leonard Kayser (18, links), Weimar (Lahn)Martin Luther Schule, Marburg
Preis für eine Arbeit, die in besonderer Weise den Nutzen der Informatik verdeutlichtPreisstifter: Gesellschaft für Informatik e. V.
Virusausbreitung mit Schwerpunkt auf Corona
Wie breitet sich das Coronavirus aus und mit welchen Maßnahmen lässt es sich am wirkungsvollsten eindämmen? Bei der Beantwortung dieser Fragen helfen aufwendige Computersimulationen, die im Verlauf der Pandemie wertvolle Erkenntnisse lieferten. Eine derartige Software entwickelten Bosko van Andel und Benedikt Leonard Kayser. Dabei legten sie Wert darauf, einen möglichst umfassenden Katalog von Maßnahmen gegen das Virus zu berücksichtigen – vom Impfen über Kontaktbeschränkungen und Schnelltests bis hin zum Homeoffice und Tragen von Masken. Während Schnelltests in ihrer Simulation nur einen mäßigen Effekt hatten, konnte die Anzahl der Infizierten durch Masketragen und Impfen deutlich begrenzt werden. Neben Corona eignet sich das Programm auch für die Simulation anderer Virusepidemien.",https://www.jugend-forscht.de/index.php?id=262&tx_smsjufoprojects_smsjufprojectdb%5Bproject%5D=7429&tx_smsjufoprojects_smsjufprojectdb%5Baction%5D=show&tx_smsjufoprojects_smsjufprojectdb%5Bcontroller%5D=Project&cHash=2e34cf04fb2462ee2e3eeb43d05f4499,2022,Mathematik/Informatik,Hessen
2022,Mathematik/Informatik,2022 | Mathematik/Informatik | Hamburg,"Von Bits & Bytes zum Supercomputer, wie arbeitet eine CPU?",Constantin Curt Bredenbach,"Constantin Curt Bredenbach (16), HamburgStadtteilschule Walddörfer, Hamburg
Von Bits & Bytes zum Supercomputer, wie arbeitet eine CPU?
Die CPU, das steht für Central Processing Unit, ist das Kernstück eines jeden Computers. In diesem Prozessor laufen die eigentlichen, blitzschnellen Rechenoperationen ab. Doch wie genau funktioniert so eine hochkomplexe Steuerungseinheit? Um diese Frage zu beantworten, entwickelte Constantin Curt Bredenbach eine eigene CPU, und zwar von Grund auf. Zunächst machte er sich mit den Grundbegriffen vertraut, zum Beispiel mit den verschiedenen Speichern und Registern, die für die Funktion des Prozessors nötig sind. Dann entwarf er das Konzept. Um seinen Bauplan zu überprüfen und zu optimieren, realisierte der Jungforscher den Prozessor schließlich als Computersimulation. Auf dieses Weise schuf er die Basis, um seine eigene CPU tatsächlich bauen zu können.",https://www.jugend-forscht.de/index.php?id=262&tx_smsjufoprojects_smsjufprojectdb%5Bproject%5D=7432&tx_smsjufoprojects_smsjufprojectdb%5Baction%5D=show&tx_smsjufoprojects_smsjufprojectdb%5Bcontroller%5D=Project&cHash=5eec9cc04ae2a655dd2a4e07d2741705,2022,Mathematik/Informatik,Hamburg
2022,Mathematik/Informatik,2022 | Mathematik/Informatik | Hamburg,Zahlen. Folgen. Muster.,"Caspar Levin Kiehn, 
									
										Paul Siewert","Caspar Levin Kiehn (15, links), HamburgGymnasium Kaiser-Friedrich-Ufer, Hamburg
Paul Siewert (19, rechts), GöttingenGeorg-August-Universität Göttingen
5. Preis Mathematik/InformatikPreisstifter: Fraunhofer-Gesellschaft zur Förderung der angewandten Forschung e. V.
Zahlen. Folgen. Muster.
Im Jahr 2020 präsentierte eine wissenschaftliche Arbeitsgruppe einen ungewöhnlichen Artikel in einer Fachzeitschrift für Mathematik: Die Forschenden hatten eine neue und überraschende Formel entdeckt, mit der sich Primzahlen berechnen lassen – Zahlen also, die sich nur durch sich selbst und durch eins teilen lassen. Caspar Levin Kiehn und Paul Siewert waren davon so verblüfft, dass sie der Sache unbedingt auf den Grund gehen wollten. Der Fachaufsatz selbst lieferte jedoch nur recht dürftige Erklärungen, was hinter der neuen Formel stecken könnte. Daher stellten die beiden Jungforscher eigene Analysen an und untersuchten die Formel mit diversen mathematischen Methoden. Schließlich fanden sie eine Art Grundgerüst, also einen konzeptionellen Rahmen, mit dessen Hilfe sich die Formel besser verstehen lässt.",https://www.jugend-forscht.de/index.php?id=262&tx_smsjufoprojects_smsjufprojectdb%5Bproject%5D=7441&tx_smsjufoprojects_smsjufprojectdb%5Baction%5D=show&tx_smsjufoprojects_smsjufprojectdb%5Bcontroller%5D=Project&cHash=768f179f2164480011c7f058e5610690,2022,Mathematik/Informatik,Hamburg
2022,Geo- und Raumwissenschaften,2022 | Geo- und Raumwissenschaften | Niedersachsen,Beobachtung und Auswertung der Exoplanetentransits von HAT-P-16 b und KELT-16 b,"Konstantin Lehan, 
									
										Ole Sandmann","Konstantin Lehan (17, links), WallenhorstAngelaschule Osnabrück
Ole Sandmann (18, rechts), WallenhorstAngelaschule Osnabrück
4. Preis Geo- und RaumwissenschaftenPreisstifter: stern
Beobachtung und Auswertung der Exoplanetentransits von HAT-P-16 b und KELT-16 b
Mit einem gewöhnlichen Schulteleskop beobachteten Konstantin Lehan und Ole Sandmann den Transit von Exoplaneten, also Planeten außerhalb unseres Sonnensystems, und werteten diesen aus. Mit der sogenannten Transitmethode erfassten sie das Vorüberziehen von Planeten vor der Sonne, den Transit, fotometrisch und sammelten so wichtige Daten. Über mehrere Stunden beobachteten die Jungforscher auf diese Weise die Helligkeit von zwei Sternen, um die die Exoplaneten HAT-P-16 b und KELT-16 b kreisen, und analysierten diese Aufnahmen mit einer speziellen Software. Anhand der Daten konnten sie weitere Eigenschaften der Exoplaneten ermitteln, so etwa den Planetenradius. Sie zeigten, dass mit relativ einfachen Mitteln auch im schulischen Kontext Beobachtungen und Auswertungen von Exoplaneten möglich sind.",https://www.jugend-forscht.de/index.php?id=262&tx_smsjufoprojects_smsjufprojectdb%5Bproject%5D=7339&tx_smsjufoprojects_smsjufprojectdb%5Baction%5D=show&tx_smsjufoprojects_smsjufprojectdb%5Bcontroller%5D=Project&cHash=108aa02fd78be5154254bfe442cc6d12,2022,Geo- und Raumwissenschaften,Niedersachsen
2022,Geo- und Raumwissenschaften,2022 | Geo- und Raumwissenschaften | Thüringen,Das Wetter im Bilde,Konrad Gralher,"Konrad Gralher (18), LenterodeFreie Waldorfschule Göttingen
Das Wetter im Bilde
In niedrigen Umlaufbahnen der Erde befinden sich noch immer drei Wettersatelliten aus der Frühzeit der Satellitenära. Im Vergleich zu ihren modernen Pendants nutzen diese alten Erdtrabanten eine einfachere Technik, auch im Hinblick auf die Datenübermittlung, die auf einer niedrigeren Frequenz basiert. Konrad Gralher setzte sich zum Ziel, die frei verfügbaren Messwerte dieser Satelliten einem größeren Kreis von Wissenschaftlerinnen und Wissenschaftlern zugänglich zu machen. Er testete verschiedene Arten von Antennen und entwickelte ein Verfahren zur schnelleren Dekodierung der aus dem All übertragenen Rohdaten mit dem GNU Radio genannten Programmierwerkzeug. Dafür musste der Jungforscher tief in die Materie eindringen, denn öffentliche Dokumentationen zu den Daten sind rar.",https://www.jugend-forscht.de/index.php?id=262&tx_smsjufoprojects_smsjufprojectdb%5Bproject%5D=7348&tx_smsjufoprojects_smsjufprojectdb%5Baction%5D=show&tx_smsjufoprojects_smsjufprojectdb%5Bcontroller%5D=Project&cHash=315cc8eb882cfef4be57bb886962d365,2022,Geo- und Raumwissenschaften,Thüringen
2022,Geo- und Raumwissenschaften,2022 | Geo- und Raumwissenschaften | Rheinland-Pfalz,Erdbebenmessung mithilfe von Infraschall,Benedict May,"Benedict May (16), KoblenzBischöfliches Cusanus-Gymnasium, Koblenz
3. Preis Geo- und RaumwissenschaftenPreisstifter: stern
Preis für eine originelle Arbeit auf dem Gebiet der GeowissenschaftenPreisstifter: Deutsche Geologische Gesellschaft - Geologische Vereinigung e. V.
Erdbebenmessung mithilfe von Infraschall
Infraschall hat eine so geringe Frequenz, dass Menschen ihn nicht hören. Entsprechende Sensoren können aus dem Schall aber einiges herauslesen und so zum Beispiel Atomtests lokalisieren. Benedict May hatte die Idee, auch Erdbeben auf diese Weise nachzuweisen. Weil Mikrobarometer, die Infraschall messen können, recht teuer sind, nutzte er stattdessen einen Differenzdrucksensor, den er für seine Zwecke umbaute. Ferner entwickelte er eine Software, um per Mikrocontroller die Messdaten auswerten zu können. Während der Jungforscher anschließend in der Osteifel Feldmessungen vornahm, ereignete sich dort tatsächlich ein leichtes Erdbeben, das in den Messprotokollen erkennbar war. So konnte er zeigen, dass für die Erdbebenmessung nicht zwingend teure Geräte benötigt werden.",https://www.jugend-forscht.de/index.php?id=262&tx_smsjufoprojects_smsjufprojectdb%5Bproject%5D=7370&tx_smsjufoprojects_smsjufprojectdb%5Baction%5D=show&tx_smsjufoprojects_smsjufprojectdb%5Bcontroller%5D=Project&cHash=5af22d852c6a4f9162a5b5162ac69210,2022,Geo- und Raumwissenschaften,Rheinland-Pfalz
2022,Geo- und Raumwissenschaften,2022 | Geo- und Raumwissenschaften | Sachsen-Anhalt,Mysterium Gamma-Quellen – Können Sternhaufen Gammastrahlung erzeugen?,Vanessa Guthier,"Vanessa Guthier (18), Heppenheim (Bergstraße)Landesschule Pforta, Naumburg
Bundessieg1. Preis Geo- und RaumwissenschaftenPreisstifter: stern
SonderpreisEinladung zum European Union Contest for Young Scientists (EUCYS)Preisstifter: European Commission
Europa-Preis für Teilnehmende am European Union Contest for Young Scientists (EUCYS)Preisstifter: Deutsche Forschungsgemeinschaft
Preis für eine Arbeit auf dem Gebiet der AstronomiePreisstifter: Astronomische Gesellschaft e. V.
Mysterium Gamma-Quellen – Können Sternhaufen Gammastrahlung erzeugen?
Wenn sich junge Sterne in relativer Nähe zueinander sammeln, können durch Wechselwirkungen der Himmelskörper so schnelle Teilchen entstehen, dass diese Gammastrahlung hervorrufen. Vanessa Guthier schrieb Programme, um die Daten statistisch zu analysieren, die sie in Katalogen sowohl der Sternhaufen als auch der Gammastrahlungsquellen fand. Dabei konnte sie zeigen, dass anscheinend folgende Bedingungen erfüllt sein müssen, damit Gammastrahlung entstehen kann: Die Sterne sollten jünger sein als zehn Millionen Jahre, der Sternhaufen sollte mehr als 100 Sterne umfassen und der Radius des Haufens sollte zwischen 8,5 und 15 Einheiten des astronomischen Entfernungsmaßes Parsec liegen. Die Ergebnisse könnten künftig helfen, die Entstehung der Strahlung aus dem All noch besser zu verstehen.",https://www.jugend-forscht.de/index.php?id=262&tx_smsjufoprojects_smsjufprojectdb%5Bproject%5D=7393&tx_smsjufoprojects_smsjufprojectdb%5Baction%5D=show&tx_smsjufoprojects_smsjufprojectdb%5Bcontroller%5D=Project&cHash=fecc3fdde037c956dad5dc470b59cbc9,2022,Geo- und Raumwissenschaften,Sachsen-Anhalt
2022,Geo- und Raumwissenschaften,2022 | Geo- und Raumwissenschaften | Nordrhein-Westfalen,Photometric Search for Exomoons by Using Ensembles of Machine Learning Algorithms,Lukas Weghs,"Lukas Weghs (18), KempenThomaeum – Städtisches Gymnasium Kempen
2. Preis Geo- und RaumwissenschaftenPreisstifter: stern
Preis für eine Arbeit zum Thema ""Zukunftsorientierte Technologien""Preisstifter: Bundesministerin für Bildung und Forschung Bettina Stark-Watzinger, MdB
Photometric Search for Exomoons by Using Ensembles of Machine Learning Algorithms
Extrasolare Monde, auch Exomonde genannt, sind natürliche Satelliten, die einen Planeten außerhalb unseres Sonnensystems umkreisen. Ihr Nachweis ist noch schwieriger als der von Exoplaneten und sehr rechenaufwendig. Jüngste Versuche der Wissenschaft, Exomonde mittels künstlicher neuronaler Netzwerke zu finden, blieben erfolglos. Lukas Weghs zeigte, dass eine KI-basierte Kombination verschiedener Methoden das Aufspüren von Exomondkandidaten gezielt verbessern kann. Er nutzte spezielle Datenverarbeitungsverfahren sowie Methoden zum maschinellen Lernen und konnte dabei durch Kombination verschiedener Algorithmen die Rechenleistung erhöhen. Dies hilft, Beobachtungsdaten potenzieller Exomonde genauer zu analysieren und vermeidet, dass exomondähnliche Signale durch Rauschen als Exomond erkannt werden.",https://www.jugend-forscht.de/index.php?id=262&tx_smsjufoprojects_smsjufprojectdb%5Bproject%5D=7399&tx_smsjufoprojects_smsjufprojectdb%5Baction%5D=show&tx_smsjufoprojects_smsjufprojectdb%5Bcontroller%5D=Project&cHash=5ad3fa360e41a45c2bc0abc633351c68,2022,Geo- und Raumwissenschaften,Nordrhein-Westfalen
2022,Geo- und Raumwissenschaften,2022 | Geo- und Raumwissenschaften | Bayern,Regenbogen- und Bachforellenlaich im Klimawandel – Auswirkungen erhöhter Feinsedimentlast,Leonie Prillwitz,"Leonie Prillwitz (18), FriedbergMaria-Ward-Gymnasium Augsburg
Preis der BundespateninstitutionPreisstifter: Forschungsforum Schleswig-Holstein e. V.
Preis für eine Arbeit auf dem Gebiet der GeographiePreisstifter: Deutsche Gesellschaft für Geographie e. V.
Regenbogen- und Bachforellenlaich im Klimawandel – Auswirkungen erhöhter Feinsedimentlast
Starkregenereignisse schwemmen immer häufiger Feststoffe in Bäche und Flüsse, was eine zunehmende Sedimentation zur Folge hat. Die Partikel setzen die Zwischenräume der Kieselsteinen am Gewässergrund zu und hemmen so die Sauerstoffversorgung des dort abgelegten Fischlaichs. Leonie Prillwitz untersuchte die Auswirkungen von Feinsedimenten am Beispiel zweier Forellenarten. Sie nahm Brutversuche in Aquarien sowie in Brutboxen im Freilandgewässer vor und analysierte die Entwicklung des Laichs in Relation zur Wasserqualität. Dabei zeigte sich, dass die Fischeier bei hohem Gehalt von Feinsediment in größerem Umfang verpilzten. Damit verdeutlichte die Jungforscherin einen komplexen ökologischen Zusammenhang: Jede Vegetation, die die Erosion im Umfeld eines Bachs bei Starkregen eindämmt, kommt der Fischpopulation zugute.",https://www.jugend-forscht.de/index.php?id=262&tx_smsjufoprojects_smsjufprojectdb%5Bproject%5D=7406&tx_smsjufoprojects_smsjufprojectdb%5Baction%5D=show&tx_smsjufoprojects_smsjufprojectdb%5Bcontroller%5D=Project&cHash=0483ca068b531e3c727cab8b934ad270,2022,Geo- und Raumwissenschaften,Bayern
2022,Geo- und Raumwissenschaften,2022 | Geo- und Raumwissenschaften | Sachsen,Untersuchungen am Sturmglas – die Erklärungen zu einem historischen Wettermessgerät,Janine Jorke,"Janine Jorke (18), MeißenSächsisches Landesgymnasium Sankt Afra zu Meißen
5. Preis Geo- und RaumwissenschaftenPreisstifter: stern
Preis für eine Arbeit auf dem Gebiet des geowissenschaftlichen UnterrichtsPreisstifter: Verband Deutscher Schulgeographen e. V.
Untersuchungen am Sturmglas – die Erklärungen zu einem historischen Wettermessgerät
Sturmgläser sollen anzeigen, wie das Wetter wird. In den abgeschlossenen Glasbehältern befinden sich Flüssigkeiten mit Salzen, die wechselnde Kristalle ausbilden können, was angeblich je nach Wetterentwicklung geschieht. Janine Jorke wollte dem auf den Grund gehen. Dafür nutzte sie die Raman-Spektroskopie. Dabei werden Moleküle einer Flüssigkeit  mit einem Laser bestrahlt und geraten je nach Inhaltsstoffen unterschiedlich in Schwingung. So konnte die Jungforscherin zeigen, wie sich die Stoffkonzentrationen in der Flüssigkeit je nach Art der Kristalle im Glas ändern. Sie wies zudem einen Einfluss der Temperatur der Flüssigkeiten auf die Kristalle nach. Bei anderen Wetterparametern konnte sie dies nicht feststellen. Das Sturmglas taugt somit nicht für die Wetterprognose.",https://www.jugend-forscht.de/index.php?id=262&tx_smsjufoprojects_smsjufprojectdb%5Bproject%5D=7425&tx_smsjufoprojects_smsjufprojectdb%5Baction%5D=show&tx_smsjufoprojects_smsjufprojectdb%5Bcontroller%5D=Project&cHash=04f2ec0a33881f53de3c261502072de8,2022,Geo- und Raumwissenschaften,Sachsen
2022,Geo- und Raumwissenschaften,2022 | Geo- und Raumwissenschaften | Nordrhein-Westfalen,Wissenschaftliche Untersuchung des Sterns Mira im Sternbild Walfisch,"Gloria Gabriel, 
									
										Lynn Ascheuer","Gloria Gabriel (16, rechts), WuppertalCarl-Fuhlrott-Gymnasium, Wuppertal
Lynn Ascheuer (18, links), WuppertalCarl-Fuhlrott-Gymnasium, Wuppertal
Wissenschaftliche Untersuchung des Sterns Mira im Sternbild Walfisch
Gloria Gabriel und Lynn Ascheuer sind fasziniert vom Sternenhimmel. In ihrer Forschungsarbeit befassten sie sich mit den Sternbildern der Perseus-Sage am Herbst- und Winterhimmel der nördlichen Hemisphäre. Dabei stießen sie auf den rötlichen Stern Mira im Sternbild Walfisch. Das Doppelsternsystem fällt durch eine Hülle aus abgestoßener Materie auf, die sich wie ein Schweif hinter dem Stern herzieht. Mithilfe von astrofotografischen und spektroskopischen Aufnahmen, die sie mit einem speziellen Spalt-Spektrografen erstellten, untersuchten sie die chemische Zusammensetzung seiner Fotosphäre. Das ist die innerste Schicht eines Sterns, die sich noch direkt beobachten lässt. Die Jungforscherinnen wiesen spektroskopisch nach, dass die Fotosphäre von Mira Titanoxid, Kalzium und Wasserstoff sowie Spuren von Vanadium enthält.",https://www.jugend-forscht.de/index.php?id=262&tx_smsjufoprojects_smsjufprojectdb%5Bproject%5D=7440&tx_smsjufoprojects_smsjufprojectdb%5Baction%5D=show&tx_smsjufoprojects_smsjufprojectdb%5Bcontroller%5D=Project&cHash=df04e655e1235354cdbddf524bef14a5,2022,Geo- und Raumwissenschaften,Nordrhein-Westfalen
2021,Physik,2021 | Physik | Hessen,ARA – Akustische RaumAnalyse,"Ferdinand Schäffter, 
									
										Lukas Schnellbacher","Ferdinand Schäffter (18, links), MichelstadtGymnasium Michelstadt
Lukas Schnellbacher (17, rechts), MichelstadtGymnasium Michelstadt
Heidelberger Life-Science Lab am Deutschen Krebsforschungszentrum
ARA – Akustische RaumAnalyse
Fledermäuse navigieren mit Ultraschall: Während des Fluges senden sie hohe, für den Menschen unhörbare Töne aus, fangen die Echos auf und können dadurch bei Nacht Hindernissen flink und elegant ausweichen. Dieses Prinzip nahmen sich Ferdinand Schäffter und Lukas Schnellbacher zum Vorbild, um ein neuartiges Vermessungssystem für Räume zu konstruieren. Dabei spielt ein Lautsprecher ein Schallsignal aus, mehrere Mikrofone nehmen die von Wänden und Decke reflektierten Echos auf. Um diese Echos zu analysieren, programmierten die Jungforscher eine Software, die die Signale der verschiedenen Mikrofone vergleicht und Rauschen sowie Störgeräusche herausfiltert. Hilfreich sein könnte das System eines Tages unter anderem zur Navigation autonomer Roboter.",https://www.jugend-forscht.de/index.php?id=262&tx_smsjufoprojects_smsjufprojectdb%5Bproject%5D=7225&tx_smsjufoprojects_smsjufprojectdb%5Baction%5D=show&tx_smsjufoprojects_smsjufprojectdb%5Bcontroller%5D=Project&cHash=922d9006326fdf392bbeae2223879340,2021,Physik,Hessen
2021,Physik,2021 | Physik | Schleswig-Holstein,Der Einfluss der Saxofon-Blattstärken auf das Klangspektrum,Marje Kaack,"Marje Kaack (19), StavangerInternational School of Stavanger, Hafrsfjord
SonderpreisStipendium für einen Studienplatz an einer Universität der BundeswehrPreisstifter: Bundesministerin der Verteidigung Annegret Kramp-Karrenbauer
Der Einfluss der Saxofon-Blattstärken auf das Klangspektrum
Für manche Menschen überraschend zählt das Saxofon nicht zu den Blechbläsern, sondern zu den Holzblasinstrumenten. Der Grund ist die Art der Tonerzeugung: Sie erfolgt über ein Schilfrohrblatt, das durch den gepressten Atem zum Schwingen gebracht wird. Wie aber wirkt sich die Stärke dieses Blatts auf den Instrumentenklang aus? Um das herauszufinden, ermittelte Marje Kaack zunächst die Kraft, die zum Verbiegen verschiedener Rohrblätter nötig ist. Dann setzte sie die Blätter nacheinander in ein Saxofon ein und nahm die jeweiligen Klangspektren auf. Im Ergebnis erzeugten dünne Blattstärken einen scharfen, obertonreichen Klang, wohingegen dickere Rohrblätter einen wärmeren, jedoch auch klareren Ton zur Folge hatten. Sie sind allerdings technisch anspruchsvoller zu spielen als dünnere Blattstärken.",https://www.jugend-forscht.de/index.php?id=262&tx_smsjufoprojects_smsjufprojectdb%5Bproject%5D=7239&tx_smsjufoprojects_smsjufprojectdb%5Baction%5D=show&tx_smsjufoprojects_smsjufprojectdb%5Bcontroller%5D=Project&cHash=6169d07f20f4662d1daebfcba56e233f,2021,Physik,Schleswig-Holstein
2021,Physik,2021 | Physik | Brandenburg,Effekte im fallenden viskosen Flüssigkeitsstrom,Finn Michler,"Finn Michler (19), BerlinHermann-von-Helmholtz-Gymnasium, Potsdam
5. Preis PhysikPreisstifter: Max-Planck-Gesellschaft zur Förderung der Wissenschaften e. V.
Effekte im fallenden viskosen Flüssigkeitsstrom
Lässt man Honig von einem Holzstab nach unten fließen, ist ein interessantes Phänomen zu beobachten: Wo er auftrifft, rollt sich der Honigstrahl zu einem schneckenartigen Gebilde auf. Der Grund dafür ist, dass die Flüssigkeit unten langsamer abfließen kann, als sie von oben nachkommt. Diesen Effekt nahm Finn Michler in seinem Forschungsprojekt genauer unter die Lupe und verglich ihn mit dem Verhalten weniger dickflüssiger Stoffe. Er konstruierte unter anderem einen Versuchsaufbau, bei dem die verschiedenen Flüssigkeiten aus unterschiedlichen Höhen nach unten fielen. Dann stellte er mithilfe von Kamerabildern fest, unter welchen Bedingungen das Schneckenphänomen einsetzte. Im Prinzip könnte der Effekt, so das Resümee des Jungforschers, künftig das 3-D-Drucken beschleunigen.",https://www.jugend-forscht.de/index.php?id=262&tx_smsjufoprojects_smsjufprojectdb%5Bproject%5D=7253&tx_smsjufoprojects_smsjufprojectdb%5Baction%5D=show&tx_smsjufoprojects_smsjufprojectdb%5Bcontroller%5D=Project&cHash=0a8fb4bc315b22ffa6b9e7c401a5cd52,2021,Physik,Brandenburg
2021,Physik,2021 | Physik | Bayern,Ermittlung des Normalized Difference Vegetation Index mit einer modifizierten RGB-Kamera,Britt Besch,"Britt Besch (18), OlchingGymnasium Olching
Preis für eine Arbeit auf den Gebieten der Naturwissenschaften und der TechnikPreisstifter: Wilhelm und Else Heraeus-Stiftung
Ermittlung des Normalized Difference Vegetation Index mit einer modifizierten RGB-Kamera
Die Fernerkundung per Satellit wird für Forschung und Landwirtschaft immer wichtiger: Die Aufnahmen können verraten, in welchem Zustand sich die Vegetation befindet und wann und wo gedüngt werden sollte. Allerdings sind dafür ausgefeilte Verfahren erforderlich, mit denen sich aus den Bildern die gewünschten Informationen extrahieren lassen, etwa über den Gesundheitsstatus der Pflanzen. Eine solche Methode entwickelte Britt Besch in ihrem Forschungsprojekt mit einfachen Mitteln – mit einer Digitalkamera, mehreren Filtern und einer selbst gebauten Halterung. Es folgte der Langzeittest im eigenen Garten: Die Spezialaufnahmen zeigten nicht nur die Entwicklung der Vegetation im Verlauf der Jahreszeiten, sondern auch den Einfluss von Dünger und Bewässerung auf den Rasen.",https://www.jugend-forscht.de/index.php?id=262&tx_smsjufoprojects_smsjufprojectdb%5Bproject%5D=7263&tx_smsjufoprojects_smsjufprojectdb%5Baction%5D=show&tx_smsjufoprojects_smsjufprojectdb%5Bcontroller%5D=Project&cHash=7f94d587dca8325668975893e749858d,2021,Physik,Bayern
2021,Physik,2021 | Physik | Sachsen,Experimenteller Nachweis von negativer effektiver Masse,Johannes Rothe,"Johannes Rothe (17), LeipzigBIP Kreativitätsgymnasium Leipzig, Leipzig
Experimenteller Nachweis von negativer effektiver Masse
Können Stäbe, die durch Federn miteinander verbunden sind, so schwingen, als hätten sie eine negative Masse? Dieser Frage ging Johannes Rothe nach. Anregen ließ er sich dabei von einer chinesischen Fachpublikation, in der er den Hinweis fand, dass solche negativen Massen bei einer anderen Art von Federpendel aufgetreten waren. Um seine Frage zu beantworten, konstruierte der Jungforscher eine Wellenmaschine aus beweglichen Stäben, die mit Federn untereinander verbunden sind. Ein elektrischer Impulsgeber versetzte sie in Schwingung, eine Kamera filmte das Geschehen. Die anschließende Computeranalyse lieferte das Ergebnis: Werden einige der Stäbe mit Klammern fixiert, kann sich die Wellenmaschine so verhalten, als wären tatsächlich negative Massen im Spiel.",https://www.jugend-forscht.de/index.php?id=262&tx_smsjufoprojects_smsjufprojectdb%5Bproject%5D=7265&tx_smsjufoprojects_smsjufprojectdb%5Baction%5D=show&tx_smsjufoprojects_smsjufprojectdb%5Bcontroller%5D=Project&cHash=e66414fc8a2ac946e388ec224ec1c63b,2021,Physik,Sachsen
2021,Physik,2021 | Physik | Thüringen,Faser-Bragg-Gitter und deren Potenzial zur Anwendung im Bereich der Neuroprothesen,"Malte Reinstein, 
									
										Johanna Rackete, 
									
										Lilly Schuster","Malte Reinstein (18, Mitte), AltenburgStaatliches Friedrichgymnasium Altenburg
Johanna Rackete (18, links), AltenburgStaatliches Friedrichgymnasium Altenburg
Lilly Schuster (18, rechts), Regis-BreitingenStaatliches Friedrichgymnasium Altenburg
Faser-Bragg-Gitter und deren Potenzial zur Anwendung im Bereich der Neuroprothesen
Arm- und Handprothesen sind in den vergangenen Jahren immer leistungsfähiger geworden. Dafür sorgen unter anderem Sensoren, die Nervensignale im Unterarm erfassen und an einen Steuerungsrechner weiterleiten oder die Motorbewegungen der mechanischen Finger genauestens überwachen. Malte Reinstein, Johanna Rackete und Lilly Schuster untersuchten, inwieweit ein Bauteil als Prothesensensor taugt, das dort bislang noch nicht zum Einsatz kommt – die Glasfaser. Sie kann zum Beispiel Dehn- und Biegebewegungen präzise messen. In mehreren Experimenten analysierten die drei, wie belastungsfähig und haltbar Glasfasern im Dauerbetrieb sind. Ihr Ergebnis fällt durchaus positiv aus: Glasfasern scheinen als Komponenten von Neuroprothesen absolut geeignet zu sein.",https://www.jugend-forscht.de/index.php?id=262&tx_smsjufoprojects_smsjufprojectdb%5Bproject%5D=7266&tx_smsjufoprojects_smsjufprojectdb%5Baction%5D=show&tx_smsjufoprojects_smsjufprojectdb%5Bcontroller%5D=Project&cHash=9912e21038d974710db53212e908749b,2021,Physik,Thüringen
2021,Physik,2021 | Physik | Niedersachsen,Fehlertolerante Methode zur Bestimmung der spezifischen Elektronenladung,"Christoph Schütze, 
									
										Stefan Kribbe, 
									
										Leon Krasniqi","Christoph Schütze (18, rechts), CelleHölty-Gymnasium Celle
Stefan Kribbe (18, links), CelleHölty-Gymnasium Celle
Leon Krasniqi (19, Mitte), HambührenHölty-Gymnasium Celle
Preis des BundespatenunternehmensPreisstifter: experimenta gGmbH
Fehlertolerante Methode zur Bestimmung der spezifischen Elektronenladung
Das Elektron ist das wohl prominenteste unter den Elementarteilchen. Es trägt eine ganz bestimmte elektrische Ladung, die sich mit speziellen Experimenten messen lässt, zum Beispiel im Physikunterricht. Allerdings sind diese Messungen zumeist ziemlich ungenau, was oftmals an den wenig präzisen Versuchsaufbauten liegt. Christoph Schütze, Stefan Kribbe und Leon Krasniqi wollten sich damit nicht abfinden und entwickelten eine Messapparatur, mit der sich die Elektronenladung besonders genau ermitteln lässt. Wesentliche Teile des Aufbaus stellten sie per 3-D-Drucker her, auch die Schaltungen für die Messelektronik entwarfen sie selbst. Damit gelang es den Jungforschern, den Wert der Elektronenladung bis auf wenige Prozent genau zu bestimmen.",https://www.jugend-forscht.de/index.php?id=262&tx_smsjufoprojects_smsjufprojectdb%5Bproject%5D=7267&tx_smsjufoprojects_smsjufprojectdb%5Baction%5D=show&tx_smsjufoprojects_smsjufprojectdb%5Bcontroller%5D=Project&cHash=71ebe1bd3df5f43ce7b717b547551319,2021,Physik,Niedersachsen
2021,Physik,2021 | Physik | Rheinland-Pfalz,Festkörperanalyse mithilfe des Fermi-Hubbard-Modells,Hugo Hager Fernández,"Hugo Hager Fernández (19), MainzGymnasium am Kurfürstlichen Schloss, Mainz
Heidelberger Life-Science Lab am Deutschen Krebsforschungszentrum
Festkörperanalyse mithilfe des Fermi-Hubbard-Modells
Wenn ein Laptop-Prozessor auf Hochtouren arbeitet, laufen pro Sekunde Abermilliarden von Schaltprozessen – Elektronen fließen gezielt von einer Stelle zur anderen. Solche Prozesse mathematisch zu beschreiben, ist alles andere als einfach, schließlich gehorchen Elektronen den hochkomplexen Regeln der Quantenphysik. In seinem Forschungsprojekt entwickelte Hugo Hager Fernández einen Algorithmus, der ebenso effizient wie präzise nachbilden kann, wie sich Elektronen in einem Festkörper verhalten. Das besondere Augenmerk des Jungforschers galt dabei einem regelrechten Extrembereich – Temperaturen nahe dem absoluten Nullpunkt bei minus 273 Grad Celsius. Hier nämlich besitzen die Elektronen so wenig Energie, dass sie ihren ureigenen Grundzustand einnehmen können.",https://www.jugend-forscht.de/index.php?id=262&tx_smsjufoprojects_smsjufprojectdb%5Bproject%5D=7269&tx_smsjufoprojects_smsjufprojectdb%5Baction%5D=show&tx_smsjufoprojects_smsjufprojectdb%5Bcontroller%5D=Project&cHash=28ef6c095925e77a27c891ecd033e404,2021,Physik,Rheinland-Pfalz
2021,Physik,2021 | Physik | Sachsen-Anhalt,Laterale Auflösung in der Positronen-Annihilations-Lebensdauerspektroskopie,Martin Rauch,"Martin Rauch (18), Halle (Saale)Gymnasium Südstadt Halle (Saale)
4. Preis PhysikPreisstifter: Max-Planck-Gesellschaft zur Förderung der Wissenschaften e. V.
SonderpreisEinladung zum London International Youth Science ForumPreisstifter: Ernst A. C. Lange-Stiftung
Preis für eine Arbeit mit Bezug zu Sicherheit in Chemie und WerkstofftechnikPreisstifter: Adolf-Martens-Fonds e. V.
Laterale Auflösung in der Positronen-Annihilations-Lebensdauerspektroskopie
Viele Materialien besitzen eine Kristallstruktur. Allerdings sind die meisten Kristalle alles andere als perfekt, sie besitzen winzige Makel und Defekte. Mitunter können diese Defekte Werkstoffeigenschaften negativ beeinflussen und das Material spröde und brüchig machen. Glücklicherweise gibt es zerstörungsfreie Prüfverfahren, die solche Mängel aufspüren können. Eine dieser Methoden entwickelte Martin Rauch in seinem Forschungsprojekt weiter – die sogenannte Positronen-Annihilations-Lebensdauerspektroskopie. Dabei dringen winzige radioaktive Teilchen als Minisonden ins Material ein und geben Auskunft über dessen Inneres. Der Jungforscher nutzte spezielle radioaktive Salzlösungen als Positronenquelle und konnte dadurch die Auflösung bei dieser Methode merklich verbessern.",https://www.jugend-forscht.de/index.php?id=262&tx_smsjufoprojects_smsjufprojectdb%5Bproject%5D=7286&tx_smsjufoprojects_smsjufprojectdb%5Baction%5D=show&tx_smsjufoprojects_smsjufprojectdb%5Bcontroller%5D=Project&cHash=23af817b969f967ba57ab0198b46ef29,2021,Physik,Sachsen-Anhalt
2021,Physik,2021 | Physik | Saarland,Lightwhiskers/branched flow of light,"Max Dorzweiler, 
									
										Jan Dajnec","Max Dorzweiler (15, links), SchwalbachMax-Planck-Gymnasium, Saarlouis
Jan Dajnec (15, rechts), EnsdorfMax-Planck-Gymnasium, Saarlouis
3. Preis PhysikPreisstifter: Max-Planck-Gesellschaft zur Förderung der Wissenschaften e. V.
Lightwhiskers/branched flow of light
Im Juli 2020 vermeldete ein israelisch-amerikanisches Forschungsteam die Entdeckung eines verblüffenden optischen Effekts: Streift ein Laserstrahl eine Seifenblase, kann er sich in Dutzende feinere Strahlen aufspalten – ähnlich einem Baumstamm, der sich in immer dünnere Äste verzweigt. Max Dorzweiler und Jan Dajnec konstruierten mithilfe eines 3-D-Druckers eine Apparatur, die solche Seifenblasen von gleichbleibender Qualität erzeugen kann. Zudem ließen sie sich einen raffinierten Mechanismus einfallen, bei dem eine Glasfaser das grüne Licht eines Lasers zur Seifenblase leitet. Nach einiger Tüftelei gelang es ihnen, das faszinierende Lichtspektakel selbst zu erzeugen. Darüber hinaus entwickelten sie ein Gerät zur Messung der Dicke der Seifenmembran, um das Phänomen so noch weiter zu erforschen.",https://www.jugend-forscht.de/index.php?id=262&tx_smsjufoprojects_smsjufprojectdb%5Bproject%5D=7287&tx_smsjufoprojects_smsjufprojectdb%5Baction%5D=show&tx_smsjufoprojects_smsjufprojectdb%5Bcontroller%5D=Project&cHash=5fecad2a4b0c60e8ecf3084e3a63d024,2021,Physik,Saarland
2021,Physik,2021 | Physik | Hamburg,Neuartige SPIONs als alternatives MRT-Kontrastmittel,Aruna Sherma,"Aruna Sherma (19), HamburgStadtteilschule Walddörfer, Hamburg
2. Preis PhysikPreisstifter: Max-Planck-Gesellschaft zur Förderung der Wissenschaften e. V.
SonderpreisEinladung zum London International Youth Science ForumPreisstifter: Ernst A. C. Lange-Stiftung
Neuartige SPIONs als alternatives MRT-Kontrastmittel
Die Magnetresonanztomografie (MRT) zählt zu den wichtigsten Bildgebungsverfahren in der Medizin. Sie erlaubt es auf schonende Weise, 3-D-Aufnahmen aus dem Körperinneren zu erstellen. Um die Bildqualität zu steigern, wird oft ein Kontrastmittel verabreicht, das auf dem Element Gadolinium basiert. Dieses kann sich jedoch im Gewebe anreichern und in seltenen Fällen eine Erkrankung verursachen. Daher suchte Aruna Sherma in ihrer Forschungsarbeit nach einer Alternative. Mithilfe aufwendiger chemischer Herstellungsverfahren entwickelte sie mehrere Varianten eines gadoliniumfreien Kontrastmittels, basierend auf Nanopartikeln aus Eisenoxid. Die Analysen verliefen vielversprechend: So wie es aussieht, könnten einige der Kandidaten durchaus als effektive, nicht giftige Kontrastmittel taugen.",https://www.jugend-forscht.de/index.php?id=262&tx_smsjufoprojects_smsjufprojectdb%5Bproject%5D=7300&tx_smsjufoprojects_smsjufprojectdb%5Baction%5D=show&tx_smsjufoprojects_smsjufprojectdb%5Bcontroller%5D=Project&cHash=93b1bbc42aeb7cee5f0288adb79b3064,2021,Physik,Hamburg
2021,Physik,2021 | Physik | Baden-Württemberg,Physikalische Beschreibung und Modellierung des Fluges von Papierstreifen,"Leonard Münchenbach, 
									
										Leo Neff","Leonard Münchenbach (17, links), EmmendingenGewerbliche und Hauswirtschaftlich-Sozialpflegerische Schulen Emmendingen
Leo Neff (17, rechts), EmmendingenGoethe-Gymnasium Emmendingen
aluMINTzium, Emmendingen
Bundessieg1. Preis PhysikPreisstifter: Max-Planck-Gesellschaft zur Förderung der Wissenschaften e. V.
SonderpreisEinladung zum European Union Contest for Young Scientists (EUCYS)Preisstifter: European Commission
Europa-Preis für Teilnehmende am European Union Contest for Young Scientists (EUCYS)Preisstifter: Deutsche Forschungsgemeinschaft
Physikalische Beschreibung und Modellierung des Fluges von Papierstreifen
Wird eine Konfettikanone abgefeuert, folgt ein turbulentes Schauspiel: Aberhunderte von Papierschnipseln wirbeln in abenteuerlichen Flugkurven durch die Luft. Leonard Münchenbach und Leo Neff widmeten sich diesem Phänomen in ihrem Forschungsprojekt mit wissenschaftlicher Akribie. Sie konstruierten ein Gestell, das kleine Papierstreifen auf immer gleiche Weise zu Boden fallen ließ. Eine Zeitlupenkamera filmte das Geschehen und eine Computersoftware half bei der Analyse der Aufnahmen. Auf diese Weise untersuchten die Jungforscher die unterschiedlichsten Streifenformen, manche lang und schmal, andere kurz und breit. Als Ergebnis fanden sie unter anderem eine Formel, mit der sich präzise ausrechnen lässt, wie schnell Papierstreifen von einer bestimmten Form und Größe beim Herunterfallen rotieren.",https://www.jugend-forscht.de/index.php?id=262&tx_smsjufoprojects_smsjufprojectdb%5Bproject%5D=7304&tx_smsjufoprojects_smsjufprojectdb%5Baction%5D=show&tx_smsjufoprojects_smsjufprojectdb%5Bcontroller%5D=Project&cHash=ec64200783a60260825ba3d93da04aab,2021,Physik,Baden-Württemberg
2021,Physik,2021 | Physik | Mecklenburg-Vorpommern,Projekt X,Jochan Brede,"Jochan Brede (20), RostockSchülerForschungsZentrum Nordhessen, Kassel
Projekt X
Trifft ein gebündelter Laserstrahl auf eine raue Oberfläche, ist oft ein besonderes Schauspiel zu sehen: Es erscheinen kleine Lichtsprenkel, im Fachjargon Speckles genannt. Als Jochan Brede diese genauer in den Blick nahm, fiel ihm auf, dass die Lichtflecken selbst bei kleinsten Erschütterungen hin und her tanzten. Das brachte ihn auf einen Gedanken: Ließe sich dieser Tanz nicht ausnutzen, um winzigste Bewegungen und Verschiebungen zu messen? Um seine Idee zu prüfen, konstruierte der Jungforscher eine raffinierte Apparatur aus Laser, Kamera und Piezomotor. Dann erprobte er seinen Versuchsaufbau in einem Profilabor mitsamt schwingungsgedämpftem Tisch und Speziallaser. Das Ergebnis: Die Apparatur konnte sogar eine Verschiebung von nur zehn Nanometern zuverlässig erkennen.",https://www.jugend-forscht.de/index.php?id=262&tx_smsjufoprojects_smsjufprojectdb%5Bproject%5D=7307&tx_smsjufoprojects_smsjufprojectdb%5Baction%5D=show&tx_smsjufoprojects_smsjufprojectdb%5Bcontroller%5D=Project&cHash=14ef91880a0bd8ec4ce71524e3a59dd1,2021,Physik,Mecklenburg-Vorpommern
2021,Physik,2021 | Physik | Nordrhein-Westfalen,Reibungsoszillator,Tamás Simon,"Tamás Simon (18), BudapestDeutsche Schule Budapest
Reibungsoszillator
Ein Pendel, das einfach hin- und herschwingt, ist mathematisch gesehen ein harmonischer Oszillator. Tamás Simon befasste sich in seinem Forschungsprojekt mit einem ganz ähnlichen Gebilde – dem Reibungsoszillator. Er besteht aus zwei sich gegenläufig drehenden Zylindern, auf denen ein Stab liegt. Unter bestimmten Bedingungen beschreibt der rutschende Stab, verursacht durch die Reibung auf den rotierenden Zylindern, eine rhythmische Bewegung. Doch entspricht diese Bewegung exakt der eines Pendels, so wie es in den Lehrbüchern steht? Der Jungforscher untersuchte das Phänomen präzise mit einem eigens konstruierten Messaufbau – und kam zu einem anderen Ergebnis: Die Bewegung des Stabs verläuft deutlich komplexer als die eines einfachen harmonischen Oszillators.",https://www.jugend-forscht.de/index.php?id=262&tx_smsjufoprojects_smsjufprojectdb%5Bproject%5D=7310&tx_smsjufoprojects_smsjufprojectdb%5Baction%5D=show&tx_smsjufoprojects_smsjufprojectdb%5Bcontroller%5D=Project&cHash=7be9b724c0257b52391c8511230b1c25,2021,Physik,Nordrhein-Westfalen
2021,Physik,2021 | Physik | Bayern,Ultraschnelle Emissionsprozesse in Graphen,Tamara Pröbster,"Tamara Pröbster (18), HilpoltsteinGymnasium Hilpoltstein
Ultraschnelle Emissionsprozesse in Graphen
Ein noch junges Material fasziniert die Physikgemeinde: Graphen – eine Kohlenstoff-Modifikation, die nur aus einer einzigen Lage von Atomen besteht. Tamara Pröbster ließ sich von der Begeisterung anstecken und schaute sich in ihrem Forschungsprojekt eine Eigenschaft von Graphen genauer an: Was genau passiert, wenn es mit starken Lichtblitzen beschossen wird? Dazu konstruierte sie einen Versuchsaufbau, bei dem ein Laser ultrakurze Pulse auf ein Graphenblättchen feuert. Dabei wurden innerhalb kürzester Zeit Elektronen frei, was sich als Stromfluss durch das Graphen bemerkbar machte. Bei ihren Messungen konnte die Jungforscherin herausfinden, wie sich dieser Prozess im Detail abspielt. Praktische Anwendungen sind für die Elektronik der Zukunft denkbar – hier gilt Graphen als heißer Kandidat.",https://www.jugend-forscht.de/index.php?id=262&tx_smsjufoprojects_smsjufprojectdb%5Bproject%5D=7319&tx_smsjufoprojects_smsjufprojectdb%5Baction%5D=show&tx_smsjufoprojects_smsjufprojectdb%5Bcontroller%5D=Project&cHash=899cc9c5131839c0cbbbb37280aaabcd,2021,Physik,Bayern
2021,Physik,2021 | Physik | Berlin,Visualisierung von Mikrowellen,Camille Westerhof,"Camille Westerhof (20), BerlinSophie-Scholl-Schule, Berlin
Preis für eine Arbeit auf den Gebieten der Naturwissenschaften und der TechnikPreisstifter: Wilhelm und Else Heraeus-Stiftung
Preis für eine Arbeit auf dem Gebiet ""Qualitätssicherung durch Zerstörungsfreie Prüfung""Preisstifter: Deutsche Gesellschaft für Zerstörungsfreie Prüfung e. V. (DGZfP)
Visualisierung von Mikrowellen
Ist von der Mikrowelle die Rede, denken viele an den praktischen Herd in der Küche, der im Handumdrehen Speisen erwärmt. Doch mit Mikrowellen lässt sich noch mehr anfangen: Camille Westerhof entwarf ein Konzept, um Bilder mithilfe von Mikrowellen aufzunehmen. Dazu machte er sich den sogenannten Dopplereffekt zunutze, bekannt etwa vom Martinshorn auf Einsatzfahrzeugen: Bewegt sich eine Schallquelle auf einen zu, ist der Ton höher, als wenn sie sich von einem entfernt. In seinem Forschungsprojekt konstruierte der Jungforscher eine Platine, die diesen Mikrowellen-Dopplereffekt erfassen kann – eine Voraussetzung für die Bildaufnahme. Als Nächstes plant er den Bau einer Spezialantenne, die Mikrowellensignale aus der Umgebung erfassen kann, etwa von einem vorbeifliegenden Flugzeug.",https://www.jugend-forscht.de/index.php?id=262&tx_smsjufoprojects_smsjufprojectdb%5Bproject%5D=7329&tx_smsjufoprojects_smsjufprojectdb%5Baction%5D=show&tx_smsjufoprojects_smsjufprojectdb%5Bcontroller%5D=Project&cHash=5c2574513a1e41ce8e8d045ff819753f,2021,Physik,Berlin
2021,Technik,2021 | Technik | Mecklenburg-Vorpommern,Automatisierter Haarschneider,"Sebastian Hilscher, 
									
										Mohamed Alyousef","Sebastian Hilscher (17, links), RostockGymnasium Reutershagen, Rostock
Mohamed Alyousef (18, rechts), RostockGymnasium Reutershagen, Rostock
Automatisierter Haarschneider
Die Corona-Pandemie stellt die Gesellschaft vor große und kleine Herausforderungen. So sind zum Beispiel zeitweise Friseursalons geschlossen, man muss die Haare wachsen lassen oder selbst zu Kamm und Schere greifen. In ihrem Forschungsprojekt entwickelten Sebastian Hilscher und Mohamed Alyousef eine Alternative – das Konzept eines Roboterfriseurs. Kern ist eine raffinierte Halterung, die über Elektromotoren eine Haarschneidemaschine gezielt und präzise bewegen kann. Sensoren erfassen, wo sich Kopf und Haare befinden. Dort, wo geschnitten werden soll, zieht ein Staubsaugerschlauch die Haare senkrecht zur Kopfhaut nach oben, sodass der Schnitt auf die gewünschte Länge erfolgen kann. Ziel des Projekts ist zudem, die Speicherung von Frisuren der Anwender zu ermöglichen, die dann maschinell exakt reproduziert werden können.",https://www.jugend-forscht.de/index.php?id=262&tx_smsjufoprojects_smsjufprojectdb%5Bproject%5D=7227&tx_smsjufoprojects_smsjufprojectdb%5Baction%5D=show&tx_smsjufoprojects_smsjufprojectdb%5Bcontroller%5D=Project&cHash=a3889e032986863da808f39e577441f9,2021,Technik,Mecklenburg-Vorpommern
2021,Technik,2021 | Technik | Rheinland-Pfalz,Autonome Fahrradschaltung – das sichere Fahrrad-Upgrade,"Iona Kuhn, 
									
										Jannis Keller","Iona Kuhn (18), MainzOtto-Schott-Gymnasium Mainz-Gonsenheim
Jannis Keller (17), MainzOtto-Schott-Gymnasium Mainz-Gonsenheim
Autonome Fahrradschaltung – das sichere Fahrrad-Upgrade
Fahrradschaltungen sind praktisch, insbesondere bei bergigem Gelände. In der Regel jedoch muss man selbst schalten, was auf die Dauer lästig sein kann. Aus diesem Grund konstruierten Iona Kuhn und Jannis Keller eine Automatikschaltung für Fahrräder. Dazu brachten sie diverse Sensoren an einem Fahrrad an. Diese messen Geschwindigkeit, Trittfrequenz sowie die Steigung der Straße und funken ihre Daten per Bluetooth an einen Kleinstcomputer. Dieser errechnet dann den optimalen Gang und betätigt über einen Motor eine stufenlose Schaltung. Per Smartphone-App lässt sich aus mehreren Optionen eine eigene Grundeinstellung wählen. So kann man je nach individueller Vorliebe festlegen, wie im Detail die Automatikschaltung ansprechen soll.",https://www.jugend-forscht.de/index.php?id=262&tx_smsjufoprojects_smsjufprojectdb%5Bproject%5D=7228&tx_smsjufoprojects_smsjufprojectdb%5Baction%5D=show&tx_smsjufoprojects_smsjufprojectdb%5Bcontroller%5D=Project&cHash=f196c6e4e5d363828b966a77df821f64,2021,Technik,Rheinland-Pfalz
2021,Technik,2021 | Technik | Brandenburg,Bau einer vollautomatischen Maschine zur Untersuchung von Pflanzen,Ray Klauck,"Ray Klauck (18), Krausnick Groß-WasserburgCarl-Friedrich-Gauß-Gymnasium, Frankfurt (Oder)
Bau einer vollautomatischen Maschine zur Untersuchung von Pflanzen
Kaffeesatz gilt gemeinhin als passabler Pflanzendünger. Doch wie groß ist seine wachstumsfördernde Wirkung tatsächlich? Um das herauszufinden, entwickelte Ray Klauck eine Art intelligentes Mini-Treibhaus. Zum einen kann es die für die Pflanze wichtigen Umgebungsfaktoren einstellen: Heizelemente regeln die Temperatur, Wasserpumpen die Feuchtigkeit und Lampen das Licht. Zum anderen misst die Apparatur, wie gut die Pflanze gedeiht: Sensoren überwachen automatisch Farbe und Größe wie auch ihre Stoffwechselaktivität. Die Experimente mit dem Kaffeesatz lieferten ein unerwartetes Resultat, denn der vermeintliche Dünger förderte das Wachstum nicht etwa, sondern hemmte es. Nützlich sein könnte die Technik künftig für die Forschung, aber auch für das Kultivieren besonders anspruchsvoller Pflanzen.",https://www.jugend-forscht.de/index.php?id=262&tx_smsjufoprojects_smsjufprojectdb%5Bproject%5D=7229&tx_smsjufoprojects_smsjufprojectdb%5Baction%5D=show&tx_smsjufoprojects_smsjufprojectdb%5Bcontroller%5D=Project&cHash=15c1c5d993dd9ac8a5c6eb2243da92c0,2021,Technik,Brandenburg
2021,Technik,2021 | Technik | Nordrhein-Westfalen,Bionic Hand,"Leon Hausmann, 
									
										Lina Tebourski","Leon Hausmann (17), BottropHeinrich-Heine-Gymnasium Bottrop
Lina Tebourski (16), BottropHeinrich-Heine-Gymnasium Bottrop
4. Preis TechnikPreisstifter: Verein Deutscher Ingenieure e. V.
Bionic Hand
Die menschliche Hand ist ein kleines Wunderwerk und kann selbst feinmotorische Herausforderungen souverän meistern, etwa das Einführen eines Fadens in ein Nadelloch. Mithilfe eines 3-D-Druckers und mehrerer Elektromotoren konstruierten Leon Hausmann und Lina Tebourski eine mechanische Version – die bionische Hand. Besonderes Augenmerk richteten die beiden auf deren Ansteuerung: Zum einen entwickelten sie ein System, das per EEG die Hirnströme des Bedieners erfasst und in Steuerbefehle umsetzt. Zum anderen programmierten sie anhand von KI-Algorithmen eine Bilderkennung, die die Bewegung einer echten Hand aufzeichnet und analysiert. Das Ergebnis: Macht die richtige Hand eine bestimmte Greifbewegung, ahmt die bionische Hand diese präzise nach, wie ein digitaler Zwilling.",https://www.jugend-forscht.de/index.php?id=262&tx_smsjufoprojects_smsjufprojectdb%5Bproject%5D=7232&tx_smsjufoprojects_smsjufprojectdb%5Baction%5D=show&tx_smsjufoprojects_smsjufprojectdb%5Bcontroller%5D=Project&cHash=f1578b91b674de60400b058fd62cd7c8,2021,Technik,Nordrhein-Westfalen
2021,Technik,2021 | Technik | Saarland,Das smarte Schachbrett – automatische Figurenlokalisation,"Fabian Brenner, 
									
										Henrik Fisch","Fabian Brenner (17, links), Dillingen/SaarAlbert-Schweitzer-Gymnasium Dillingen/Saar
Henrik Fisch (18, rechts), Dillingen/SaarAlbert-Schweitzer-Gymnasium Dillingen/Saar
Schülerforschungszentrum Saarlouis
Das smarte Schachbrett – automatische Figurenlokalisation
Manche Schachcomputer bieten eine besondere Servicefunktion: Sie sind mit einem Spielbrett ausgestattet, das die Figuren automatisch erkennt, sodass man die Züge nicht per Tastatur eingeben muss. Fabian Brenner und Henrik Fisch wollten in ihrem Projekt herausfinden, wie sich eine solche Automatik besonders einfach realisieren lässt. Nach einiger Überlegung entwickelten sie einen raffinierten Mechanismus: Per Bohrer frästen die Jungforscher Löcher und feine Kabelkanäle in die Unterseite eines Schachbretts. In den Löchern platzierten sie Magnetsensoren, die sie über Kabel mit einem Kleinstrechner verbanden. Schließlich bestückten sie Dame, König und Co. mit Magneten und schrieben eine Software für den Minicomputer. Das Ergebnis: Ihr System kann die Spielzüge zuverlässig erkennen und ist dabei kostengünstig.",https://www.jugend-forscht.de/index.php?id=262&tx_smsjufoprojects_smsjufprojectdb%5Bproject%5D=7236&tx_smsjufoprojects_smsjufprojectdb%5Baction%5D=show&tx_smsjufoprojects_smsjufprojectdb%5Bcontroller%5D=Project&cHash=cc6f003a41aa15480d383de08c4cae92,2021,Technik,Saarland
2021,Technik,2021 | Technik | Schleswig-Holstein,Die digitalisierte Hand,"Kim Krüger, 
									
										David Drabe, 
									
										Kevin Hockel","Kim Krüger (20, rechts), WedelVincorion – Jenoptik Advanced Systems GmbH, Wedel
David Drabe (19, links), WedelVincorion – Jenoptik Advanced Systems GmbH, Wedel
Kevin Hockel (19, Mitte), AppenVincorion – Jenoptik Advanced Systems GmbH, Wedel
Preis für eine Arbeit von Auszubildenden auf dem Gebiet ""Mensch - Arbeit - Technik""Preisstifter: Gesamtmetall | Gesamtverband der Arbeitgeberverbände der Metall- und Elektro-Industrie e.V.
Die digitalisierte Hand
Für manche Anwendungen ist ein Datenhandschuh praktisch, etwa um Computerspiele zu steuern. Kim Krüger, David Drabe und Kevin Hockel entwickelten in ihrem Forschungsprojekt eine Umsetzungsvariante, die ein realitätsnahes Greiferlebnis bieten soll, dabei aber vergleichsweise preiswert ist. Dazu bestückten sie die Finger eines Handschuhs mit Dehnungsmessstreifen, hinzu kam ein elektronisches Kreiselinstrument zur Richtungsmessung. Bei anschließenden Tests mit einer selbst programmierten Virtual-Reality-Software bewährte sich der Prototyp: Per Handschuh ließen sich virtuelle Gegenstände auf einer Spieloberfläche zielsicher greifen, verschieben und wieder ablegen. Ein mögliches künftiges Einsatzfeld sehen die drei Jungforscher in der präzisen Fernsteuerung von Robotern.",https://www.jugend-forscht.de/index.php?id=262&tx_smsjufoprojects_smsjufprojectdb%5Bproject%5D=7242&tx_smsjufoprojects_smsjufprojectdb%5Baction%5D=show&tx_smsjufoprojects_smsjufprojectdb%5Bcontroller%5D=Project&cHash=9c41ef38b5f9b512816bef4f60a98a1f,2021,Technik,Schleswig-Holstein
2021,Technik,2021 | Technik | Bayern,EasyVision,"Tobias Wanierke, 
									
										Josias Neumüller","Tobias Wanierke (18, links), NeuenmarktMarkgraf-Georg-Friedrich-Gymnasium Kulmbach
Josias Neumüller (18, rechts), KasendorfMarkgraf-Georg-Friedrich-Gymnasium Kulmbach
5. Preis TechnikPreisstifter: Verein Deutscher Ingenieure e. V.
Preis für eine Arbeit auf dem Gebiet der TechnikPreisstifter: Heinz und Gisela Friederichs Stiftung
EasyVision
Feuerwehrleute haben mitunter einen gefährlichen Job. Löschen sie in einem Gebäude einen Brand, nimmt ihnen starker Rauch dabei oftmals die Sicht und sie müssen weitgehend blind agieren. Tobias Wanierke und Josias Neumüller entwickelten ein eigenes technisches Konzept, um bei diesem Problem Abhilfe zu schaffen. Ihre Warnschilder sind selbst in stark verrauchten Gebäuden mit Wärmebildkameras noch gut zu erkennen. Das Funktionsprinzip: Registriert ein integrierter Rauchmelder einen Brand, heizt sich das Schild über einen Heizdraht rasch auf, wodurch es sich im Wärmebild deutlich von seiner Umgebung abzeichnet. Mithilfe dieser Warnschilder könnten Feuerwehrleute künftig zum Beispiel erkennen, wo in einem Gebäude Gefahrgüter lagern, die bei einem Brand besondere Risiken bergen.",https://www.jugend-forscht.de/index.php?id=262&tx_smsjufoprojects_smsjufprojectdb%5Bproject%5D=7250&tx_smsjufoprojects_smsjufprojectdb%5Baction%5D=show&tx_smsjufoprojects_smsjufprojectdb%5Bcontroller%5D=Project&cHash=81bbdba4b24cc5f32aaa6bc81f675b53,2021,Technik,Bayern
2021,Technik,2021 | Technik | Hamburg,EEG – der Controller der Zukunft II,Bela Kaut,"Bela Kaut (16), HamburgSchülerforschungszentrum Hamburg
EEG – der Controller der Zukunft II
In der Medizin dient ein EEG dazu, die Hirnströme eines Menschen zu messen. Dagegen nutzte Bela Kaut die EEG-Signale in seinem Forschungsprojekt, um quasi per Gedankenkraft Computer anzusteuern. Zwar gibt es solche Geräte bereits, sie sind jedoch teuer und kompliziert. Um eine kostengünstige Version zu konstruieren, rüstete der Jungforscher den EEG-Chip aus einem Spielzeug um und kombinierte ihn mit einem Kleinstcomputer einschließlich selbst programmierter Software. Durch abwechselndes Entspannen und Konzentrieren lässt sich damit eine simple Tastatur und ein Mauszeiger ansteuern sowie ein Text schreiben. Das nur etwa 50 Euro teure Gerät bewährte sich in mehreren Testreihen und könnte künftig bewegungsunfähigen Menschen bei der Bedienung von Computern helfen.",https://www.jugend-forscht.de/index.php?id=262&tx_smsjufoprojects_smsjufprojectdb%5Bproject%5D=7252&tx_smsjufoprojects_smsjufprojectdb%5Baction%5D=show&tx_smsjufoprojects_smsjufprojectdb%5Bcontroller%5D=Project&cHash=36ddb8cf7022121bfcb427ac08fc2001,2021,Technik,Hamburg
2021,Technik,2021 | Technik | Rheinland-Pfalz,Ein Modellaufbau zur Veranschaulichung eines AP-Sensors,Benedict May,"Benedict May (15), KoblenzBischöfliches Cusanus-Gymnasium, Koblenz
Ein Modellaufbau zur Veranschaulichung eines AP-Sensors
Das Herzstück einer Smartphone-Kamera ist der Kamerachip. Er fängt das Licht auf und wandelt es in elektronische Signale um, die sich dann in digitaler Form auf eine Speicherkarte bannen lassen. Benedict May konstruierte in seinem Forschungsprojekt einen eigenen Kamerachip, einen sogenannten AP-Sensor. Als Pixel, also als einzelne Bildelemente, verwendete er Fotowiderstände. Das sind elektronische Bauteile, deren Widerstand sich ändert, wenn Licht auf sie fällt. Dieses sogenannte Array kombinierte der Jungforscher mit einem Kameraobjektiv. Das Ergebnis ist eine Apparatur, mit der sich einfache Schwarzweißbilder aufnehmen lassen. Einsetzen ließe sich diese zum Beispiel im Bereich der künstlichen Intelligenz (KI), wenn es darum geht, Muster zuverlässig zu erkennen.",https://www.jugend-forscht.de/index.php?id=262&tx_smsjufoprojects_smsjufprojectdb%5Bproject%5D=7258&tx_smsjufoprojects_smsjufprojectdb%5Baction%5D=show&tx_smsjufoprojects_smsjufprojectdb%5Bcontroller%5D=Project&cHash=d0ca6ba1ea1a9e7d839f146360030994,2021,Technik,Rheinland-Pfalz
2021,Technik,2021 | Technik | Thüringen,Entwicklung eines Fahrzeugmodells auf der Grundlage des autonomen Fahrens,"Felix Reißmann, 
									
										Niklas Geißler, 
									
										Moritz Schaub","Felix Reißmann (18, links), Berga/ElsterUlf-Merbold-Gymnasium Greiz, Greiz
Niklas Geißler (18, Mitte), Mohlsdorf-TeichwolframsdorfUlf-Merbold-Gymnasium Greiz, Greiz
Moritz Schaub (18, rechts), Mohlsdorf-TeichwolframsdorfUlf-Merbold-Gymnasium Greiz, Greiz
3. Preis TechnikPreisstifter: Verein Deutscher Ingenieure e. V.
Preis für eine Arbeit auf dem Gebiet der Elektronik, Energie- oder InformationstechnikPreisstifter: VDE Verband der Elektrotechnik Elektronik Informationstechnik e. V.
Entwicklung eines Fahrzeugmodells auf der Grundlage des autonomen Fahrens
Konventionelle Modellautos lassen sich per Fernsteuerung über Gehwege und Parkplätze lenken. Dagegen kann das Minigefährt, das Felix Reißmann, Niklas Geißler und Moritz Schaub konstruierten, ganz von selbst durch die Gegend kurven – denn es ist ein autonom fahrendes Auto. Die Karosserie stellten die Jungforscher mittels 3-D-Drucker her, um sie anschließend mit Elektromotor, Akku, Bordcomputer, Kamera und Ultraschallsensoren zu bestücken. Auch an Beleuchtung und Blinker wurde gedacht, für beides nutzten sie LEDs. Wie die großen Vorbilder auf der Straße verfügt das Kleingefährt über einen Notbrems- und einen Spurhalteassistenten sowie eine Einparkhilfe. Im Praxistest konnte das selbstfahrende Modellauto langsam, aber sicher einen vorgegebenen Parcours bewältigen.",https://www.jugend-forscht.de/index.php?id=262&tx_smsjufoprojects_smsjufprojectdb%5Bproject%5D=7261&tx_smsjufoprojects_smsjufprojectdb%5Baction%5D=show&tx_smsjufoprojects_smsjufprojectdb%5Bcontroller%5D=Project&cHash=5d530001efa7f73f98499c3dd756f99f,2021,Technik,Thüringen
2021,Technik,2021 | Technik | Bayern,GUIDE-Walk 2.0 – autonomes Blindenführersystem mit KI,Tamas Nemes,"Tamas Nemes (17), RegensburgGymnasium der Regensburger Domspatzen
Preis für eine Arbeit auf dem Gebiet der TechnikPreisstifter: Heinz und Gisela Friederichs Stiftung
GUIDE-Walk 2.0 – autonomes Blindenführersystem mit KI
Ampeln, die bei Grün laut piepen, unterstützen Menschen mit Sehbehinderung schon lange in ihrem Alltag. Doch die jüngsten Fortschritte der Technik erlauben deutlich raffiniertere Systeme: In seinem Forschungsprojekt entwickelte Tamas Nemes einen tragbaren Assistenten, der sich die Möglichkeiten der künstlichen Intelligenz (KI) zunutze macht. Mit einer Kamera und mehreren Sensoren erfasst das Gerät seine Umgebung. Auf dem eingebauten Kleinstcomputer läuft ein lernfähiger Algorithmus. Er analysiert die Sensordaten und erkennt automatisch, ob Hindernisse im Weg stehen. Identifiziert der Assistent zum Beispiel einen Fahrradfahrer oder eine Fußgängerin in der Nähe, lässt er akustische Alarmdurchsagen ertönen und warnt die Nutzerinnen und Nutzer des Systems so vor einem möglichen Zusammenstoß.",https://www.jugend-forscht.de/index.php?id=262&tx_smsjufoprojects_smsjufprojectdb%5Bproject%5D=7274&tx_smsjufoprojects_smsjufprojectdb%5Baction%5D=show&tx_smsjufoprojects_smsjufprojectdb%5Bcontroller%5D=Project&cHash=4e582a6a793763d0bec7e289637d5ea1,2021,Technik,Bayern
2021,Technik,2021 | Technik | Bremen,Herstellung mehrschichtiger hochverdichteter Faserverbundwerkstoffe aus Bambus und Fichte,Kolja Diehl,"Kolja Diehl (18), BremenGymnasium Horn, Bremen
Fraunhofer-Institut für Fertigungstechnik und Angewandte Materialforschung, Bremen
Herstellung mehrschichtiger hochverdichteter Faserverbundwerkstoffe aus Bambus und Fichte
Nachwachsende Rohstoffe wie Holz oder Bambus sind umweltfreundlicher als Kunststoffe aus Erdöl. Bei allzu starken Belastungen aber können sie brechen und splittern. Vor einiger Zeit präsentierten US-amerikanische Forscher ein Verfahren, das die Materialeigenschaften von Holz verbessern kann: Zunächst löst eine Flüssigkeit das Lignin – den holzeigenen Stützstoff – heraus. Dann verdichtet eine Presse das Restmaterial, was zu einer stärkeren Verbindung zwischen den verbliebenen Zellulosefasern führt. Dieses Prozedere übertrug Kolja Diehl in seinem Projekt auf Bambus. Wie erhofft erwiesen sich die behandelten Proben im Vergleich zu den unbehandelten als fester. Der Grund: Bei natürlich gewachsenem Bambus variiert die Faserdichte im Halm recht stark. Die Behandlung per Druckpresse macht sie deutlich gleichmäßiger.",https://www.jugend-forscht.de/index.php?id=262&tx_smsjufoprojects_smsjufprojectdb%5Bproject%5D=7275&tx_smsjufoprojects_smsjufprojectdb%5Baction%5D=show&tx_smsjufoprojects_smsjufprojectdb%5Bcontroller%5D=Project&cHash=554b0411b0adf82f9f35f8ee3c6fa374,2021,Technik,Bremen
2021,Technik,2021 | Technik | Berlin,In 80 Tagen um die Welt – kleine Sonden auf großer Mission,Amon Schumann,"Amon Schumann (16), BerlinRobert-Havemann-Gymnasium, Berlin
BundessiegPreis für die beste interdisziplinäre ArbeitPreisstifter: Bundesministerin für Bildung und Forschung Anja Karliczek, MdB
Eduard-Rhein-Jugendpreis für Rundfunk-, Fernseh- und InformationstechnikPreisstifter: Eduard-Rhein-Stiftung
In 80 Tagen um die Welt – kleine Sonden auf großer Mission
Tag für Tag steigen auf der Welt Tausende Wetterballone in eine Höhe von 30 bis 40 Kilometern auf. An Bord haben sie kleine Sonden, die Temperatur, Feuchtigkeit und Luftdruck erfassen und die Messdaten laufend an die Wetterdienste auf der Erde funken. Amon Schumann entwickelte in seinem Forschungsprojekt zwei Ansätze, um die traditionellen Verfahren zur Wetterdatenmessung zu optimieren. Zum einen fing er die Funksignale von gelandeten Wetterballons auf und konnte sie so bergen und wiederverwenden – wodurch sich Kosten sowie Umweltbelastung verringern lassen. Zum anderen entwickelte er eine eigene Sonde, die sich unter anderem durch ein extrem geringes Gewicht, die Stromversorgung über Solarzellen sowie die Nutzung eines offenen Amateurfunknetzwerkes auszeichnet.",https://www.jugend-forscht.de/index.php?id=262&tx_smsjufoprojects_smsjufprojectdb%5Bproject%5D=7278&tx_smsjufoprojects_smsjufprojectdb%5Baction%5D=show&tx_smsjufoprojects_smsjufprojectdb%5Bcontroller%5D=Project&cHash=c21a98431c4fe7113a68427be291ca76,2021,Technik,Berlin
2021,Technik,2021 | Technik | Nordrhein-Westfalen,Roboter als Helfer in der Not – Schützen sie zukünftig bei Gefahren vor dem Tod?,Loukas Kordos,"Loukas Kordos (18), DinslakenOtto-Hahn-Gymnasium Dinslaken
SchülerForschungsZentrum am Berufskolleg Kleve e. V.
2. Preis TechnikPreisstifter: Verein Deutscher Ingenieure e. V.
Preis für eine Arbeit auf dem Gebiet der RobotikPreisstifter: Deutsches Zentrum für Luft- und Raumfahrt
Roboter als Helfer in der Not – Schützen sie zukünftig bei Gefahren vor dem Tod?
Der Gang auf zwei Beinen ist für Roboter nach wie vor eine Herausforderung: Es gilt, zuverlässig die Balance zu halten und zugleich möglichst flott voranzukommen. In seinem Forschungsprojekt entwarf Loukas Kordos das Konzept für einen solchen mechanischen Zweibeiner. Er fand heraus, welche Art von Elektromotoren sich besonders dafür eignen. Um seine Entwürfe zu testen und zu optimieren, entwickelte der Jungforscher eine aufwendige Computersimulation. Mit ihr lässt sich kostengünstig überprüfen, wie eine leistungsfähige Steuerungssoftware für die Roboterbeine aussehen sollte. Zum Einsatz kommen könnten solche Roboter eines Tages in Situationen, die für den Menschen gefährlich sind – zum Beispiel bei Großbränden oder in Katastrophengebieten.",https://www.jugend-forscht.de/index.php?id=262&tx_smsjufoprojects_smsjufprojectdb%5Bproject%5D=7311&tx_smsjufoprojects_smsjufprojectdb%5Baction%5D=show&tx_smsjufoprojects_smsjufprojectdb%5Bcontroller%5D=Project&cHash=644e1862dd6cfc575c786f951296f383,2021,Technik,Nordrhein-Westfalen
2021,Technik,2021 | Technik | Sachsen-Anhalt,Smart Helmet Display (SHD),Johannes Lodahl,"Johannes Lodahl (18), DingelstedtGymnasium Martineum, Halberstadt
Smart Helmet Display (SHD)
Bei Autos werden Head-up-Displays immer beliebter: Sie projizieren wichtige Fahrinformationen auf die Windschutzscheibe, sodass man nicht mehr laufend auf das Armaturenbrett blicken muss. In seinem Forschungsprojekt konstruierte Johannes Lodahl ein solches Unterstützungssystem für Motorradhelme. Dazu brachte er an der Stirnleiste eines handelsüblichen Helms einen kleinen biegsamen Bildschirm an. Ein in den Kinnbereich eingesetzter Spiegel projiziert das Bild in das Sichtfeld des Fahrenden. Das System kann per Bluetooth mit einem Smartphone verbunden werden, auf diese Weise lassen sich die Inhalte bestimmter Apps auf dem Helmdisplay anzeigen. Zum Einsatz kommen könnte die Technik zum Beispiel bei Motorradrennen, um die Pilotinnen und Piloten in Echtzeit mit Renninfos zu versorgen.",https://www.jugend-forscht.de/index.php?id=262&tx_smsjufoprojects_smsjufprojectdb%5Bproject%5D=7314&tx_smsjufoprojects_smsjufprojectdb%5Baction%5D=show&tx_smsjufoprojects_smsjufprojectdb%5Bcontroller%5D=Project&cHash=8ee67237e8d000b4f23586c28019b448,2021,Technik,Sachsen-Anhalt
2021,Technik,2021 | Technik | Baden-Württemberg,SpeedX – optimierter Kunstharz-3-D-Drucker,Tobias Neidhart,"Tobias Neidhart (18), KonstanzHTWG Hochschule Konstanz Technik, Wirtschaft und Gestaltung
Bundessieg1. Preis TechnikPreisstifter: Verein Deutscher Ingenieure e. V.
Preis für eine Arbeit zum Thema ""Zukunftsorientierte Technologien""Preisstifter: Bundesministerin für Bildung und Forschung Anja Karliczek, MdB
SpeedX – optimierter Kunstharz-3-D-Drucker
Es gibt sie noch nicht lange, aber in der Welt der Technik sind 3-D-Drucker nicht mehr wegzudenken. Prototypen lassen sich mit ihnen schnell und unkompliziert herstellen. Ein Manko ist allerdings die Geschwindigkeit der Geräte: Der Druckprozess dauert zumeist recht lang. Diesem Problem widmete sich Tobias Neidhart in seinem Projekt: Er beschleunigte einen speziellen Druckertyp, bei dem ein zähflüssiges Harz mit UV-Licht belichtet wird, um so Schicht für Schicht auszuhärten. Zusätzlich zu einer flächigen UV-Lampe bestückte er das Gerät mit einem Ultraschallsender. Dieser erwärmt das Kunstharz und bewirkt so eine schnellere Aushärtung. Dadurch nimmt die Geschwindigkeit des 3-D-Druckvorgangs um das Fünffache zu. Der Jungforscher hat den Einsatz von Ultraschall zum Patent angemeldet.",https://www.jugend-forscht.de/index.php?id=262&tx_smsjufoprojects_smsjufprojectdb%5Bproject%5D=7316&tx_smsjufoprojects_smsjufprojectdb%5Baction%5D=show&tx_smsjufoprojects_smsjufprojectdb%5Bcontroller%5D=Project&cHash=6a14035d5c1b77f47b699417c9c51028,2021,Technik,Baden-Württemberg
2021,Technik,2021 | Technik | Hessen,Stabilisierung eines Instrumententrägers für Stratosphärenballons,"Kalle Bracht, 
									
										Leo Bechstein","Kalle Bracht (15, links), KasselSchülerForschungsZentrum Nordhessen, Kassel
Leo Bechstein (15, rechts), MelsungenSchülerForschungsZentrum Nordhessen, Kassel
Stabilisierung eines Instrumententrägers für Stratosphärenballons
Stratosphärenballons sind für Meteorologen ein wichtiges Hilfsmittel: Sie steigen hoch in die Atmosphäre auf, um dort Temperatur, Druck und Luftfeuchtigkeit zu messen. Doch es gibt ein Problem, denn die Gondeln, auf denen die Sensoren angebracht sind, drehen sich während des Fluges und geraten ins Schwanken. Manche Messungen, insbesondere wenn sie richtungsabhängig sind, werden dadurch unpräzise. Um dieses Manko zu beheben, entwarfen Kalle Bracht und Leo Bechstein verschiedene Konzepte für ein Stabilisierungssystem. Bei einem hält ein motorbetriebenes Luftruder die Gondel auf Kurs, bei einem anderen sind die Sensoren in einer ausgefeilten Aufhängung befestigt. Tests im Windkanal und Abwurfversuche von einem Haus bewiesen, dass die Konzepte im Prinzip funktionieren.",https://www.jugend-forscht.de/index.php?id=262&tx_smsjufoprojects_smsjufprojectdb%5Bproject%5D=7317&tx_smsjufoprojects_smsjufprojectdb%5Baction%5D=show&tx_smsjufoprojects_smsjufprojectdb%5Bcontroller%5D=Project&cHash=8e27463ece110a18ef68bc01fad42d86,2021,Technik,Hessen
2021,Technik,2021 | Technik | Hessen,TempWarn – ein dezentrales Temperatursensor-Messsystem,"Sören Bender, 
									
										Konstantin Bachem","Sören Bender (18, rechts), Seeheim-JugenheimTechnische Universität Darmstadt
Konstantin Bachem (18, links), DarmstadtTechnische Universität Darmstadt
MINT-Zentrum am Schuldorf Bergstraße, Seeheim
TempWarn – ein dezentrales Temperatursensor-Messsystem
Schwelbrände in Zügen und Flugzeugen können schlimme Folgen haben und sogar zu Unfällen führen. Daher ist es wichtig, sie möglichst früh zu erkennen. Bislang jedoch mangelt es dafür an zuverlässigen Methoden. Aus diesem Grund entwickelten Sören Bender und Konstantin Bachem in ihrem Projekt den Prototyp eines ausgeklügelten Warnsystems. Es basiert auf einem Netz aus Temperatursensoren, die beispielsweise in den Kabelkanälen eines Zugs installiert sein könnten. Mehrere Kleinstrechner dienen als Netzwerkknoten. Sie nehmen die Messwerte der Sensoren auf und senden sie per Funk an einen zentralen Computer. Der zeigt die Sensorwerte übersichtlich auf dem Bildschirm an. Sollte es irgendwo im Zug verdächtig heiß werden, löst das Gerät einen akustischen sowie auch einen optischen Alarm aus.",https://www.jugend-forscht.de/index.php?id=262&tx_smsjufoprojects_smsjufprojectdb%5Bproject%5D=7318&tx_smsjufoprojects_smsjufprojectdb%5Baction%5D=show&tx_smsjufoprojects_smsjufprojectdb%5Bcontroller%5D=Project&cHash=10830071e0e2d5e5d915ab584afddaa5,2021,Technik,Hessen
2021,Technik,2021 | Technik | Niedersachsen,Vegetationsanalyse mit Multispektralkameras,Laurenz Lemke,"Laurenz Lemke (19), DestedtWilhelm-Gymnasium, Braunschweig
Vegetationsanalyse mit Multispektralkameras
Gewöhnliche Kameras funktionieren mit Licht. Ebenso wie das menschliche Auge sind sie für andere Strahlungsarten quasi blind. Doch es gibt auch Geräte, die mehr können: Diese sogenannten Multispektralkameras erfassen zusätzlich zum Licht auch UV-Strahlung oder Infrarotlicht und sind in der Lage, diese Wellenlängen sichtbar zu machen. Für viele Anwendungen ist das praktisch, so etwa in der Landwirtschaft: Hier kann ein Infrarotbild verraten, ob Pflanzen gesund oder krank sind. Doch sind solche Spezialkameras ziemlich teuer. Daher entwickelte Laurenz Lemke eine deutlich günstigere Version, die aus mehreren Kameramodulen, Filtern und einem Mikrocomputer besteht. Damit gelangen dem Jungforscher eindrucksvolle Infrarotaufnahmen, auf denen sich die Vegetation besonders deutlich abzeichnet.",https://www.jugend-forscht.de/index.php?id=262&tx_smsjufoprojects_smsjufprojectdb%5Bproject%5D=7324&tx_smsjufoprojects_smsjufprojectdb%5Baction%5D=show&tx_smsjufoprojects_smsjufprojectdb%5Bcontroller%5D=Project&cHash=8873ac69a38ea4f6ff7fe00c6c0304de,2021,Technik,Niedersachsen
2021,Technik,2021 | Technik | Hamburg,velo autonomus,"Julian Jochens, 
									
										Moritz Ahrens","Julian Jochens (19, links), HamburgIU Internationale Hochschule, Erfurt
Moritz Ahrens (18, rechts), HamburgHeilwig Gymnasium, Hamburg
velo autonomus
Sie gelten als die Zukunft des Automobilverkehrs – Pkw, die sich fahrerlos auf unseren Straßen bewegen. Julian Jochens und Moritz Ahrens übertrugen dieses Konzept auf ein anderes Vehikel, das Fahrrad. Ihre Vision: Selbstfahrende Räder können eines Tages Lasten transportieren und autonom einen Bike-Sharing-Standort ansteuern. Um einen Prototyp zu bauen, rüsteten die beiden Jungforscher ein altes Damenrad mit Stützrädern, Motoren, Kamera und mehreren kleinen Bordrechnern aus. Ein Elektromotor übernimmt mithilfe von Zahnrädern die Lenkung. Die Kamera erfasst unter anderem Verkehrsschilder und Ampeln, die anschließend ein lernfähiger Algorithmus erkennen soll. Um sich gegenüber anderen Verkehrsteilnehmenden bemerkbar zu machen, ist das autonome Gefährt mit Blinker und Klingel bestückt.",https://www.jugend-forscht.de/index.php?id=262&tx_smsjufoprojects_smsjufprojectdb%5Bproject%5D=7325&tx_smsjufoprojects_smsjufprojectdb%5Baction%5D=show&tx_smsjufoprojects_smsjufprojectdb%5Bcontroller%5D=Project&cHash=6d75a59c67b9f6fc1afbc82abd484902,2021,Technik,Hamburg
2021,Technik,2021 | Technik | Sachsen,Verbesserung der Witterungsbeständigkeit von Lehmbauwerken im Außenbereich,Alexandra Helbig,"Alexandra Helbig (14), KlingaGymnasium Brandis
Verbesserung der Witterungsbeständigkeit von Lehmbauwerken im Außenbereich
Lehm ist ein nachhaltiger und weltweit verfügbarer Baustoff. Leider jedoch ist er nicht besonders witterungsbeständig. Inwiefern können daher Anstriche und Putze einen Schutz insbesondere gegen Regen bieten? Um diese Frage zu beantworten, entwickelte Alexandra Helbig in ihrer Forschungsarbeit einen Prüfstand aus Holz. Mit ihm konnte sie testen, wie fest eine Beschichtung auf einem Lehmziegel haftet. Darüber hinaus untersuchte die Jungforscherin per Mikroskop, wie tief unterschiedliche Farbanstriche ins Material eindringen konnten, und schließlich setzte sie die beschichteten Lehmproben künstlichem Regen aus. Im Ergebnis erweisen sich Putze als besonders geeignet, die einen bestimmten Anteil an Wasserglas enthalten, darunter versteht man eine bestimmte Gattung von glasartigen Mineralien.",https://www.jugend-forscht.de/index.php?id=262&tx_smsjufoprojects_smsjufprojectdb%5Bproject%5D=7326&tx_smsjufoprojects_smsjufprojectdb%5Baction%5D=show&tx_smsjufoprojects_smsjufprojectdb%5Bcontroller%5D=Project&cHash=5a03cf4a0fe5ff2bc4140fa883e6e24a,2021,Technik,Sachsen
2021,Mathematik/Informatik,2021 | Mathematik/Informatik | Nordrhein-Westfalen,3-D-Druck-Workflow komplett auf dem iPad – Entwicklung eines Slicers,Moritz Grimm,"Moritz Grimm (16), DattelnComenius-Gymnasium Datteln
Preis für eine originelle Arbeit auf dem Gebiet der InformatikPreisstifter: Konrad-Zuse-Gesellschaft e. V.
3-D-Druck-Workflow komplett auf dem iPad – Entwicklung eines Slicers
3-D-Drucker sind in den vergangenen Jahren immer leistungsfähiger und preiswerter geworden. Mit ihnen lassen sich zum Beispiel Ersatzteile auf einfache Art herstellen. Um ein Bauteil für den 3-D-Druck zu entwerfen, benötigt man spezielle Konstruktionsprogramme. Diese gibt es heute sogar schon fürs iPad – sie lassen sich einfach und intuitiv bedienen. Allerdings weisen die Apps noch einen Nachteil auf: Sie können den Drucker nicht direkt ansteuern, stattdessen müssen die Daten erst auf einen Laptop oder einen PC überspielt werden. Mit diesem Problem befasste sich Moritz Grimm in seinem Forschungsprojekt. Er entwickelte ein vielversprechendes Konzept für eine Zusatzsoftware, die es der iPad-App ermöglichen soll, direkt und ohne Umwege einen 3-D-Drucker in Aktion zu versetzen.",https://www.jugend-forscht.de/index.php?id=262&tx_smsjufoprojects_smsjufprojectdb%5Bproject%5D=7221&tx_smsjufoprojects_smsjufprojectdb%5Baction%5D=show&tx_smsjufoprojects_smsjufprojectdb%5Bcontroller%5D=Project&cHash=64e255b1a2413050fc9d3de363e3e526,2021,Mathematik/Informatik,Nordrhein-Westfalen
2021,Mathematik/Informatik,2021 | Mathematik/Informatik | Niedersachsen,Berechnung der Profilkurve einer Hemmung für die Konstruktion eines mechanischen Uhrwerks,Kai Schmidt-Brauns,"Kai Schmidt-Brauns (18), WolfsburgPhoenix Gymnasium Wolfsburg-Vorsfelde
4. Preis Mathematik/InformatikPreisstifter: Fraunhofer-Gesellschaft zur Förderung der angewandten Forschung e. V.
SonderpreisTeilnahme an der Expo-Sciences LuxembourgPreisstifter: Fondation Jeunes Scientifiques Luxembourg
Berechnung der Profilkurve einer Hemmung für die Konstruktion eines mechanischen Uhrwerks
Mechanische Uhren sind kleine Meisterwerke, ihr Inneres besteht aus einem komplexen Ensemble von Zahnrädern, Stiften und Federn. Eines der Kernbauteile ist die sogenannte Hemmung. Sie sorgt letztlich dafür, dass die Uhr wirklich gleichmäßig tickt. In seinem Forschungsprojekt entwickelte Kai Schmidt-Brauns ein eigenes, komplett selbst konstruiertes mechanisches Uhrwerk inklusive eines raffinierten Mechanismus für die Hemmung. Grundlage dabei waren präzise theoretische Berechnungen. Per 3-D-Drucker stellte der Jungforscher die Bauteile selbst her und setzte sie zu einem funktionierenden Uhrwerk zusammen. Mit einer anschließenden Messreihe bewies er, dass mathematische Kalkulationen und physikalische Wirklichkeit sehr gut zusammenpassen.",https://www.jugend-forscht.de/index.php?id=262&tx_smsjufoprojects_smsjufprojectdb%5Bproject%5D=7230&tx_smsjufoprojects_smsjufprojectdb%5Baction%5D=show&tx_smsjufoprojects_smsjufprojectdb%5Bcontroller%5D=Project&cHash=4262628cc7ac4e2a157d1ec664c0c942,2021,Mathematik/Informatik,Niedersachsen
2021,Mathematik/Informatik,2021 | Mathematik/Informatik | Hessen,Bewegungsgleichung eines Teilchens im Magnetfeld als Lösung einer quaternionenwertigen Dgl,Luca Iffland,"Luca Iffland (19), FrankfurtJohann Wolfgang Goethe-Universität Frankfurt
2. Preis Mathematik/InformatikPreisstifter: Fraunhofer-Gesellschaft zur Förderung der angewandten Forschung e. V.
SonderpreisEinladung zum London International Youth Science ForumPreisstifter: Ernst A. C. Lange-Stiftung
Bewegungsgleichung eines Teilchens im Magnetfeld als Lösung einer quaternionenwertigen Dgl
Fliegen kleine geladene Teilchen durch ein Magnetfeld, werden sie in ihrer Flugbahn abgelenkt. Das geschieht unter anderem in Teilchenbeschleunigern wie dem Large Hadron Collider in Genf, aber auch im fernen Kosmos, etwa in der Nähe von Schwarzen Löchern. In seinem Forschungsprojekt untersuchte Luca Iffland die Bewegung winziger Teilchen in Magnetfeldern im Detail. Er verwendete dabei einen besonderen mathematischen Ansatz – die sogenannten Quaternionen. Sie ähneln den üblichen Vektoren, sind jedoch nicht im vertrauten dreidimensionalen Raum zu finden, sondern in der abstrakten Vierdimensionalität. Mit diesem Ansatz gelang es dem Jungforscher, die Bewegungsgleichungen nicht nur für gleichmäßige, homogene Magnetfelder herzuleiten, sondern zum Teil auch für unregelmäßige Magnetfelder.",https://www.jugend-forscht.de/index.php?id=262&tx_smsjufoprojects_smsjufprojectdb%5Bproject%5D=7231&tx_smsjufoprojects_smsjufprojectdb%5Baction%5D=show&tx_smsjufoprojects_smsjufprojectdb%5Bcontroller%5D=Project&cHash=3972aa7b36fc26c812f688a49b36f70b,2021,Mathematik/Informatik,Hessen
2021,Mathematik/Informatik,2021 | Mathematik/Informatik | Hamburg,Browsergestützte Entwicklung von Augmented Reality,Karl Henning,"Karl Henning (20), HamburgTechnische Universität Hamburg
Browsergestützte Entwicklung von Augmented Reality
Augmented Reality – diese digitale Technik wird immer beliebter. Bei der computergestützten „erweiterten Realität“ richtet man seine Handykamera auf einen bestimmten, interessanten Ort. Anhand der GPS-Daten identifiziert das Smartphone den Ort, erhält via Internet Informationen etwa über die Geschichte eines Gebäudes und stellt diese Informationen dann auf dem Bildschirm dar. Karl Henning programmierte eine besonders effiziente Augmented-Reality-Software. Sie läuft auf dem Webbrowser des Handys, funktioniert also geräteunabhängig. Als Anwendungsbeispiel entwickelte er eine Datenbank, die die sogenannten Stolpersteine in seiner Heimatstadt aufführt. Wird das Handy auf einen dieser Stolpersteine gerichtet, zeigt es eine Biografie der von den Nazis verfolgten Menschen, an die der Stein erinnert.",https://www.jugend-forscht.de/index.php?id=262&tx_smsjufoprojects_smsjufprojectdb%5Bproject%5D=7233&tx_smsjufoprojects_smsjufprojectdb%5Baction%5D=show&tx_smsjufoprojects_smsjufprojectdb%5Bcontroller%5D=Project&cHash=18f34a217048e20a22edf7d379babeb0,2021,Mathematik/Informatik,Hamburg
2021,Mathematik/Informatik,2021 | Mathematik/Informatik | Baden-Württemberg,Datenreiches Licht,Finn Liebner,"Finn Liebner (17), BuchenbachMarie-Curie-Gymnasium Kirchzarten
Preis für eine Arbeit auf dem Gebiet der InformationstechnikPreisstifter: Deutsches Zentrum für Luft- und Raumfahrt
Datenreiches Licht
Ob WLAN, Bluetooth oder Mobilfunk – die drahtlose Telekommunikation läuft heute gemeinhin über Funkfrequenzen. Doch im Prinzip lassen sich Daten auch per Laser übertragen – interessant ist das unter anderem für die Kommunikation zwischen Satelliten. Finn Liebner entwickelte in seinem Forschungsprojekt den Prototyp für eine solche optische Datenübermittlung. Dafür nutzte er unter anderem Halbleiterlaser, Lichtdetektoren und eine weitere spezielle Hardware. Der Jungforscher konzentrierte sich dabei insbesondere auf ein sicheres Verschlüsselungssystem. Dieses läuft auf einem eigens entwickelten Prozessor, der deutlich energieeffizienter ist als vergleichbare herkömmliche Prozessoren. Damit haben Datendiebe, die den Lichtstrahl abfangen und auslesen wollen, überaus schlechte Karten.",https://www.jugend-forscht.de/index.php?id=262&tx_smsjufoprojects_smsjufprojectdb%5Bproject%5D=7237&tx_smsjufoprojects_smsjufprojectdb%5Baction%5D=show&tx_smsjufoprojects_smsjufprojectdb%5Bcontroller%5D=Project&cHash=e5362d2a4567cc266d38dff1c047bc4e,2021,Mathematik/Informatik,Baden-Württemberg
2021,Mathematik/Informatik,2021 | Mathematik/Informatik | Schleswig-Holstein,Der Notfallassistent 2.0 – Sturzerkennung mit neuronalem Netz?!,Pit Voigtsberger,"Pit Voigtsberger (16), LütjenseeGymnasium Trittau
Der Notfallassistent 2.0 – Sturzerkennung mit neuronalem Netz?!
Schätzungen zufolge stürzen 30 Prozent aller Menschen über 65 Jahre einmal im Jahr. Nicht selten ist dann schnelle medizinische Hilfe gefragt. Hier könnte die Smartphone-App von Pit Voigtsberger in Zukunft nützliche Dienste leisten: Mithilfe von Beschleunigungssensoren erkennt sie einen Sturz, meldet sich automatisch bei zuvor eingespeicherten Rufnummern und übermittelt die genaue Position des Unfalls. Um die Sturzerkennung so genau wie möglich zu gestalten, setzte der Jungforscher auf künstliche Intelligenz (KI): Ein lernfähiger Algorithmus analysiert eine Vielzahl von Testdaten und kann erkennen, was einen tatsächlichen Sturz von anderen Bewegungen wie etwa kräftigem Schütteln unterscheidet. Als Beta-Version lässt sich der Notfallassistent bereits im Google-Playstore herunterladen.",https://www.jugend-forscht.de/index.php?id=262&tx_smsjufoprojects_smsjufprojectdb%5Bproject%5D=7240&tx_smsjufoprojects_smsjufprojectdb%5Baction%5D=show&tx_smsjufoprojects_smsjufprojectdb%5Bcontroller%5D=Project&cHash=ccc2173619a73c3e25b9d60b327bbddf,2021,Mathematik/Informatik,Schleswig-Holstein
2021,Mathematik/Informatik,2021 | Mathematik/Informatik | Thüringen,Die Menge der einfach nicht konvexen Tangrampolygone,Sarah Sophie Pohl,"Sarah Sophie Pohl (19), Leinefelde-WorbisGeorg-August-Universität Göttingen
Carl-Zeiss-Gymnasium Jena
Die Menge der einfach nicht konvexen Tangrampolygone
Tangram ist ein altes chinesisches Legespiel, vermutlich entstand es zwischen dem 8. und 4. Jahrhundert v. Chr. Das Ziel des Spiels besteht darin, sieben Teile zu einer größeren geometrischen Figur zusammenzulegen. Schon lange ist bekannt, dass sich auf diese Weise 13 relativ simple Gebilde konstruieren lassen, zum Beispiel ein Quadrat oder ein gleichschenkliges Dreieck. Doch genauso gut kann man die sieben Bausteine zu deutlich komplexeren Mustern mit zusätzlichen Ecken und Kanten zusammenfügen. Sarah Sophie Pohl ging in ihrem Forschungsprojekt der Frage nach, wie viele solcher „einfach nicht konvexen“ Figuren maximal möglich sind. Mithilfe strenger mathematischer Beweisführungen stieß sie auf eine beachtliche Zahl: Demnach existieren genau 1 268 dieser ungewöhnlichen Tangram-Figuren.",https://www.jugend-forscht.de/index.php?id=262&tx_smsjufoprojects_smsjufprojectdb%5Bproject%5D=7243&tx_smsjufoprojects_smsjufprojectdb%5Baction%5D=show&tx_smsjufoprojects_smsjufprojectdb%5Bcontroller%5D=Project&cHash=f476a140d65453c4cb8a6d45ea107fe3,2021,Mathematik/Informatik,Thüringen
2021,Mathematik/Informatik,2021 | Mathematik/Informatik | Mecklenburg-Vorpommern,Die Würfel sind gefallen: Strategieoptimierung des Spieles Qwixx durch maschinelles Lernen,Susann Janetzki,"Susann Janetzki (19), Barkhagen, OT ZarchlinLandesschule Pforta, Naumburg
Institut für Informatik, Friedrich-Schiller-Universität Jena
Die Würfel sind gefallen: Strategieoptimierung des Spieles Qwixx durch maschinelles Lernen
Das Würfelspiel Qwixx ähnelt dem Klassiker Kniffel – es geht darum, in mehreren Farbreihen möglichst viele Zahlen zu erwürfeln. Wie lässt sich das Spiel einem Computer beibringen, sodass dieser dem Menschen ein ebenbürtiger Gegner ist? Susann Janetzki beantwortete diese Frage mit einer besonderen Spielart der künstlichen Intelligenz (KI) – den evolutionären Algorithmen. Das Prinzip: Innerhalb der Software treten mehrere Unterprogramme mit verschiedenen Eigenschaften gegeneinander an. In einem mehrstufigen Prozess, der den Darwin‘schen Regeln von Mutation und Selektion folgt, schält sich nach und nach das leistungsfähigste Programm heraus. Die Strategie der Jungforscherin hatte Erfolg: Im Test konnte ihre evolutionäre KI im Schnitt mehr Punkte erzielen als die menschlichen Spielerinnen und Spieler.",https://www.jugend-forscht.de/index.php?id=262&tx_smsjufoprojects_smsjufprojectdb%5Bproject%5D=7245&tx_smsjufoprojects_smsjufprojectdb%5Baction%5D=show&tx_smsjufoprojects_smsjufprojectdb%5Bcontroller%5D=Project&cHash=984cae91c6e3d69998fbdff795f2f164,2021,Mathematik/Informatik,Mecklenburg-Vorpommern
2021,Mathematik/Informatik,2021 | Mathematik/Informatik | Baden-Württemberg,Domänenspezifische Sprache für differenzierbare Programmierung,Can Lehmann,"Can Lehmann (17), IngersheimFriedrich-Schiller-Gymnasium, Marbach am Neckar
Schülerforschungslabor Kepler-Seminar e.V., Stuttgart
3. Preis Mathematik/InformatikPreisstifter: Fraunhofer-Gesellschaft zur Förderung der angewandten Forschung e. V.
Domänenspezifische Sprache für differenzierbare Programmierung
Irgendwann ist sie Thema im Mathematikunterricht: die Ableitung einer Funktion. Sie hilft unter anderem dabei, Höchst und Tiefstwerte auszurechnen. Doch Ableitungen spielen auch in der Informatik eine wichtige Rolle. So etwa auf dem zukunftsträchtigen Feld der künstlichen Intelligenz (KI). Can Lehmann entwickelte in seinem Forschungsprojekt eine neue Programmiersprache. Sie bildet automatisch die Ableitungen von den mathematischen Operationen, aus denen neuronale Netzwerke bestehen. Wenn Forscher neuartige mathematische Operationen für neuronale Netzwerke entwickeln, müssen sie normalerweise aufwendige Programmcodes schreiben und die Ableitungen händisch bilden. Mithilfe der Programmiersprache des Jungforschers wird ihnen diese Arbeit erleichtert. Zudem sind die Operationen auch sehr schnell, da automatisch komplexe Laufzeitoptimierungen angewandt werden.",https://www.jugend-forscht.de/index.php?id=262&tx_smsjufoprojects_smsjufprojectdb%5Bproject%5D=7248&tx_smsjufoprojects_smsjufprojectdb%5Baction%5D=show&tx_smsjufoprojects_smsjufprojectdb%5Bcontroller%5D=Project&cHash=4b90b2a331cb8c7bceda8eb617b85c70,2021,Mathematik/Informatik,Baden-Württemberg
2021,Mathematik/Informatik,2021 | Mathematik/Informatik | Bayern,Echtzeit-Raytracing auf Adaptively-Sampled Distance Fields,Jonathan Hähne,"Jonathan Hähne (18), HallbergmoosTechnische Universität München, Garching bei München
Bundessieg1. Preis Mathematik/InformatikPreisstifter: Fraunhofer-Gesellschaft zur Förderung der angewandten Forschung e. V.
Echtzeit-Raytracing auf Adaptively-Sampled Distance Fields
Spiele und Kinofilme verblüffen heute mit erstaunlich realistischen Computeranimationen. Für die tollen Bilder sorgt unter anderem ein Verfahren namens Raytracing: Die Software errechnet den Verlauf eines jeden Lichtstrahls und erlaubt eine realitätsnahe Darstellung etwa von Reflexen. Allerdings ist die Methode aufwendig und erst seit Kurzem in Echtzeit anwendbar – vorteilhaft insbesondere für Spiele. Jonathan Hähne entwarf den Prototyp einer neuartigen echtzeitfähigen Raytracing-Software. Diese hat unter anderem das Potenzial, Rundungen besser abzubilden als die üblichen Algorithmen. Als Herausforderung erwies sich der Speicherbedarf: Der Jungforscher musste sich ein paar ausgefeilte Tricks einfallen lassen, um ein Überlaufen des Speichers beim Rechenvorgang zu verhindern.",https://www.jugend-forscht.de/index.php?id=262&tx_smsjufoprojects_smsjufprojectdb%5Bproject%5D=7251&tx_smsjufoprojects_smsjufprojectdb%5Baction%5D=show&tx_smsjufoprojects_smsjufprojectdb%5Bcontroller%5D=Project&cHash=e84fa1bc3567f7335b6617ab4f7074e3,2021,Mathematik/Informatik,Bayern
2021,Mathematik/Informatik,2021 | Mathematik/Informatik | Nordrhein-Westfalen,"Entwicklung eines günstigen, selbst balancierenden und autonomen Landwirtschaftsroboters",Simon Sure,"Simon Sure (17), KempenThomaeum – Städtisches Gymnasium Kempen
5. Preis Mathematik/InformatikPreisstifter: Fraunhofer-Gesellschaft zur Förderung der angewandten Forschung e. V.
Konrad-Zuse-Jugendpreis für Informatik der Eduard-Rhein-StiftungPreisstifter: Eduard-Rhein-Stiftung
Entwicklung eines günstigen, selbst balancierenden und autonomen Landwirtschaftsroboters
Roboter finden sich immer häufiger im Alltag, etwa als Staubsauger- oder Rasenmähroboter. Simon Sure setzte sich in seinem Forschungsprojekt zum Ziel, die Landwirtschaft zu unterstützen und einen Roboter für den Acker zu konstruieren. Dazu verwendete er den Antrieb eines gebrauchten Hoverboards, also eines zweirädrigen Gefährts, das selbstständig balancieren kann. Dieses bestückte er mit einem Kompass, Bewegungssensoren, mehreren Kameras und einem Kleinstrechner mitsamt selbst geschriebener Software. Das versetzt den Roboter in die Lage, Pflanzen zu erkennen und seine Umgebung zu kartieren, um zielsicher über das Feld navigieren zu können. Derzeit tüftelt der Jungforscher an einem Roboterarm, der Unkraut kleinhäckseln und dem Ackerboden als Dünger untermischen kann.",https://www.jugend-forscht.de/index.php?id=262&tx_smsjufoprojects_smsjufprojectdb%5Bproject%5D=7262&tx_smsjufoprojects_smsjufprojectdb%5Baction%5D=show&tx_smsjufoprojects_smsjufprojectdb%5Bcontroller%5D=Project&cHash=f79909dc609a26a14ace7f691f22e2d8,2021,Mathematik/Informatik,Nordrhein-Westfalen
2021,Mathematik/Informatik,2021 | Mathematik/Informatik | Hamburg,FRACTRAN – einfach alles berechnen,"Lennart Christian Grabbel, 
									
										Paul Siewert, 
									
										Juri Kaganskiy","Lennart Christian Grabbel (17, rechts), HamburgGymnasium Farmsen, Hamburg
Paul Siewert (18, links), BerlinHeinrich-Hertz-Gymnasium, Berlin
Juri Kaganskiy (16, Mitte), BerlinDreilinden Gymnasium, Berlin
BundessiegPreis für eine außergewöhnliche ArbeitPreisstifter: Bundespräsident Frank-Walter Steinmeier
Preis für eine außergewöhnliche mathematische ArbeitPreisstifter: Deutsche Mathematiker-Vereinigung e. V.
FRACTRAN – einfach alles berechnen
In den 1970er-Jahren erfand der englische Mathematiker John Conway eine verblüffend einfache Programmiersprache namens FRACTRAN. Sie eignet sich zwar nicht für den praktischen Einsatz, besticht aber durch eine bemerkenswerte mathematische Eigenschaft: Obwohl sie im Grunde lediglich auf der wiederholten Berechnung von Brüchen basiert, lassen sich mit dieser Programmiersprache im Prinzip alle denkbaren mathematischen Aufgabenstellungen berechnen. Auch Lennart Christian Grabbel, Paul Siewert und Juri Kaganskiy ließen sich in ihrem Forschungsprojekt von FRACTRAN faszinieren. Es gelang ihnen unter anderem, ein ganz grundlegendes Programm durch geschickte Optimierungen zu verkürzen und auf diese Weise zu verbessern. Darüber hinaus befassten sie sich mit unendlichen Programmen und konnten dadurch die Welt von FRACTRAN deutlich erweitern.",https://www.jugend-forscht.de/index.php?id=262&tx_smsjufoprojects_smsjufprojectdb%5Bproject%5D=7270&tx_smsjufoprojects_smsjufprojectdb%5Baction%5D=show&tx_smsjufoprojects_smsjufprojectdb%5Bcontroller%5D=Project&cHash=47d30309557dde2422a7391f69894dbe,2021,Mathematik/Informatik,Hamburg
2021,Mathematik/Informatik,2021 | Mathematik/Informatik | Saarland,IoT-Link: sichere und unkomplizierte Steuerung für Geräte des Internet of Things,"Robert Julius Pietsch, 
									
										Leon Johannes Scheld, 
									
										Sven Lenhart","Robert Julius Pietsch (18, Mitte), Saarbrücken-DudweilerUniversität des Saarlandes, Saarbrücken
Leon Johannes Scheld (20, links), Saarbrücken-DudweilerUniversität des Saarlandes, Saarbrücken
Sven Lenhart (18, rechts), AachenRheinisch-Westfälische Technische Hochschule Aachen
Preis für eine interdisziplinäre Arbeit mit Bezug zur ElektronikPreisstifter: ESD FORUM e. V.
IoT-Link: sichere und unkomplizierte Steuerung für Geräte des Internet of Things
Das Licht schaltet sich auf Zuruf ein und der Kühlschrank vermeldet, wenn die Milch zur Neige geht. Solche Smarthome-Anwendungen erleichtern den Alltag und werden daher immer beliebter. Das Problem: Der Datenschutz scheint nicht immer garantiert, womöglich drohen sogar Hackerangriffe. Aus diesem Grund entwickelten Robert Julius Pietsch, Leon Johannes Scheld und Sven Lenhart ein System, das auf optimale Sicherheit ausgelegt ist. Für gewöhnlich werden die Daten per Internet zu den Herstellern geschickt – eine mögliche Schwachstelle. Anders bei „IoT-Link“, so der Name des Systems: Hier übernimmt ein eigener Server die Steuerung, die Daten müssen das heimische Netzwerk nicht verlassen. Erste Tests verliefen erfolgreich, nun arbeiten die drei Jungforscher an einer Erweiterung ihres Systems.",https://www.jugend-forscht.de/index.php?id=262&tx_smsjufoprojects_smsjufprojectdb%5Bproject%5D=7281&tx_smsjufoprojects_smsjufprojectdb%5Baction%5D=show&tx_smsjufoprojects_smsjufprojectdb%5Bcontroller%5D=Project&cHash=0dee5e4b9eed2cd3f021416d65f2740d,2021,Mathematik/Informatik,Saarland
2021,Mathematik/Informatik,2021 | Mathematik/Informatik | Bremen,Kampf gegen das Virus – Simulation von Ausbreitung und Maßnahmen,"Jakob Dubischar, 
									
										Frederik Peik","Jakob Dubischar (13, links), BremenGymnasium Horn, Bremen
Frederik Peik (15, rechts), BremenFreie Evangelische Bekenntnisschule Bremen
Preis für eine Arbeit, die in besonderer Weise den Nutzen der Informatik verdeutlichtPreisstifter: Gesellschaft für Informatik e. V.
Kampf gegen das Virus – Simulation von Ausbreitung und Maßnahmen
Corona hält die Welt in Atem. Viele fragen sich Tag für Tag, wie sich die Pandemie weiterentwickeln wird. Ein wichtiges Prognosewerkzeug sind Computersimulationen. Sie bilden das Infektionsgeschehen virtuell nach und können so Vorhersagen ermöglichen, ob die Infektionszahlen steigen und wie sich Gegenmaßnahmen auswirken werden. Eine solche Computersimulation haben Jakob Dubischar und Frederik Peik in ihrem Forschungsprojekt programmiert. Auf Knopfdruck lässt sich damit am Bildschirm verfolgen, wie die Infektion im Kleinen beginnt und sich im Laufe der Zeit rapide ausbreitet. Zudem kann man präzise einstellen, wie viele Menschen Masken tragen und wann ein Impfstoff zur Verfügung steht. Das Ergebnis ist eine erstaunlich realitätsnahe Abbildung des Pandemiegeschehens.",https://www.jugend-forscht.de/index.php?id=262&tx_smsjufoprojects_smsjufprojectdb%5Bproject%5D=7282&tx_smsjufoprojects_smsjufprojectdb%5Baction%5D=show&tx_smsjufoprojects_smsjufprojectdb%5Bcontroller%5D=Project&cHash=c3b2e872538597bdc67db2858f294f22,2021,Mathematik/Informatik,Bremen
2021,Mathematik/Informatik,2021 | Mathematik/Informatik | Brandenburg,Korrelationen zwischen Persönlichkeit und Schulerfolg am Carl-Friedrich-Gauß-Gymnasium,Maximilian Kugler,"Maximilian Kugler (18), Frankfurt (Oder)Carl-Friedrich-Gauß-Gymnasium, Frankfurt (Oder)
Korrelationen zwischen Persönlichkeit und Schulerfolg am Carl-Friedrich-Gauß-Gymnasium
Bei Einstellungsgesprächen spielen sie häufig eine Rolle: psychologische Persönlichkeitstests, mit denen Firmen die geeignetsten Bewerberinnen und Bewerber herauszufinden versuchen. Mithilfe eines solchen Testverfahrens wollte Maximilian Kugler in Erfahrung bringen, ob und wie die Schulnoten mit der Persönlichkeit von Schülerinnen und Schülern zusammenhängen. Dazu ließ er rund 250 Probanden einen ausführlichen Fragebogen ausfüllen. Die Antworten wertete er mittels einer mathematischen Analyse aus und stieß dabei auf einige interessante Ergebnisse: Einen besonderen Einfluss auf die Schulnoten haben Eigenschaften wie Offenheit und Gewissenhaftigkeit. Dass Mädchen im Schnitt deutlich besser in der Schule sind als Jungs, scheint dagegen kaum mit Persönlichkeitsmerkmalen zu erklären sein.",https://www.jugend-forscht.de/index.php?id=262&tx_smsjufoprojects_smsjufprojectdb%5Bproject%5D=7284&tx_smsjufoprojects_smsjufprojectdb%5Baction%5D=show&tx_smsjufoprojects_smsjufprojectdb%5Bcontroller%5D=Project&cHash=02175a5de605e84737f6cd51ec6e7b12,2021,Mathematik/Informatik,Brandenburg
2021,Mathematik/Informatik,2021 | Mathematik/Informatik | Niedersachsen,MolGrad: Moleküle generieren und optimieren mit KI,Paul Wollenhaupt,"Paul Wollenhaupt (19), Bad ZwischenahnGymnasium Bad Zwischenahn-Edewecht
Preis für eine Arbeit zur nachhaltigen Entwicklung in der chemischen IndustriePreisstifter: Fonds der Chemischen Industrie im Verband der Chemischen Industrie e. V.
MolGrad: Moleküle generieren und optimieren mit KI
Die Entwicklung eines neuen Medikaments ist teuer und aufwendig. Denn es kann extrem lange dauern, aus Abermillionen von Wirkstoffkandidaten die besten zu identifizieren. Ein noch junges Werkzeug kann diese Suche beschleunigen – künstliche Intelligenz (KI). Sie erkennt Muster in großen Datenmengen und gibt dadurch wichtige Hinweise, in welche Richtung die weitere Suche verlaufen sollte. Allerdings eignen sich die üblichen KI-Programme nur bedingt. Daher entwickelte Paul Wollenhaupt einen an die Medikamentensuche angepassten Algorithmus, der die molekularen Strukturen der potenziellen Wirkstoffe berücksichtigt. Ein Test bewies, dass die Software prinzipiell funktioniert: Sie konnte ein Kohlenwasserstoffmolekül im Hinblick auf seine Wasserlöslichkeit verbessern.",https://www.jugend-forscht.de/index.php?id=262&tx_smsjufoprojects_smsjufprojectdb%5Bproject%5D=7294&tx_smsjufoprojects_smsjufprojectdb%5Baction%5D=show&tx_smsjufoprojects_smsjufprojectdb%5Bcontroller%5D=Project&cHash=54575bd5a0881494f9886aeafb7584ff,2021,Mathematik/Informatik,Niedersachsen
2021,Mathematik/Informatik,2021 | Mathematik/Informatik | Berlin,SEK – Sichere Elektronische Kommunikation,Paul Strobach,"Paul Strobach (18), BerlinUniversität Potsdam
SEK – Sichere Elektronische Kommunikation
Die E-Mail zählt nach wie vor zu den wichtigsten Kommunikationsformaten im Internet. Rund 300 Milliarden dieser digitalen Textnachrichten werden jeden Tag im Netz versendet. Oftmals jedoch drohen Sicherheitslücken, denn die meisten Menschen senden und empfangen ihre E-Mails in der Regel unverschlüsselt. Dadurch können Hacker sie im Prinzip abfangen. Einer der Gründe ist, dass heute zur Verfügung stehende Verschlüsselungsmethoden nicht einfach zu bedienen sind. Daher programmierte Paul Strobach in seinem Forschungsprojekt eine eigene Software, die die elektronische Kommunikation künftig sicherer machen kann – und zwar auf eine nutzerfreundliche Art. Sie übernimmt das Verschlüsseln, Signieren und Entschlüsseln einer E-Mail automatisch, ohne dass sich die Nutzerinnen und Nutzer darum kümmern müssen.",https://www.jugend-forscht.de/index.php?id=262&tx_smsjufoprojects_smsjufprojectdb%5Bproject%5D=7313&tx_smsjufoprojects_smsjufprojectdb%5Baction%5D=show&tx_smsjufoprojects_smsjufprojectdb%5Bcontroller%5D=Project&cHash=e21c70a33b510f37cf09222bd59b12b1,2021,Mathematik/Informatik,Berlin
2021,Mathematik/Informatik,2021 | Mathematik/Informatik | Rheinland-Pfalz,Vine Leaf Disease and AI,"Mario Schweikert, 
									
										Maria-Theresa Licka","Mario Schweikert (17), Neustadt an der WeinstraßeLeibniz-Gymnasium, Neustadt an der Weinstraße
Maria-Theresa Licka (18), HeidelbergElisabeth-von-Thadden-Schule, Heidelberg
Jugend forscht AG, Neustadt an der Weinstraße
Preis für eine Arbeit auf dem Gebiet der UmwelttechnikPreisstifter: Deutsche Bundesstiftung Umwelt
Vine Leaf Disease and AI
Weinreben sind anfällig für Krankheiten, hervorgerufen durch Bakterien, Pilze oder Viren. Um die wirtschaftlichen Einbußen im Rahmen zu halten, sprühen Winzer Pestizide, pro Jahr sind es in Deutschland rund 3 000 Tonnen. Um diese Menge zu verringern, programmierten Mario Schweikert und Maria-Theresa Licka eine Smartphone-App, die den Schädlingsbefall auf Weinblättern frühzeitig identifiziert. Die Erkennung der Krankheit übernimmt eine künstliche Intelligenz (KI), die mit mehr als 5 000 Beispielbildern trainiert wurde. Zudem wertet die Software die GPS-Koordinaten der Bilder aus und erstellt eine Karte, die die aktuelle Verbreitung einer Rebkrankheit anzeigt. So lässt sich die Ausbreitung von Schädlingen eindämmen, der Einsatz von Pestiziden reduzieren und die Umwelt nachhaltig schonen.",https://www.jugend-forscht.de/index.php?id=262&tx_smsjufoprojects_smsjufprojectdb%5Bproject%5D=7328&tx_smsjufoprojects_smsjufprojectdb%5Baction%5D=show&tx_smsjufoprojects_smsjufprojectdb%5Bcontroller%5D=Project&cHash=dc5734c6d7906c46848893bfc61062bf,2021,Mathematik/Informatik,Rheinland-Pfalz
2021,Geo- und Raumwissenschaften,2021 | Geo- und Raumwissenschaften | Bremen,Abschmelzendes Grönlandeis – nur ein Symptom des Klimawandels oder Vorbote einer Eiszeit?,Marit Paul,"Marit Paul (18), BremenÖkumenisches Gymnasium zu Bremen
Abschmelzendes Grönlandeis – nur ein Symptom des Klimawandels oder Vorbote einer Eiszeit?
Bohrkerne können den Blick in die Klimageschichte eröffnen. Marit Paul untersuchte eine solche Probe aus dem Meerfelder Maar durch die Analyse von Fettsäureketten in den Sedimenten. Weil deren Längen mit der jeweils herrschenden Temperatur korrelieren und die Schichtung der Sedimente eine Art von Jahresringen ergibt, ließ sich die letzte Kaltzeit aus der Probe herausarbeiten. Da dieser Kälteperiode eine starke Abschwächung des Golfstroms durch das abschmelzende Grönlandeis vorausging, fragte sich die Jungforscherin, ob auch das heutige Abschmelzen des Eisschildes zu einer neuen Eiszeit in Europa führen kann. Zwar muss die Antwort offenbleiben, aber ihr Beitrag zum verbesserten Verständnis der Zusammenhänge wird helfen, die Auswirkungen der globalen Klimaerwärmung besser zu verstehen.",https://www.jugend-forscht.de/index.php?id=262&tx_smsjufoprojects_smsjufprojectdb%5Bproject%5D=7222&tx_smsjufoprojects_smsjufprojectdb%5Baction%5D=show&tx_smsjufoprojects_smsjufprojectdb%5Bcontroller%5D=Project&cHash=c3c198e5731b41019c0df23601113b2a,2021,Geo- und Raumwissenschaften,Bremen
2021,Geo- und Raumwissenschaften,2021 | Geo- und Raumwissenschaften | Bayern,Analyse eines Lebenserhaltungssystems für eine Mondbasis am lunaren Südpol,Lena Kahle,"Lena Kahle (17), WeßlingOtto-von-Taube-Gymnasium Gauting
Preis für eine Arbeit auf dem Gebiet der Luft- und RaumfahrtPreisstifter: Deutsches Zentrum für Luft- und Raumfahrt
Analyse eines Lebenserhaltungssystems für eine Mondbasis am lunaren Südpol
Nach längerer Zeit soll der Mond wieder zum Ziel bemannter Weltraummissionen werden, die NASA hat sogar Pläne für eine feste Station. Mit der Frage, wie eine solche Mondbasis aussehen könnte, befasste sich Lena Kahle in ihrer Forschungsarbeit. Der wichtigste Aspekt dabei ist, wie Lebenserhaltungssysteme und Stromversorgung dimensioniert sein müssen, damit Menschen dauerhaft auf unserem Trabanten siedeln können. Die Jungforscherin entwarf ein Ensemble aus Luftfiltern, Bioreaktoren, Brennstoffzellen und Solarmodulen, inspiriert durch das System auf der Raumstation ISS. Um Abmessung und Zusammenspiel der Komponenten zu prüfen, simulierte sie den Betrieb der Mondbasis mit dem Computer. Dadurch ließ sich unter anderem die erforderliche Größe der Tanks für Wasserstoff und Sauerstoff berechnen.",https://www.jugend-forscht.de/index.php?id=262&tx_smsjufoprojects_smsjufprojectdb%5Bproject%5D=7224&tx_smsjufoprojects_smsjufprojectdb%5Baction%5D=show&tx_smsjufoprojects_smsjufprojectdb%5Bcontroller%5D=Project&cHash=6c6fa93c0b2b75228f925de796cf42e3,2021,Geo- und Raumwissenschaften,Bayern
2021,Geo- und Raumwissenschaften,2021 | Geo- und Raumwissenschaften | Thüringen,Die Parallaxe ist die Königsklasse,"Konrad Thiel, 
									
										Emmily Grunert","Konrad Thiel (18), GreizUlf-Merbold-Gymnasium Greiz
Emmily Grunert (18), BergaUlf-Merbold-Gymnasium Greiz
Die Parallaxe ist die Königsklasse
Unter allen Sternen ist Barnards Pfeilstern derjenige mit der größten bekannten Eigenbewegung. Konrad Thiel und Emmily Grunert setzten sich das Ziel, die diversen in der Astronomie relevanten Bewegungsparameter – Radial-, Tangential- und Raumgeschwindigkeit – mit einfachen Mitteln zu untersuchen. Sie erstellten mit Teleskop und Kamera im Monatsabstand Fotos des Sternenhimmels und werteten die Bilder digital aus. Dabei war auch die Parallaxe, also die nur scheinbare Veränderung der Position eines Objektes, zu berücksichtigen. Diese ergibt sich durch die Bewegung der Erde um die Sonne im Verlauf der Jahreszeiten. So konnten die Jungforscherin und der Jungforscher die verschiedenen Geschwindigkeiten des Pfeilsterns mit oft nur geringen Abweichungen von in der Literatur genannten Werten ermitteln.",https://www.jugend-forscht.de/index.php?id=262&tx_smsjufoprojects_smsjufprojectdb%5Bproject%5D=7244&tx_smsjufoprojects_smsjufprojectdb%5Baction%5D=show&tx_smsjufoprojects_smsjufprojectdb%5Bcontroller%5D=Project&cHash=6dff29694d3bb34839d86b8fb4532c22,2021,Geo- und Raumwissenschaften,Thüringen
2021,Geo- und Raumwissenschaften,2021 | Geo- und Raumwissenschaften | Rheinland-Pfalz,Ein Vergleich von Schottergarten und Rasenfläche in ihrem Einfluss auf das Mikroklima,"Felix Heim, 
									
										Florian Heim","Felix Heim (19, links), HillscheidPrivates Johannes-Gymnasium, Lahnstein
Florian Heim (19, rechts), HillscheidPrivates Johannes-Gymnasium, Lahnstein
4. Preis Geo- und RaumwissenschaftenPreisstifter: stern
Preis für eine Arbeit zum Thema ""Klimaschutz""Preisstifter: Bundesministerin für Umwelt, Naturschutz und nukleare Sicherheit Svenja Schulze
Ein Vergleich von Schottergarten und Rasenfläche in ihrem Einfluss auf das Mikroklima
Mancher Hauseigentümer entscheidet sich heute für eine Schotterfläche anstelle einer Grünfläche vor dem Haus. Felix und Florian Heim wollten wissen, welche Auswirkung diese Gartengestaltung auf das kleinräumige Klima hat. Auf zwei nebeneinander liegenden Versuchsfeldern – eines mit Schotter, eines mit Rasen – bauten sie zwei identische Messstationen auf. Damit erfassten sie mehrere Monate lang die meteorologischen Größen und fanden heraus, dass sich sowohl der Boden des Schottergartens als auch die Luftschicht direkt darüber bei starker Sonneneinstrahlung besonders schnell und stark erwärmte. Über dem Gras war die Luftfeuchtigkeit zudem höher und der Grasboden speicherte die Niederschläge länger. Aus ökologischen Gründen lehnen die Jungforscher Schottergärten daher ab.",https://www.jugend-forscht.de/index.php?id=262&tx_smsjufoprojects_smsjufprojectdb%5Bproject%5D=7259&tx_smsjufoprojects_smsjufprojectdb%5Baction%5D=show&tx_smsjufoprojects_smsjufprojectdb%5Bcontroller%5D=Project&cHash=49bb97fbcaaa6a097ccc5fbf97588574,2021,Geo- und Raumwissenschaften,Rheinland-Pfalz
2021,Geo- und Raumwissenschaften,2021 | Geo- und Raumwissenschaften | Sachsen,Erprobung einer Möglichkeit zur mobilen Messung der Feinstaubbelastung,Tim Schwarzbach,"Tim Schwarzbach (18), DresdenMartin-Andersen-Nexö-Gymnasium, Dresden
ERGO Umweltinstitut GmbH, Dresden
Preis für eine Arbeit auf dem Gebiet der GeographiePreisstifter: Deutsche Gesellschaft für Geographie e. V. (DGfG)
Erprobung einer Möglichkeit zur mobilen Messung der Feinstaubbelastung
Messstationen für Feinstaub sind in Städten oft wenig repräsentativ für das umliegende Areal. Tim Schwarzbach absolvierte daher über mehrere Monate hinweg 68 Fahrten auf der immer gleichen Route durch Dresden. Auf seinem Fahrrad hatte er ein Feinstaubmessgerät dabei, das – gekoppelt mit den GPS-Daten des Smartphones – für die gut zwei Kilometer lange Strecke jedes Mal ein räumliches Profil der Luftbelastung erstellte. So konnte der Jungforscher nicht nur zeigen, welche Straßenabschnitte besonders stark durch Feinstaub belastet waren, sondern auch Faktoren ermitteln, die Einfluss auf die Luftqualität haben – wie das Wetter und die Tageszeit. Damit bewies er, dass sich bereits mit einfachen Mitteln ein präziseres Bild der Luftbelastung zeichnen lässt, als es stationäre Messstellen können.",https://www.jugend-forscht.de/index.php?id=262&tx_smsjufoprojects_smsjufprojectdb%5Bproject%5D=7264&tx_smsjufoprojects_smsjufprojectdb%5Baction%5D=show&tx_smsjufoprojects_smsjufprojectdb%5Bcontroller%5D=Project&cHash=4007b1d112b53761ad83181c7b905739,2021,Geo- und Raumwissenschaften,Sachsen
2021,Geo- und Raumwissenschaften,2021 | Geo- und Raumwissenschaften | Sachsen-Anhalt,Festgeklebt und eingeschlossen für die Ewigkeit II – Pollen in Bitterfelder Bernstein,Inga Lovisa Endtmann,"Inga Lovisa Endtmann (15), Halle (Saale)Georg-Cantor-Gymnasium Halle (Saale)
Preis für eine originelle Arbeit auf dem Gebiet der GeologiePreisstifter: Deutsche Geologische GesellschaftGeologische Vereinigung e. V. (DGGV)
Festgeklebt und eingeschlossen für die Ewigkeit II – Pollen in Bitterfelder Bernstein
Einschlüsse im Bernstein können Hinweise auf dessen Alter geben. Zumeist richten Forschende ihr Augenmerk dabei auf die konservierten tierischen Überreste. Inga Lovisa Endtmann hingegen untersuchte die eingeschlossenen Pollen. Sie analysierte Dünnschliffe von Bitterfelder Bernstein und löste das fossile Harz zudem im Labor auf. So konnte sie mindestens 14 verschiedene Typen von Pollen und Sporen dokumentieren und auf die Artenzusammensetzung des Bitterfelder Bernsteinwaldes schließen. Daraus wiederum leitete die Jungforscherin das Alter der untersuchten geologischen Schichten ab, das sie nun auf 34 bis 41 Millionen Jahre taxiert. Damit wäre das Gestein noch älter als bisher in der Literatur angegeben. Weitere Untersuchungen sollen folgen, um die Altersbestimmung weiter zu präzisieren.",https://www.jugend-forscht.de/index.php?id=262&tx_smsjufoprojects_smsjufprojectdb%5Bproject%5D=7268&tx_smsjufoprojects_smsjufprojectdb%5Baction%5D=show&tx_smsjufoprojects_smsjufprojectdb%5Bcontroller%5D=Project&cHash=b446a21f586c75a557b2d401b16f5713,2021,Geo- und Raumwissenschaften,Sachsen-Anhalt
2021,Geo- und Raumwissenschaften,2021 | Geo- und Raumwissenschaften | Saarland,Geologische und klimatologische Untersuchungen in Püttlingen,"Michael Rosch, 
									
										Johann Rosch","Michael Rosch (16, links), PüttlingenAlbert-Einstein-Gymnasium, Völklingen
Johann Rosch (14, rechts), PüttlingenAlbert-Einstein-Gymnasium, Völklingen
Preis für eine Arbeit auf dem Gebiet des geowissenschaftlichen UnterrichtsPreisstifter: Verband Deutscher Schulgeographen e. V.
Geologische und klimatologische Untersuchungen in Püttlingen
Seit 2016 protokollierten Michael und Johann Rosch jede Woche auf jeweils denselben Flächen in Püttlingen den Blühbeginn und das Blühende von 140 verschiedenen Pflanzen. Dabei konnten sie nachweisen, dass viele Arten in den letzten Jahren zum Teil erheblich früher blühten als in der Fachliteratur angegeben. Manche Pflanzen erwachten sogar mehr als einen ganzen Monat früher aus ihrer Winterruhe. Um die als Ursache vermutete Erwärmung auch anhand meteorologischer Daten nachzuweisen, bauten die Jungforscher 2018 zusätzlich eine eigene Wetterstation auf. Diese zeigte, dass mit nur einer einzigen Ausnahme alle Monate wärmer waren, als es nach einer vorliegenden Klimastatistik zu erwarten gewesen wäre. Der Klimawandel, so ihr Fazit, ist längst vor unserer eigenen Haustür nachweisbar.",https://www.jugend-forscht.de/index.php?id=262&tx_smsjufoprojects_smsjufprojectdb%5Bproject%5D=7272&tx_smsjufoprojects_smsjufprojectdb%5Baction%5D=show&tx_smsjufoprojects_smsjufprojectdb%5Bcontroller%5D=Project&cHash=a47ced1630f0bc61b81b11891fa7cc4a,2021,Geo- und Raumwissenschaften,Saarland
2021,Geo- und Raumwissenschaften,2021 | Geo- und Raumwissenschaften | Thüringen,Konstruktion des Antriebsstranges eines Rovers basierend auf dem Tensegrity-Prinzip,Samira Maia Trommer,"Samira Maia Trommer (17), IlmenauGoetheschule Ilmenau
Konstruktion des Antriebsstranges eines Rovers basierend auf dem Tensegrity-Prinzip
Ein sogenanntes Tensegrity ist eine sich selbst stabilisierende Konstruktion aus Stäben und Seilen. Verändert man die Geometrie des Gebildes, etwa durch gezieltes Verkürzen bestimmter Seile mittels eines integrierten Motors, kann sich das Objekt fortbewegen. Samira Maia Trommer analysierte verschiedene Varianten der technischen Umsetzung und entschied sich für die aus ihrer Sicht günstigste Bauform, um sie in der Praxis zu testen. Die Jungforscherin hatte dabei einen konkreten Einsatzzweck im Blick: Tensegritys könnten eines Tages jene Fahrzeuge ersetzen, die heute bei Weltraummissionen – speziell zur Erkundung auf dem Mars – eingesetzt werden. Denn ein Tensegrity nimmt wenig Raum ein und ist durch seine luftige Konstruktion sehr leicht, was beim Transport in Raumfähren einen großen Vorteil darstellt.",https://www.jugend-forscht.de/index.php?id=262&tx_smsjufoprojects_smsjufprojectdb%5Bproject%5D=7283&tx_smsjufoprojects_smsjufprojectdb%5Baction%5D=show&tx_smsjufoprojects_smsjufprojectdb%5Bcontroller%5D=Project&cHash=b5ed60719f81e9fd2409978cb2914e69,2021,Geo- und Raumwissenschaften,Thüringen
2021,Geo- und Raumwissenschaften,2021 | Geo- und Raumwissenschaften | Baden-Württemberg,Landwirtschaft auf Kosten der Umwelt? Auswirkung verschiedener Pflanzen auf Böden,"Isabell Seibel, 
									
										Melina Reckermann","Isabell Seibel (16, rechts), TuttlingenImmanuel-Kant-Gymnasium Tuttlingen
Melina Reckermann (16, links), WurmlingenImmanuel-Kant-Gymnasium Tuttlingen
Schülerforschungszentrum Südwürttemberg, Tuttlingen
2. Preis Geo- und RaumwissenschaftenPreisstifter: stern
SonderpreisTeilnahme am Stockholm Junior Water Prize in SchwedenPreisstifter: Stockholm International Water Institute
Landwirtschaft auf Kosten der Umwelt? Auswirkung verschiedener Pflanzen auf Böden
Nachdem das Image von Biogas durch riesige Maisfelder gelitten hat, wird die Durchwachsene Silphie als ökologisch vorteilhafte Alternative diskutiert. Isabell Seibel und Melina Reckermann verglichen die Auswirkungen von Silphie und Mais auf Boden und Wasserhaushalt, indem sie sowohl bestehende Felder analysierten als auch Kulturen in eigenen Boxen anlegten. Ihre Ergebnisse sprechen für die Silphie: Sie reguliert den Wasserhaushalt des Bodens besser und senkt so das Risiko von Nitratauswaschung. Zudem bildet sie mehr Humus als der Mais, was den Bodenorganismen zugutekommt, und sie ist insektenfreundlich. Eine „Wunderpflanze“ ist die Silphie nach Ansicht der Jungforscherinnen nicht, aber sie macht Biogas umweltfreundlicher, nicht zuletzt, weil sie ohne jährlichen Herbizideinsatz auskommt.",https://www.jugend-forscht.de/index.php?id=262&tx_smsjufoprojects_smsjufprojectdb%5Bproject%5D=7285&tx_smsjufoprojects_smsjufprojectdb%5Baction%5D=show&tx_smsjufoprojects_smsjufprojectdb%5Bcontroller%5D=Project&cHash=e0af57526d597c83d8bcc945b460de83,2021,Geo- und Raumwissenschaften,Baden-Württemberg
2021,Geo- und Raumwissenschaften,2021 | Geo- und Raumwissenschaften | Bayern,Mikroplastik in Alpenseen – Detektion mittels Nilrot-Färbung,Lisa Schreyer,"Lisa Schreyer (18), Bad ReichenhallGymnasium der CJD Christophorusschulen Berchtesgaden, Schönau am Königssee
Schülerforschungszentrum Berchtesgadener Land, Berchtesgaden
5. Preis Geo- und RaumwissenschaftenPreisstifter: stern
Mikroplastik in Alpenseen – Detektion mittels Nilrot-Färbung
Feinste Plastikpartikel sind inzwischen fast überall in der Umwelt zu finden. Lisa Schreyer nahm sich die Ufersedimente von zwei bayerischen Seen vor und entwickelte ein einfaches Verfahren zum Nachweis der Kunststoffe. Ihre Proben, die sie an jeweils vier Stellen der Seen entnahm, behandelte sie im Labor mit dem fluoreszierenden Farbstoff Nilrot. Da dieser sich speziell an die Polymere bindet, lassen sich die gesuchten Mikropartikel anschließend aufgrund der Wellenlänge des zurückgestrahlten Lichtes per Mikroskop leicht identifizieren. Den höchsten Partikelwert wies die Jungforscherin in der Nähe eines Seebades nach – ein Indiz dafür, dass dort besonders viel Plastikmüll in die Umwelt eingetragen wird, der dann im Laufe der Jahre in kleinste Teile zerfällt und sich im Sediment ablagert.",https://www.jugend-forscht.de/index.php?id=262&tx_smsjufoprojects_smsjufprojectdb%5Bproject%5D=7292&tx_smsjufoprojects_smsjufprojectdb%5Baction%5D=show&tx_smsjufoprojects_smsjufprojectdb%5Bcontroller%5D=Project&cHash=20dce2bd39bc42527a4cf716e9f78035,2021,Geo- und Raumwissenschaften,Bayern
2021,Geo- und Raumwissenschaften,2021 | Geo- und Raumwissenschaften | Bremen,Modellerzeugung der Erde durch Fernerkundung,Jannik Malte Nicolaysen,"Jannik Malte Nicolaysen (17), BremenÖkumenisches Gymnasium zu Bremen
Modellerzeugung der Erde durch Fernerkundung
Die Rohdaten von Satellitenbildern beschreiben lediglich, in welchem Maße elektromagnetische Wellen einer bestimmten Länge von den jeweiligen Orten abgestrahlt werden. Sollen daraus Rückschlüsse auf die Art der Landnutzung gezogen werden, müssen die Daten aufwendig verarbeitet werden. Jannik Malte Nicolaysen entwickelte einen selbstlernenden Algorithmus, der unterschiedlich genutzte Flächen zu differenzieren vermag. Der Jungforscher trainierte das System anhand eines bekannten Areals und konnte so am Ende viele Strukturen in der Landschaft mit hoher Präzision identifizieren. Das gelang zudem mit einer überschaubaren Rechenleistung. So werden bessere Analysen der Erdoberfläche im Sinne der Umweltforschung möglich – etwa, indem das Abholzen der Regenwälder genauer erfasst werden kann.",https://www.jugend-forscht.de/index.php?id=262&tx_smsjufoprojects_smsjufprojectdb%5Bproject%5D=7293&tx_smsjufoprojects_smsjufprojectdb%5Baction%5D=show&tx_smsjufoprojects_smsjufprojectdb%5Bcontroller%5D=Project&cHash=2031710134aa52fb82fde456c148fcca,2021,Geo- und Raumwissenschaften,Bremen
2021,Geo- und Raumwissenschaften,2021 | Geo- und Raumwissenschaften | Nordrhein-Westfalen,Photometric search for Exomoons by using deep learning and a convolutional neural network,Lukas Weghs,"Lukas Weghs (17), KempenThomaeum – Städtisches Gymnasium Kempen
Institut für Planetenforschung, Deutsches Zentrum für Luft und Raumfahrt, Berlin
Bundessieg1. Preis Geo- und RaumwissenschaftenPreisstifter: stern
SonderpreisEinladung zum European Union Contest for Young Scientists (EUCYS)Preisstifter: European Commission
Europa-Preis für Teilnehmende am European Union Contest for Young Scientists (EUCYS)Preisstifter: Deutsche Forschungsgemeinschaft
Preis für eine Arbeit auf dem Gebiet der AstronomiePreisstifter: Astronomische Gesellschaft e. V.
Photometric search for Exomoons by using deep learning and a convolutional neural network
Astronomen kennen mehr als 4 000 Exoplaneten. Das sind Himmelskörper, die um einen anderen Stern als die Sonne kreisen. Allerdings konnte bei keinem davon bislang ein dazugehöriger Mond sicher nachgewiesen werden, obwohl es einige mögliche Kandidaten gibt. Lukas Weghs schrieb ein selbstlernendes Programm für einen Hochleistungsrechner, das hilft, mögliche Exomonde zu identifizieren. Das geschieht mittels der Transitmethode, mit der auch Exoplaneten detektiert werden: Sobald ein Himmelskörper aus Sicht der Erde vor einem Stern vorbeizieht, senkt er dessen Helligkeit minimal nach einem definierten Muster. Ein vorhandener Exomond würde dieses Muster noch etwas mehr verändern. So helfen die Algorithmen des Jungforschers, astronomische Helligkeitsmessungen nach Spuren von Exomonden zu durchsuchen.",https://www.jugend-forscht.de/index.php?id=262&tx_smsjufoprojects_smsjufprojectdb%5Bproject%5D=7303&tx_smsjufoprojects_smsjufprojectdb%5Baction%5D=show&tx_smsjufoprojects_smsjufprojectdb%5Bcontroller%5D=Project&cHash=26127b1be1b7d84a1d7b01e757ee5a11,2021,Geo- und Raumwissenschaften,Nordrhein-Westfalen
2021,Geo- und Raumwissenschaften,2021 | Geo- und Raumwissenschaften | Niedersachsen,Untersuchung des astronomischen Seeings durch Aperturfotometrie von Strichspuren,Ole Benstem,"Ole Benstem (18), HildesheimBischöfliches Gymnasium Josephinum, Hildesheim
3. Preis Geo- und RaumwissenschaftenPreisstifter: stern
Untersuchung des astronomischen Seeings durch Aperturfotometrie von Strichspuren
Fotografiert man Sterne in Langzeitaufnahme, ohne die Kamera astronomisch nachzuführen, hinterlassen die Himmelskörper auf dem Bild Strichspuren. Da diese den zeitlichen Verlauf der sichtbaren Helligkeit des betreffenden Sterns widerspiegeln, lässt sich anhand der Spur für jeden Zeitpunkt das sogenannte Seeing, also das Maß der Bildunschärfe durch Luftunruhe, ermitteln. Ole Benstem analysierte entsprechende Himmelsaufnahmen mit einer selbst entwickelten Software. Auf Basis seiner Daten lassen sich Sternfotos digital korrigieren, indem die für jeden Aufnahmezeitpunkt bekannten Störungen durch die Erdatmosphäre passgenau herausgefiltert werden können. Damit lassen sich Helligkeit und Position von Himmelskörpern trotz der unruhigen Lufthülle der Erde noch präziser bestimmen.",https://www.jugend-forscht.de/index.php?id=262&tx_smsjufoprojects_smsjufprojectdb%5Bproject%5D=7321&tx_smsjufoprojects_smsjufprojectdb%5Baction%5D=show&tx_smsjufoprojects_smsjufprojectdb%5Bcontroller%5D=Project&cHash=5e532dd4f3309df57bec43b6c2a471ca,2021,Geo- und Raumwissenschaften,Niedersachsen
2021,Geo- und Raumwissenschaften,2021 | Geo- und Raumwissenschaften | Berlin,Ökologischer Einfluss von Reifenabrieb auf Straßenrandpflanzen,"Lara Melike Ugur, 
									
										Nico Krüger","Lara Melike Ugur (16), BerlinRomain-Rolland-Gymnasium, Berlin
Nico Krüger (16), BerlinRomain-Rolland-Gymnasium, Berlin
Ökologischer Einfluss von Reifenabrieb auf Straßenrandpflanzen
Die größte Quelle von Mikroplastik in der Umwelt ist der Reifenabrieb. Lara Melike Ugur und Nico Krüger wollten wissen, welche Auswirkungen die Partikel auf das Wachstum von Pflanzen haben. In Bechern säten sie vier verschiedene Pflanzenarten sowie eine Blumenmischung an. Sie präparierten jeweils vergleichbare Becher, sowohl mit als auch ohne Beimischung von Reifenabrieb im Boden. Dabei zeigte sich, dass die Pflanzenarten unterschiedlich auf die Kontamination reagieren; solche mit größeren Samen vertrugen den Abrieb besser. Die beiden stellten zudem fest, dass die Pflanzen auf den verschmutzten Böden schneller eingingen und dass der pH-Wert des Bodens durch die Partikel zunahm. Daraus schließen die beiden, dass der Eintrag von Reifenabrieb in den Boden verringert werden muss.",https://www.jugend-forscht.de/index.php?id=262&tx_smsjufoprojects_smsjufprojectdb%5Bproject%5D=7301&tx_smsjufoprojects_smsjufprojectdb%5Baction%5D=show&tx_smsjufoprojects_smsjufprojectdb%5Bcontroller%5D=Project&cHash=60c97d78376465e930d81ea5c872a2b1,2021,Geo- und Raumwissenschaften,Berlin
